2026.05.10 19:43:07 INFO  Started: Metals version 1.6.7 in folders 'C:\Users\mauri\Downloads\Proyecto-Web-ServiGo-main' for client Visual Studio Code 1.119.0.
2026.05.10 19:43:07 INFO  Memory monitor started
2026.05.10 19:43:08 WARN  Using H2 2.4.240 which is newer than the version Flyway has been verified with. The latest verified version of H2 is 2.3.232.
2026.05.10 19:43:08 INFO  no build target found for C:\Users\mauri\Downloads\Proyecto-Web-ServiGo-main\src\test\java\com\ServiGo\servigo\ServigoApplicationTests.java. Using fallback presentation compiler.
2026.05.10 19:43:09 INFO  no build target found for C:\Users\mauri\Downloads\Proyecto-Web-ServiGo-main\src\test\java\com\ServiGo\servigo\ServigoApplicationTests.java. Using fallback presentation compiler.
2026.05.10 19:43:13 INFO  running 'C:\Program Files\Java\jdk-24\bin\java.exe -Dfile.encoding=UTF-8 -Dmaven.multiModuleProjectDirectory=C:\Users\mauri\Downloads\Proyecto-Web-ServiGo-main -Dmaven.home=C:\Users\mauri\AppData\Local\Temp\metals17382478839167929170 -cp C:\Users\mauri\AppData\Local\Temp\metals17382478839167929170\maven-wrapper.jar org.apache.maven.wrapper.MavenWrapperMain generate-sources ch.epfl.scala:bloop-maven-plugin:2.0.3:bloopInstall -DdownloadSources=true'
2026.05.10 19:43:16 ERROR WARNING: A restricted method in java.lang.System has been called
2026.05.10 19:43:16 ERROR WARNING: java.lang.System::load has been called by org.fusesource.jansi.internal.JansiLoader in an unnamed module (file:/C:/Users/mauri/.m2/wrapper/dists/apache-maven-3.9.9-bin/33b4b2b4/apache-maven-3.9.9/lib/jansi-2.4.1.jar)
2026.05.10 19:43:16 ERROR WARNING: Use --enable-native-access=ALL-UNNAMED to avoid a warning for callers in this module
2026.05.10 19:43:16 ERROR WARNING: Restricted methods will be blocked in a future release unless native access is enabled
2026.05.10 19:43:16 ERROR 
2026.05.10 19:43:16 ERROR WARNING: A terminally deprecated method in sun.misc.Unsafe has been called
2026.05.10 19:43:16 ERROR WARNING: sun.misc.Unsafe::objectFieldOffset has been called by com.google.common.util.concurrent.AbstractFuture$UnsafeAtomicHelper (file:/C:/Users/mauri/.m2/wrapper/dists/apache-maven-3.9.9-bin/33b4b2b4/apache-maven-3.9.9/lib/guava-33.2.1-jre.jar)
2026.05.10 19:43:16 ERROR WARNING: Please consider reporting this to the maintainers of class com.google.common.util.concurrent.AbstractFuture$UnsafeAtomicHelper
2026.05.10 19:43:16 ERROR WARNING: sun.misc.Unsafe::objectFieldOffset will be removed in a future release
2026.05.10 19:43:18 INFO  [INFO] Scanning for projects...
2026.05.10 19:43:18 INFO  Downloading from central: https://repo.maven.apache.org/maven2/ch/epfl/scala/bloop-maven-plugin/2.0.3/bloop-maven-plugin-2.0.3.pom
2026.05.10 19:43:18 INFO  Progress (1): 1.1 kB
2026.05.10 19:43:18 INFO  Progress (1): 2.5 kB
2026.05.10 19:43:18 INFO  Progress (1): 5.6 kB
2026.05.10 19:43:18 INFO  Progress (1): 8.0 kB
2026.05.10 19:43:18 INFO                      
2026.05.10 19:43:18 INFO  Downloaded from central: https://repo.maven.apache.org/maven2/ch/epfl/scala/bloop-maven-plugin/2.0.3/bloop-maven-plugin-2.0.3.pom (8.0 kB at 19 kB/s)
2026.05.10 19:43:18 INFO  Downloading from central: https://repo.maven.apache.org/maven2/ch/epfl/scala/bloop-maven-plugin/2.0.3/bloop-maven-plugin-2.0.3.jar
2026.05.10 19:43:19 INFO  Progress (1): 0.9/44 kB
2026.05.10 19:43:19 INFO  Progress (1): 2.3/44 kB
2026.05.10 19:43:19 INFO  Progress (1): 3.6/44 kB
2026.05.10 19:43:19 INFO  Progress (1): 5.0/44 kB
2026.05.10 19:43:19 INFO  Progress (1): 6.4/44 kB
2026.05.10 19:43:19 INFO  Progress (1): 7.7/44 kB
2026.05.10 19:43:19 INFO  Progress (1): 9.1/44 kB
2026.05.10 19:43:19 INFO  Progress (1): 10/44 kB 
2026.05.10 19:43:19 INFO  Progress (1): 12/44 kB
2026.05.10 19:43:19 INFO  Progress (1): 13/44 kB
2026.05.10 19:43:19 INFO  Progress (1): 15/44 kB
2026.05.10 19:43:19 INFO  Progress (1): 16/44 kB
2026.05.10 19:43:19 INFO  Progress (1): 17/44 kB
2026.05.10 19:43:19 INFO  Progress (1): 19/44 kB
2026.05.10 19:43:19 INFO  Progress (1): 20/44 kB
2026.05.10 19:43:19 INFO  Progress (1): 21/44 kB
2026.05.10 19:43:19 INFO  Progress (1): 23/44 kB
2026.05.10 19:43:19 INFO  Progress (1): 24/44 kB
2026.05.10 19:43:19 INFO  Progress (1): 25/44 kB
2026.05.10 19:43:19 INFO  Progress (1): 26/44 kB
2026.05.10 19:43:19 INFO  Progress (1): 27/44 kB
2026.05.10 19:43:19 INFO  Progress (1): 29/44 kB
2026.05.10 19:43:19 INFO  Progress (1): 30/44 kB
2026.05.10 19:43:19 INFO  Progress (1): 31/44 kB
2026.05.10 19:43:19 INFO  Progress (1): 33/44 kB
2026.05.10 19:43:19 INFO  Progress (1): 34/44 kB
2026.05.10 19:43:19 INFO  Progress (1): 36/44 kB
2026.05.10 19:43:19 INFO  Progress (1): 37/44 kB
2026.05.10 19:43:19 INFO  Progress (1): 38/44 kB
2026.05.10 19:43:19 INFO  Progress (1): 40/44 kB
2026.05.10 19:43:19 INFO  Progress (1): 41/44 kB
2026.05.10 19:43:19 INFO  Progress (1): 42/44 kB
2026.05.10 19:43:19 INFO  Progress (1): 44/44 kB
2026.05.10 19:43:19 INFO  Progress (1): 44 kB   
2026.05.10 19:43:19 INFO                     
2026.05.10 19:43:19 INFO  Downloaded from central: https://repo.maven.apache.org/maven2/ch/epfl/scala/bloop-maven-plugin/2.0.3/bloop-maven-plugin-2.0.3.jar (44 kB at 249 kB/s)
2026.05.10 19:43:19 INFO  [INFO] 
2026.05.10 19:43:19 INFO  [INFO] ------------------------< com.ServiGo:servigo >-------------------------
2026.05.10 19:43:19 INFO  [INFO] Building  0.0.1-SNAPSHOT
2026.05.10 19:43:19 INFO  [INFO]   from pom.xml
2026.05.10 19:43:19 INFO  [INFO] --------------------------------[ jar ]---------------------------------
2026.05.10 19:43:19 INFO  [INFO] 
2026.05.10 19:43:19 INFO  [INFO] --- bloop:2.0.3:bloopInstall (default-cli) @ servigo ---
2026.05.10 19:43:19 INFO  Downloading from central: https://repo.maven.apache.org/maven2/org/scala-lang/scala-library/2.13.8/scala-library-2.13.8.pom
2026.05.10 19:43:19 INFO  Progress (1): 1.2 kB
2026.05.10 19:43:19 INFO  Progress (1): 1.6 kB
2026.05.10 19:43:19 INFO                      
2026.05.10 19:43:19 INFO  Downloaded from central: https://repo.maven.apache.org/maven2/org/scala-lang/scala-library/2.13.8/scala-library-2.13.8.pom (1.6 kB at 11 kB/s)
2026.05.10 19:43:19 INFO  Downloading from central: https://repo.maven.apache.org/maven2/ch/epfl/scala/bloop-config_2.13/2.3.3/bloop-config_2.13-2.3.3.pom
2026.05.10 19:43:20 INFO  Progress (1): 1.4 kB
2026.05.10 19:43:20 INFO  Progress (1): 2.3 kB
2026.05.10 19:43:20 INFO                      
2026.05.10 19:43:20 INFO  Downloaded from central: https://repo.maven.apache.org/maven2/ch/epfl/scala/bloop-config_2.13/2.3.3/bloop-config_2.13-2.3.3.pom (2.3 kB at 15 kB/s)
2026.05.10 19:43:20 INFO  Downloading from central: https://repo.maven.apache.org/maven2/com/github/plokhotnyuk/jsoniter-scala/jsoniter-scala-core_2.13/2.13.5.2/jsoniter-scala-core_2.13-2.13.5.2.pom
2026.05.10 19:43:20 INFO  Progress (1): 1.4 kB
2026.05.10 19:43:20 INFO  Progress (1): 2.4 kB
2026.05.10 19:43:20 INFO                      
2026.05.10 19:43:20 INFO  Downloaded from central: https://repo.maven.apache.org/maven2/com/github/plokhotnyuk/jsoniter-scala/jsoniter-scala-core_2.13/2.13.5.2/jsoniter-scala-core_2.13-2.13.5.2.pom (2.4 kB at 14 kB/s)
2026.05.10 19:43:20 INFO  Downloading from central: https://repo.maven.apache.org/maven2/com/lihaoyi/unroll-annotation_2.13/0.1.12/unroll-annotation_2.13-0.1.12.pom
2026.05.10 19:43:20 INFO  Progress (1): 1.3 kB
2026.05.10 19:43:20 INFO  Progress (1): 1.5 kB
2026.05.10 19:43:20 INFO                      
2026.05.10 19:43:20 INFO  Downloaded from central: https://repo.maven.apache.org/maven2/com/lihaoyi/unroll-annotation_2.13/0.1.12/unroll-annotation_2.13-0.1.12.pom (1.5 kB at 11 kB/s)
2026.05.10 19:43:20 INFO  Downloading from central: https://repo.maven.apache.org/maven2/org/scala-lang/scala-library/2.13.12/scala-library-2.13.12.pom
2026.05.10 19:43:20 INFO  Progress (1): 1.2 kB
2026.05.10 19:43:20 INFO  Progress (1): 1.6 kB
2026.05.10 19:43:20 INFO                      
2026.05.10 19:43:20 INFO  Downloaded from central: https://repo.maven.apache.org/maven2/org/scala-lang/scala-library/2.13.12/scala-library-2.13.12.pom (1.6 kB at 9.7 kB/s)
2026.05.10 19:43:20 INFO  Downloading from central: https://repo.maven.apache.org/maven2/org/scala-lang/scala-library/2.13.16/scala-library-2.13.16.pom
2026.05.10 19:43:20 INFO  Progress (1): 1.1 kB
2026.05.10 19:43:20 INFO  Progress (1): 1.6 kB
2026.05.10 19:43:20 INFO                      
2026.05.10 19:43:20 INFO  Downloaded from central: https://repo.maven.apache.org/maven2/org/scala-lang/scala-library/2.13.16/scala-library-2.13.16.pom (1.6 kB at 10 kB/s)
2026.05.10 19:43:20 INFO  Downloading from central: https://repo.maven.apache.org/maven2/net/alchim31/maven/scala-maven-plugin/4.8.0/scala-maven-plugin-4.8.0.pom
2026.05.10 19:43:20 INFO  Progress (1): 995 B
2026.05.10 19:43:20 INFO  Progress (1): 3.5 kB
2026.05.10 19:43:20 INFO  Progress (1): 5.9 kB
2026.05.10 19:43:20 INFO  Progress (1): 11 kB 
2026.05.10 19:43:20 INFO  Progress (1): 14 kB
2026.05.10 19:43:20 INFO  Progress (1): 17 kB
2026.05.10 19:43:20 INFO  Progress (1): 21 kB
2026.05.10 19:43:20 INFO  Progress (1): 24 kB
2026.05.10 19:43:20 INFO  Progress (1): 26 kB
2026.05.10 19:43:20 INFO                     
2026.05.10 19:43:20 INFO  Downloaded from central: https://repo.maven.apache.org/maven2/net/alchim31/maven/scala-maven-plugin/4.8.0/scala-maven-plugin-4.8.0.pom (26 kB at 168 kB/s)
2026.05.10 19:43:20 INFO  Downloading from central: https://repo.maven.apache.org/maven2/org/apache/maven/shared/maven-dependency-tree/3.2.1/maven-dependency-tree-3.2.1.pom
2026.05.10 19:43:21 INFO  Progress (1): 801 B
2026.05.10 19:43:21 INFO  Progress (1): 2.3 kB
2026.05.10 19:43:21 INFO  Progress (1): 3.2 kB
2026.05.10 19:43:21 INFO  Progress (1): 5.3 kB
2026.05.10 19:43:21 INFO  Progress (1): 6.2 kB
2026.05.10 19:43:21 INFO                      
2026.05.10 19:43:21 INFO  Downloaded from central: https://repo.maven.apache.org/maven2/org/apache/maven/shared/maven-dependency-tree/3.2.1/maven-dependency-tree-3.2.1.pom (6.2 kB at 40 kB/s)
2026.05.10 19:43:21 INFO  Downloading from central: https://repo.maven.apache.org/maven2/org/apache/maven/shared/maven-shared-components/37/maven-shared-components-37.pom
2026.05.10 19:43:21 INFO  Progress (1): 781 B
2026.05.10 19:43:21 INFO  Progress (1): 2.3 kB
2026.05.10 19:43:21 INFO  Progress (1): 4.5 kB
2026.05.10 19:43:21 INFO  Progress (1): 4.9 kB
2026.05.10 19:43:21 INFO                      
2026.05.10 19:43:21 INFO  Downloaded from central: https://repo.maven.apache.org/maven2/org/apache/maven/shared/maven-shared-components/37/maven-shared-components-37.pom (4.9 kB at 32 kB/s)
2026.05.10 19:43:21 INFO  Downloading from central: https://repo.maven.apache.org/maven2/org/apache/maven/maven-parent/37/maven-parent-37.pom
2026.05.10 19:43:21 INFO  Progress (1): 721 B
2026.05.10 19:43:21 INFO  Progress (1): 1.9 kB
2026.05.10 19:43:21 INFO  Progress (1): 5.4 kB
2026.05.10 19:43:21 INFO  Progress (1): 9.5 kB
2026.05.10 19:43:21 INFO  Progress (1): 14 kB 
2026.05.10 19:43:21 INFO  Progress (1): 19 kB
2026.05.10 19:43:21 INFO  Progress (1): 23 kB
2026.05.10 19:43:21 INFO  Progress (1): 25 kB
2026.05.10 19:43:21 INFO  Progress (1): 27 kB
2026.05.10 19:43:21 INFO  Progress (1): 28 kB
2026.05.10 19:43:21 INFO  Progress (1): 31 kB
2026.05.10 19:43:21 INFO  Progress (1): 35 kB
2026.05.10 19:43:21 INFO  Progress (1): 38 kB
2026.05.10 19:43:21 INFO  Progress (1): 41 kB
2026.05.10 19:43:21 INFO  Progress (1): 46 kB
2026.05.10 19:43:21 INFO                     
2026.05.10 19:43:21 INFO  Downloaded from central: https://repo.maven.apache.org/maven2/org/apache/maven/maven-parent/37/maven-parent-37.pom (46 kB at 149 kB/s)
2026.05.10 19:43:21 INFO  Downloading from central: https://repo.maven.apache.org/maven2/org/apache/maven/maven-archiver/3.6.0/maven-archiver-3.6.0.pom
2026.05.10 19:43:21 INFO  Progress (1): 796 B
2026.05.10 19:43:21 INFO  Progress (1): 2.2 kB
2026.05.10 19:43:21 INFO  Progress (1): 3.9 kB
2026.05.10 19:43:21 INFO                      
2026.05.10 19:43:21 INFO  Downloaded from central: https://repo.maven.apache.org/maven2/org/apache/maven/maven-archiver/3.6.0/maven-archiver-3.6.0.pom (3.9 kB at 28 kB/s)
2026.05.10 19:43:21 INFO  Downloading from central: https://repo.maven.apache.org/maven2/org/codehaus/plexus/plexus-io/3.4.0/plexus-io-3.4.0.pom
2026.05.10 19:43:22 INFO  Progress (1): 1.2 kB
2026.05.10 19:43:22 INFO  Progress (1): 3.8 kB
2026.05.10 19:43:22 INFO  Progress (1): 6.0 kB
2026.05.10 19:43:22 INFO                      
2026.05.10 19:43:22 INFO  Downloaded from central: https://repo.maven.apache.org/maven2/org/codehaus/plexus/plexus-io/3.4.0/plexus-io-3.4.0.pom (6.0 kB at 11 kB/s)
2026.05.10 19:43:22 INFO  Downloading from central: https://repo.maven.apache.org/maven2/org/codehaus/plexus/plexus-archiver/4.4.0/plexus-archiver-4.4.0.pom
2026.05.10 19:43:22 INFO  Progress (1): 1.2 kB
2026.05.10 19:43:22 INFO  Progress (1): 4.0 kB
2026.05.10 19:43:22 INFO  Progress (1): 6.2 kB
2026.05.10 19:43:22 INFO  Progress (1): 6.3 kB
2026.05.10 19:43:22 INFO                      
2026.05.10 19:43:22 INFO  Downloaded from central: https://repo.maven.apache.org/maven2/org/codehaus/plexus/plexus-archiver/4.4.0/plexus-archiver-4.4.0.pom (6.3 kB at 30 kB/s)
2026.05.10 19:43:22 INFO  Downloading from central: https://repo.maven.apache.org/maven2/org/codehaus/plexus/plexus-archiver/4.6.0/plexus-archiver-4.6.0.pom
2026.05.10 19:43:22 INFO  Progress (1): 1.2 kB
2026.05.10 19:43:22 INFO  Progress (1): 4.1 kB
2026.05.10 19:43:22 INFO  Progress (1): 6.3 kB
2026.05.10 19:43:22 INFO  Progress (1): 6.5 kB
2026.05.10 19:43:22 INFO                      
2026.05.10 19:43:22 INFO  Downloaded from central: https://repo.maven.apache.org/maven2/org/codehaus/plexus/plexus-archiver/4.6.0/plexus-archiver-4.6.0.pom (6.5 kB at 17 kB/s)
2026.05.10 19:43:22 INFO  Downloading from central: https://repo.maven.apache.org/maven2/com/github/luben/zstd-jni/1.5.2-5/zstd-jni-1.5.2-5.pom
2026.05.10 19:43:22 INFO  Progress (1): 1.1 kB
2026.05.10 19:43:22 INFO  Progress (1): 1.9 kB
2026.05.10 19:43:22 INFO                      
2026.05.10 19:43:22 INFO  Downloaded from central: https://repo.maven.apache.org/maven2/com/github/luben/zstd-jni/1.5.2-5/zstd-jni-1.5.2-5.pom (1.9 kB at 12 kB/s)
2026.05.10 19:43:22 INFO  Downloading from central: https://repo.maven.apache.org/maven2/org/codehaus/plexus/plexus-classworlds/2.7.0/plexus-classworlds-2.7.0.pom
2026.05.10 19:43:24 INFO  Progress (1): 915 B
2026.05.10 19:43:24 INFO  Progress (1): 2.5 kB
2026.05.10 19:43:24 INFO  Progress (1): 5.7 kB
2026.05.10 19:43:24 INFO  Progress (1): 7.6 kB
2026.05.10 19:43:24 INFO                      
2026.05.10 19:43:24 INFO  Downloaded from central: https://repo.maven.apache.org/maven2/org/codehaus/plexus/plexus-classworlds/2.7.0/plexus-classworlds-2.7.0.pom (7.6 kB at 19 kB/s)
2026.05.10 19:43:24 INFO  Downloading from central: https://repo.maven.apache.org/maven2/org/scala-sbt/zinc_2.13/1.8.0/zinc_2.13-1.8.0.pom
2026.05.10 19:43:24 INFO  Progress (1): 1.3 kB
2026.05.10 19:43:24 INFO  Progress (1): 4.1 kB
2026.05.10 19:43:24 INFO                      
2026.05.10 19:43:24 INFO  Downloaded from central: https://repo.maven.apache.org/maven2/org/scala-sbt/zinc_2.13/1.8.0/zinc_2.13-1.8.0.pom (4.1 kB at 21 kB/s)
2026.05.10 19:43:24 INFO  Downloading from central: https://repo.maven.apache.org/maven2/org/scala-sbt/zinc-core_2.13/1.8.0/zinc-core_2.13-1.8.0.pom
2026.05.10 19:43:24 INFO  Progress (1): 1.3 kB
2026.05.10 19:43:24 INFO  Progress (1): 5.3 kB
2026.05.10 19:43:24 INFO                      
2026.05.10 19:43:24 INFO  Downloaded from central: https://repo.maven.apache.org/maven2/org/scala-sbt/zinc-core_2.13/1.8.0/zinc-core_2.13-1.8.0.pom (5.3 kB at 11 kB/s)
2026.05.10 19:43:24 INFO  Downloading from central: https://repo.maven.apache.org/maven2/org/scala-sbt/zinc-compile-core_2.13/1.8.0/zinc-compile-core_2.13-1.8.0.pom
2026.05.10 19:43:24 INFO  Progress (1): 1.2 kB
2026.05.10 19:43:24 INFO  Progress (1): 5.5 kB
2026.05.10 19:43:24 INFO                      
2026.05.10 19:43:24 INFO  Downloaded from central: https://repo.maven.apache.org/maven2/org/scala-sbt/zinc-compile-core_2.13/1.8.0/zinc-compile-core_2.13-1.8.0.pom (5.5 kB at 51 kB/s)
2026.05.10 19:43:24 INFO  Downloading from central: https://repo.maven.apache.org/maven2/org/scala-sbt/compiler-interface/1.8.0/compiler-interface-1.8.0.pom
2026.05.10 19:43:24 INFO  Progress (1): 1.3 kB
2026.05.10 19:43:24 INFO  Progress (1): 3.0 kB
2026.05.10 19:43:24 INFO                      
2026.05.10 19:43:24 INFO  Downloaded from central: https://repo.maven.apache.org/maven2/org/scala-sbt/compiler-interface/1.8.0/compiler-interface-1.8.0.pom (3.0 kB at 29 kB/s)
2026.05.10 19:43:24 INFO  Downloading from central: https://repo.maven.apache.org/maven2/org/scala-sbt/util-interface/1.8.0/util-interface-1.8.0.pom
2026.05.10 19:43:25 INFO  Progress (1): 1.3 kB
2026.05.10 19:43:25 INFO  Progress (1): 2.6 kB
2026.05.10 19:43:25 INFO                      
2026.05.10 19:43:25 INFO  Downloaded from central: https://repo.maven.apache.org/maven2/org/scala-sbt/util-interface/1.8.0/util-interface-1.8.0.pom (2.6 kB at 21 kB/s)
2026.05.10 19:43:25 INFO  Downloading from central: https://repo.maven.apache.org/maven2/org/scala-sbt/zinc-classpath_2.13/1.8.0/zinc-classpath_2.13-1.8.0.pom
2026.05.10 19:43:25 INFO  Progress (1): 1.3 kB
2026.05.10 19:43:25 INFO  Progress (1): 3.9 kB
2026.05.10 19:43:25 INFO                      
2026.05.10 19:43:25 INFO  Downloaded from central: https://repo.maven.apache.org/maven2/org/scala-sbt/zinc-classpath_2.13/1.8.0/zinc-classpath_2.13-1.8.0.pom (3.9 kB at 29 kB/s)
2026.05.10 19:43:25 INFO  Downloading from central: https://repo.maven.apache.org/maven2/org/scala-lang/scala-compiler/2.13.8/scala-compiler-2.13.8.pom
2026.05.10 19:43:25 INFO  Progress (1): 1.2 kB
2026.05.10 19:43:25 INFO  Progress (1): 2.3 kB
2026.05.10 19:43:25 INFO                      
2026.05.10 19:43:25 INFO  Downloaded from central: https://repo.maven.apache.org/maven2/org/scala-lang/scala-compiler/2.13.8/scala-compiler-2.13.8.pom (2.3 kB at 21 kB/s)
2026.05.10 19:43:25 INFO  Downloading from central: https://repo.maven.apache.org/maven2/org/scala-lang/scala-reflect/2.13.8/scala-reflect-2.13.8.pom
2026.05.10 19:43:25 INFO  Progress (1): 1.2 kB
2026.05.10 19:43:25 INFO  Progress (1): 1.8 kB
2026.05.10 19:43:25 INFO                      
2026.05.10 19:43:25 INFO  Downloaded from central: https://repo.maven.apache.org/maven2/org/scala-lang/scala-reflect/2.13.8/scala-reflect-2.13.8.pom (1.8 kB at 18 kB/s)
2026.05.10 19:43:25 INFO  Downloading from central: https://repo.maven.apache.org/maven2/net/java/dev/jna/jna/5.9.0/jna-5.9.0.pom
2026.05.10 19:43:25 INFO  Progress (1): 1.4 kB
2026.05.10 19:43:25 INFO  Progress (1): 2.0 kB
2026.05.10 19:43:25 INFO                      
2026.05.10 19:43:25 INFO  Downloaded from central: https://repo.maven.apache.org/maven2/net/java/dev/jna/jna/5.9.0/jna-5.9.0.pom (2.0 kB at 23 kB/s)
2026.05.10 19:43:25 INFO  Downloading from central: https://repo.maven.apache.org/maven2/org/scala-sbt/io_2.13/1.8.0/io_2.13-1.8.0.pom
2026.05.10 19:43:25 INFO  Progress (1): 1.4 kB
2026.05.10 19:43:25 INFO  Progress (1): 3.3 kB
2026.05.10 19:43:25 INFO                      
2026.05.10 19:43:25 INFO  Downloaded from central: https://repo.maven.apache.org/maven2/org/scala-sbt/io_2.13/1.8.0/io_2.13-1.8.0.pom (3.3 kB at 20 kB/s)
2026.05.10 19:43:25 INFO  Downloading from central: https://repo.maven.apache.org/maven2/com/swoval/file-tree-views/2.1.9/file-tree-views-2.1.9.pom
2026.05.10 19:43:25 INFO  Progress (1): 1.4 kB
2026.05.10 19:43:25 INFO  Progress (1): 1.7 kB
2026.05.10 19:43:25 INFO                      
2026.05.10 19:43:25 INFO  Downloaded from central: https://repo.maven.apache.org/maven2/com/swoval/file-tree-views/2.1.9/file-tree-views-2.1.9.pom (1.7 kB at 11 kB/s)
2026.05.10 19:43:25 INFO  Downloading from central: https://repo.maven.apache.org/maven2/net/java/dev/jna/jna/5.12.0/jna-5.12.0.pom
2026.05.10 19:43:26 INFO  Progress (1): 1.4 kB
2026.05.10 19:43:26 INFO  Progress (1): 2.0 kB
2026.05.10 19:43:26 INFO                      
2026.05.10 19:43:26 INFO  Downloaded from central: https://repo.maven.apache.org/maven2/net/java/dev/jna/jna/5.12.0/jna-5.12.0.pom (2.0 kB at 11 kB/s)
2026.05.10 19:43:26 INFO  Downloading from central: https://repo.maven.apache.org/maven2/net/java/dev/jna/jna-platform/5.12.0/jna-platform-5.12.0.pom
2026.05.10 19:43:26 INFO  Progress (1): 1.3 kB
2026.05.10 19:43:26 INFO  Progress (1): 2.3 kB
2026.05.10 19:43:26 INFO                      
2026.05.10 19:43:26 INFO  Downloaded from central: https://repo.maven.apache.org/maven2/net/java/dev/jna/jna-platform/5.12.0/jna-platform-5.12.0.pom (2.3 kB at 11 kB/s)
2026.05.10 19:43:26 INFO  Downloading from central: https://repo.maven.apache.org/maven2/org/scala-sbt/zinc-apiinfo_2.13/1.8.0/zinc-apiinfo_2.13-1.8.0.pom
2026.05.10 19:43:26 INFO  Progress (1): 1.3 kB
2026.05.10 19:43:26 INFO  Progress (1): 3.8 kB
2026.05.10 19:43:26 INFO                      
2026.05.10 19:43:26 INFO  Downloaded from central: https://repo.maven.apache.org/maven2/org/scala-sbt/zinc-apiinfo_2.13/1.8.0/zinc-apiinfo_2.13-1.8.0.pom (3.8 kB at 21 kB/s)
2026.05.10 19:43:26 INFO  Downloading from central: https://repo.maven.apache.org/maven2/org/scala-sbt/compiler-bridge_2.13/1.8.0/compiler-bridge_2.13-1.8.0.pom
2026.05.10 19:43:26 INFO  Progress (1): 1.3 kB
2026.05.10 19:43:26 INFO  Progress (1): 2.8 kB
2026.05.10 19:43:26 INFO                      
2026.05.10 19:43:26 INFO  Downloaded from central: https://repo.maven.apache.org/maven2/org/scala-sbt/compiler-bridge_2.13/1.8.0/compiler-bridge_2.13-1.8.0.pom (2.8 kB at 19 kB/s)
2026.05.10 19:43:26 INFO  Downloading from central: https://repo.maven.apache.org/maven2/org/scala-sbt/zinc-classfile_2.13/1.8.0/zinc-classfile_2.13-1.8.0.pom
2026.05.10 19:43:26 INFO  Progress (1): 1.3 kB
2026.05.10 19:43:26 INFO  Progress (1): 4.0 kB
2026.05.10 19:43:26 INFO                      
2026.05.10 19:43:26 INFO  Downloaded from central: https://repo.maven.apache.org/maven2/org/scala-sbt/zinc-classfile_2.13/1.8.0/zinc-classfile_2.13-1.8.0.pom (4.0 kB at 25 kB/s)
2026.05.10 19:43:26 INFO  Downloading from central: https://repo.maven.apache.org/maven2/org/scala-sbt/util-logging_2.13/1.8.0/util-logging_2.13-1.8.0.pom
2026.05.10 19:43:26 INFO  Progress (1): 1.2 kB
2026.05.10 19:43:26 INFO  Progress (1): 5.6 kB
2026.05.10 19:43:26 INFO  Progress (1): 5.7 kB
2026.05.10 19:43:26 INFO                      
2026.05.10 19:43:26 INFO  Downloaded from central: https://repo.maven.apache.org/maven2/org/scala-sbt/util-logging_2.13/1.8.0/util-logging_2.13-1.8.0.pom (5.7 kB at 36 kB/s)
2026.05.10 19:43:26 INFO  Downloading from central: https://repo.maven.apache.org/maven2/org/scala-sbt/collections_2.13/1.8.0/collections_2.13-1.8.0.pom
2026.05.10 19:43:27 INFO  Progress (1): 1.3 kB
2026.05.10 19:43:27 INFO  Progress (1): 4.4 kB
2026.05.10 19:43:27 INFO                      
2026.05.10 19:43:27 INFO  Downloaded from central: https://repo.maven.apache.org/maven2/org/scala-sbt/collections_2.13/1.8.0/collections_2.13-1.8.0.pom (4.4 kB at 30 kB/s)
2026.05.10 19:43:27 INFO  Downloading from central: https://repo.maven.apache.org/maven2/org/scala-sbt/util-position_2.13/1.8.0/util-position_2.13-1.8.0.pom
2026.05.10 19:43:27 INFO  Progress (1): 1.3 kB
2026.05.10 19:43:27 INFO  Progress (1): 3.2 kB
2026.05.10 19:43:27 INFO                      
2026.05.10 19:43:27 INFO  Downloaded from central: https://repo.maven.apache.org/maven2/org/scala-sbt/util-position_2.13/1.8.0/util-position_2.13-1.8.0.pom (3.2 kB at 19 kB/s)
2026.05.10 19:43:27 INFO  Downloading from central: https://repo.maven.apache.org/maven2/org/scala-lang/modules/scala-parallel-collections_2.13/0.2.0/scala-parallel-collections_2.13-0.2.0.pom
2026.05.10 19:43:27 INFO  Progress (1): 1.4 kB
2026.05.10 19:43:27 INFO  Progress (1): 1.8 kB
2026.05.10 19:43:27 INFO                      
2026.05.10 19:43:27 INFO  Downloaded from central: https://repo.maven.apache.org/maven2/org/scala-lang/modules/scala-parallel-collections_2.13/0.2.0/scala-parallel-collections_2.13-0.2.0.pom (1.8 kB at 10 kB/s)
2026.05.10 19:43:27 INFO  Downloading from central: https://repo.maven.apache.org/maven2/org/scala-lang/scala-library/2.13.0/scala-library-2.13.0.pom
2026.05.10 19:43:27 INFO  Progress (1): 1.2 kB
2026.05.10 19:43:27 INFO  Progress (1): 1.6 kB
2026.05.10 19:43:27 INFO                      
2026.05.10 19:43:27 INFO  Downloaded from central: https://repo.maven.apache.org/maven2/org/scala-lang/scala-library/2.13.0/scala-library-2.13.0.pom (1.6 kB at 11 kB/s)
2026.05.10 19:43:27 INFO  Downloading from central: https://repo.maven.apache.org/maven2/org/scala-sbt/core-macros_2.13/1.8.0/core-macros_2.13-1.8.0.pom
2026.05.10 19:43:27 INFO  Progress (1): 1.3 kB
2026.05.10 19:43:27 INFO  Progress (1): 3.1 kB
2026.05.10 19:43:27 INFO                      
2026.05.10 19:43:27 INFO  Downloaded from central: https://repo.maven.apache.org/maven2/org/scala-sbt/core-macros_2.13/1.8.0/core-macros_2.13-1.8.0.pom (3.1 kB at 20 kB/s)
2026.05.10 19:43:27 INFO  Downloading from central: https://repo.maven.apache.org/maven2/org/jline/jline-terminal/3.19.0/jline-terminal-3.19.0.pom
2026.05.10 19:43:27 INFO  Progress (1): 1.2 kB
2026.05.10 19:43:27 INFO  Progress (1): 1.3 kB
2026.05.10 19:43:27 INFO                      
2026.05.10 19:43:27 INFO  Downloaded from central: https://repo.maven.apache.org/maven2/org/jline/jline-terminal/3.19.0/jline-terminal-3.19.0.pom (1.3 kB at 6.9 kB/s)
2026.05.10 19:43:27 INFO  Downloading from central: https://repo.maven.apache.org/maven2/org/jline/jline-parent/3.19.0/jline-parent-3.19.0.pom
2026.05.10 19:43:28 INFO  Progress (1): 930 B
2026.05.10 19:43:28 INFO  Progress (1): 2.9 kB
2026.05.10 19:43:28 INFO  Progress (1): 8.3 kB
2026.05.10 19:43:28 INFO  Progress (1): 13 kB 
2026.05.10 19:43:28 INFO  Progress (1): 16 kB
2026.05.10 19:43:28 INFO  Progress (1): 20 kB
2026.05.10 19:43:28 INFO  Progress (1): 24 kB
2026.05.10 19:43:28 INFO                     
2026.05.10 19:43:28 INFO  Downloaded from central: https://repo.maven.apache.org/maven2/org/jline/jline-parent/3.19.0/jline-parent-3.19.0.pom (24 kB at 104 kB/s)
2026.05.10 19:43:28 INFO  Downloading from central: https://repo.maven.apache.org/maven2/org/scala-lang/modules/scala-parser-combinators_2.13/1.1.2/scala-parser-combinators_2.13-1.1.2.pom
2026.05.10 19:43:28 INFO  Progress (1): 1.4 kB
2026.05.10 19:43:28 INFO  Progress (1): 2.2 kB
2026.05.10 19:43:28 INFO                      
2026.05.10 19:43:28 INFO  Downloaded from central: https://repo.maven.apache.org/maven2/org/scala-lang/modules/scala-parser-combinators_2.13/1.1.2/scala-parser-combinators_2.13-1.1.2.pom (2.2 kB at 13 kB/s)
2026.05.10 19:43:28 INFO  Downloading from central: https://repo.maven.apache.org/maven2/net/openhft/zero-allocation-hashing/0.10.1/zero-allocation-hashing-0.10.1.pom
2026.05.10 19:43:28 INFO  Progress (1): 786 B
2026.05.10 19:43:28 INFO  Progress (1): 2.5 kB
2026.05.10 19:43:28 INFO  Progress (1): 6.3 kB
2026.05.10 19:43:28 INFO  Progress (1): 8.1 kB
2026.05.10 19:43:28 INFO                      
2026.05.10 19:43:28 INFO  Downloaded from central: https://repo.maven.apache.org/maven2/net/openhft/zero-allocation-hashing/0.10.1/zero-allocation-hashing-0.10.1.pom (8.1 kB at 48 kB/s)
2026.05.10 19:43:28 INFO  Downloading from central: https://repo.maven.apache.org/maven2/net/openhft/root-parent-pom/1.1.13/root-parent-pom-1.1.13.pom
2026.05.10 19:43:28 INFO  Progress (1): 788 B
2026.05.10 19:43:28 INFO  Progress (1): 3.4 kB
2026.05.10 19:43:28 INFO  Progress (1): 7.4 kB
2026.05.10 19:43:28 INFO  Progress (1): 9.8 kB
2026.05.10 19:43:28 INFO                      
2026.05.10 19:43:28 INFO  Downloaded from central: https://repo.maven.apache.org/maven2/net/openhft/root-parent-pom/1.1.13/root-parent-pom-1.1.13.pom (9.8 kB at 60 kB/s)
2026.05.10 19:43:28 INFO  Downloading from central: https://repo.maven.apache.org/maven2/org/scala-sbt/util-control_2.13/1.8.0/util-control_2.13-1.8.0.pom
2026.05.10 19:43:28 INFO  Progress (1): 1.3 kB
2026.05.10 19:43:28 INFO  Progress (1): 2.8 kB
2026.05.10 19:43:28 INFO                      
2026.05.10 19:43:28 INFO  Downloaded from central: https://repo.maven.apache.org/maven2/org/scala-sbt/util-control_2.13/1.8.0/util-control_2.13-1.8.0.pom (2.8 kB at 21 kB/s)
2026.05.10 19:43:28 INFO  Downloading from central: https://repo.maven.apache.org/maven2/org/scala-sbt/zinc-persist-core-assembly/1.8.0/zinc-persist-core-assembly-1.8.0.pom
2026.05.10 19:43:28 INFO  Progress (1): 1.3 kB
2026.05.10 19:43:28 INFO  Progress (1): 2.4 kB
2026.05.10 19:43:28 INFO                      
2026.05.10 19:43:28 INFO  Downloaded from central: https://repo.maven.apache.org/maven2/org/scala-sbt/zinc-persist-core-assembly/1.8.0/zinc-persist-core-assembly-1.8.0.pom (2.4 kB at 17 kB/s)
2026.05.10 19:43:28 INFO  Downloading from central: https://repo.maven.apache.org/maven2/org/scala-sbt/util-relation_2.13/1.8.0/util-relation_2.13-1.8.0.pom
2026.05.10 19:43:29 INFO  Progress (1): 1.3 kB
2026.05.10 19:43:29 INFO  Progress (1): 3.0 kB
2026.05.10 19:43:29 INFO                      
2026.05.10 19:43:29 INFO  Downloaded from central: https://repo.maven.apache.org/maven2/org/scala-sbt/util-relation_2.13/1.8.0/util-relation_2.13-1.8.0.pom (3.0 kB at 18 kB/s)
2026.05.10 19:43:29 INFO  Downloading from central: https://repo.maven.apache.org/maven2/org/scala-sbt/zinc-persist_2.13/1.8.0/zinc-persist_2.13-1.8.0.pom
2026.05.10 19:43:29 INFO  Progress (1): 1.3 kB
2026.05.10 19:43:29 INFO  Progress (1): 4.3 kB
2026.05.10 19:43:29 INFO                      
2026.05.10 19:43:29 INFO  Downloaded from central: https://repo.maven.apache.org/maven2/org/scala-sbt/zinc-persist_2.13/1.8.0/zinc-persist_2.13-1.8.0.pom (4.3 kB at 8.6 kB/s)
2026.05.10 19:43:29 INFO  Downloading from central: https://repo.maven.apache.org/maven2/org/scala-lang/scala-library/2.13.8/scala-library-2.13.8.jar
2026.05.10 19:43:29 INFO  Progress (1): 0/6.0 MB
2026.05.10 19:43:29 INFO  Progress (1): 0/6.0 MB
2026.05.10 19:43:29 INFO  Progress (1): 0/6.0 MB
2026.05.10 19:43:29 INFO  Progress (1): 0/6.0 MB
2026.05.10 19:43:29 INFO  Progress (1): 0.1/6.0 MB
2026.05.10 19:43:29 INFO  Progress (1): 0.1/6.0 MB
2026.05.10 19:43:29 INFO  Progress (1): 0.1/6.0 MB
2026.05.10 19:43:29 INFO  Progress (1): 0.1/6.0 MB
2026.05.10 19:43:29 INFO  Progress (1): 0.1/6.0 MB
2026.05.10 19:43:29 INFO  Progress (1): 0.1/6.0 MB
2026.05.10 19:43:29 INFO  Progress (1): 0.2/6.0 MB
2026.05.10 19:43:29 INFO  Progress (1): 0.2/6.0 MB
2026.05.10 19:43:30 INFO  Progress (1): 0.2/6.0 MB
2026.05.10 19:43:30 INFO  Progress (1): 0.2/6.0 MB
2026.05.10 19:43:30 INFO  Progress (1): 0.2/6.0 MB
2026.05.10 19:43:30 INFO  Progress (1): 0.2/6.0 MB
2026.05.10 19:43:30 INFO  Progress (1): 0.3/6.0 MB
2026.05.10 19:43:30 INFO  Progress (1): 0.3/6.0 MB
2026.05.10 19:43:30 INFO  Progress (1): 0.3/6.0 MB
2026.05.10 19:43:30 INFO  Progress (1): 0.3/6.0 MB
2026.05.10 19:43:30 INFO  Progress (1): 0.3/6.0 MB
2026.05.10 19:43:30 INFO  Progress (1): 0.3/6.0 MB
2026.05.10 19:43:30 INFO  Progress (1): 0.4/6.0 MB
2026.05.10 19:43:30 INFO  Progress (1): 0.4/6.0 MB
2026.05.10 19:43:30 INFO  Progress (1): 0.4/6.0 MB
2026.05.10 19:43:30 INFO  Progress (1): 0.4/6.0 MB
2026.05.10 19:43:30 INFO  Progress (1): 0.4/6.0 MB
2026.05.10 19:43:30 INFO  Progress (1): 0.4/6.0 MB
2026.05.10 19:43:30 INFO  Progress (1): 0.5/6.0 MB
2026.05.10 19:43:30 INFO  Progress (1): 0.5/6.0 MB
2026.05.10 19:43:30 INFO  Progress (1): 0.5/6.0 MB
2026.05.10 19:43:30 INFO  Progress (1): 0.5/6.0 MB
2026.05.10 19:43:30 INFO  Progress (1): 0.5/6.0 MB
2026.05.10 19:43:30 INFO  Progress (1): 0.5/6.0 MB
2026.05.10 19:43:30 INFO  Progress (1): 0.6/6.0 MB
2026.05.10 19:43:30 INFO  Progress (1): 0.6/6.0 MB
2026.05.10 19:43:30 INFO  Progress (1): 0.6/6.0 MB
2026.05.10 19:43:30 INFO  Progress (1): 0.6/6.0 MB
2026.05.10 19:43:30 INFO  Progress (1): 0.6/6.0 MB
2026.05.10 19:43:30 INFO  Progress (1): 0.6/6.0 MB
2026.05.10 19:43:30 INFO  Progress (1): 0.7/6.0 MB
2026.05.10 19:43:30 INFO  Progress (1): 0.7/6.0 MB
2026.05.10 19:43:30 INFO  Progress (1): 0.7/6.0 MB
2026.05.10 19:43:30 INFO  Progress (1): 0.7/6.0 MB
2026.05.10 19:43:30 INFO  Progress (1): 0.7/6.0 MB
2026.05.10 19:43:30 INFO  Progress (1): 0.7/6.0 MB
2026.05.10 19:43:30 INFO  Progress (1): 0.7/6.0 MB
2026.05.10 19:43:30 INFO  Progress (1): 0.8/6.0 MB
2026.05.10 19:43:30 INFO  Progress (1): 0.8/6.0 MB
2026.05.10 19:43:30 INFO  Progress (1): 0.8/6.0 MB
2026.05.10 19:43:30 INFO  Progress (1): 0.8/6.0 MB
2026.05.10 19:43:30 INFO  Progress (1): 0.8/6.0 MB
2026.05.10 19:43:30 INFO  Progress (1): 0.8/6.0 MB
2026.05.10 19:43:30 INFO  Progress (1): 0.9/6.0 MB
2026.05.10 19:43:30 INFO  Progress (1): 0.9/6.0 MB
2026.05.10 19:43:30 INFO  Progress (1): 0.9/6.0 MB
2026.05.10 19:43:30 INFO  Progress (1): 0.9/6.0 MB
2026.05.10 19:43:30 INFO  Progress (1): 0.9/6.0 MB
2026.05.10 19:43:30 INFO  Progress (1): 0.9/6.0 MB
2026.05.10 19:43:30 INFO  Progress (1): 1.0/6.0 MB
2026.05.10 19:43:30 INFO  Progress (1): 1.0/6.0 MB
2026.05.10 19:43:30 INFO  Progress (1): 1.0/6.0 MB
2026.05.10 19:43:30 INFO  Progress (1): 1.0/6.0 MB
2026.05.10 19:43:30 INFO  Progress (1): 1.0/6.0 MB
2026.05.10 19:43:30 INFO  Progress (1): 1.0/6.0 MB
2026.05.10 19:43:30 INFO  Progress (1): 1.1/6.0 MB
2026.05.10 19:43:30 INFO  Progress (1): 1.1/6.0 MB
2026.05.10 19:43:30 INFO  Progress (1): 1.1/6.0 MB
2026.05.10 19:43:30 INFO  Progress (1): 1.1/6.0 MB
2026.05.10 19:43:30 INFO  Progress (1): 1.1/6.0 MB
2026.05.10 19:43:30 INFO  Progress (1): 1.1/6.0 MB
2026.05.10 19:43:30 INFO  Progress (1): 1.2/6.0 MB
2026.05.10 19:43:30 INFO  Progress (1): 1.2/6.0 MB
2026.05.10 19:43:30 INFO  Progress (1): 1.2/6.0 MB
2026.05.10 19:43:30 INFO  Progress (1): 1.2/6.0 MB
2026.05.10 19:43:30 INFO  Progress (1): 1.2/6.0 MB
2026.05.10 19:43:30 INFO  Progress (1): 1.2/6.0 MB
2026.05.10 19:43:30 INFO  Progress (1): 1.3/6.0 MB
2026.05.10 19:43:30 INFO  Progress (1): 1.3/6.0 MB
2026.05.10 19:43:30 INFO  Progress (1): 1.3/6.0 MB
2026.05.10 19:43:30 INFO  Progress (1): 1.3/6.0 MB
2026.05.10 19:43:30 INFO  Progress (1): 1.3/6.0 MB
2026.05.10 19:43:30 INFO  Progress (1): 1.3/6.0 MB
2026.05.10 19:43:30 INFO  Progress (1): 1.3/6.0 MB
2026.05.10 19:43:30 INFO  Progress (1): 1.4/6.0 MB
2026.05.10 19:43:30 INFO  Progress (1): 1.4/6.0 MB
2026.05.10 19:43:30 INFO  Progress (1): 1.4/6.0 MB
2026.05.10 19:43:30 INFO  Progress (1): 1.4/6.0 MB
2026.05.10 19:43:30 INFO  Progress (1): 1.4/6.0 MB
2026.05.10 19:43:30 INFO  Progress (1): 1.4/6.0 MB
2026.05.10 19:43:30 INFO  Progress (1): 1.5/6.0 MB
2026.05.10 19:43:30 INFO  Progress (1): 1.5/6.0 MB
2026.05.10 19:43:30 INFO  Progress (1): 1.5/6.0 MB
2026.05.10 19:43:30 INFO  Progress (1): 1.5/6.0 MB
2026.05.10 19:43:30 INFO  Progress (1): 1.5/6.0 MB
2026.05.10 19:43:30 INFO  Progress (1): 1.5/6.0 MB
2026.05.10 19:43:30 INFO  Progress (1): 1.6/6.0 MB
2026.05.10 19:43:30 INFO  Progress (1): 1.6/6.0 MB
2026.05.10 19:43:30 INFO  Progress (1): 1.6/6.0 MB
2026.05.10 19:43:30 INFO  Progress (1): 1.6/6.0 MB
2026.05.10 19:43:30 INFO  Progress (1): 1.6/6.0 MB
2026.05.10 19:43:30 INFO  Progress (1): 1.6/6.0 MB
2026.05.10 19:43:30 INFO  Progress (1): 1.7/6.0 MB
2026.05.10 19:43:30 INFO  Progress (1): 1.7/6.0 MB
2026.05.10 19:43:30 INFO  Progress (1): 1.7/6.0 MB
2026.05.10 19:43:30 INFO  Progress (1): 1.7/6.0 MB
2026.05.10 19:43:30 INFO  Progress (1): 1.7/6.0 MB
2026.05.10 19:43:30 INFO  Progress (1): 1.7/6.0 MB
2026.05.10 19:43:30 INFO  Progress (1): 1.8/6.0 MB
2026.05.10 19:43:30 INFO  Progress (1): 1.8/6.0 MB
2026.05.10 19:43:30 INFO  Progress (1): 1.8/6.0 MB
2026.05.10 19:43:30 INFO  Progress (1): 1.8/6.0 MB
2026.05.10 19:43:30 INFO  Progress (1): 1.8/6.0 MB
2026.05.10 19:43:30 INFO  Progress (1): 1.8/6.0 MB
2026.05.10 19:43:30 INFO  Progress (1): 1.9/6.0 MB
2026.05.10 19:43:30 INFO  Progress (1): 1.9/6.0 MB
2026.05.10 19:43:30 INFO  Progress (1): 1.9/6.0 MB
2026.05.10 19:43:30 INFO  Progress (1): 1.9/6.0 MB
2026.05.10 19:43:30 INFO  Progress (1): 1.9/6.0 MB
2026.05.10 19:43:30 INFO  Progress (1): 1.9/6.0 MB
2026.05.10 19:43:30 INFO  Progress (1): 2.0/6.0 MB
2026.05.10 19:43:30 INFO  Progress (1): 2.0/6.0 MB
2026.05.10 19:43:30 INFO  Progress (1): 2.0/6.0 MB
2026.05.10 19:43:30 INFO  Progress (1): 2.0/6.0 MB
2026.05.10 19:43:30 INFO  Progress (1): 2.0/6.0 MB
2026.05.10 19:43:30 INFO  Progress (1): 2.0/6.0 MB
2026.05.10 19:43:30 INFO  Progress (1): 2.1/6.0 MB
2026.05.10 19:43:30 INFO  Progress (1): 2.1/6.0 MB
2026.05.10 19:43:30 INFO  Progress (1): 2.1/6.0 MB
2026.05.10 19:43:30 INFO  Progress (1): 2.1/6.0 MB
2026.05.10 19:43:30 INFO  Progress (1): 2.1/6.0 MB
2026.05.10 19:43:30 INFO  Progress (1): 2.1/6.0 MB
2026.05.10 19:43:30 INFO  Progress (1): 2.2/6.0 MB
2026.05.10 19:43:30 INFO  Progress (1): 2.2/6.0 MB
2026.05.10 19:43:30 INFO  Progress (1): 2.2/6.0 MB
2026.05.10 19:43:30 INFO  Progress (1): 2.2/6.0 MB
2026.05.10 19:43:30 INFO  Progress (1): 2.2/6.0 MB
2026.05.10 19:43:30 INFO  Progress (1): 2.2/6.0 MB
2026.05.10 19:43:30 INFO  Progress (1): 2.3/6.0 MB
2026.05.10 19:43:30 INFO  Progress (1): 2.3/6.0 MB
2026.05.10 19:43:30 INFO  Progress (1): 2.3/6.0 MB
2026.05.10 19:43:30 INFO  Progress (1): 2.3/6.0 MB
2026.05.10 19:43:30 INFO  Progress (1): 2.3/6.0 MB
2026.05.10 19:43:30 INFO  Progress (1): 2.3/6.0 MB
2026.05.10 19:43:30 INFO  Progress (1): 2.3/6.0 MB
2026.05.10 19:43:30 INFO  Progress (1): 2.4/6.0 MB
2026.05.10 19:43:30 INFO  Progress (1): 2.4/6.0 MB
2026.05.10 19:43:30 INFO  Progress (1): 2.4/6.0 MB
2026.05.10 19:43:30 INFO  Progress (1): 2.4/6.0 MB
2026.05.10 19:43:30 INFO  Progress (1): 2.4/6.0 MB
2026.05.10 19:43:30 INFO  Progress (1): 2.4/6.0 MB
2026.05.10 19:43:30 INFO  Progress (1): 2.5/6.0 MB
2026.05.10 19:43:30 INFO  Progress (1): 2.5/6.0 MB
2026.05.10 19:43:30 INFO  Progress (1): 2.5/6.0 MB
2026.05.10 19:43:30 INFO  Progress (1): 2.5/6.0 MB
2026.05.10 19:43:30 INFO  Progress (1): 2.5/6.0 MB
2026.05.10 19:43:30 INFO  Progress (1): 2.5/6.0 MB
2026.05.10 19:43:30 INFO  Progress (1): 2.6/6.0 MB
2026.05.10 19:43:30 INFO  Progress (1): 2.6/6.0 MB
2026.05.10 19:43:30 INFO  Progress (1): 2.6/6.0 MB
2026.05.10 19:43:30 INFO  Progress (1): 2.6/6.0 MB
2026.05.10 19:43:30 INFO  Progress (1): 2.6/6.0 MB
2026.05.10 19:43:30 INFO  Progress (1): 2.6/6.0 MB
2026.05.10 19:43:30 INFO  Progress (1): 2.7/6.0 MB
2026.05.10 19:43:30 INFO  Progress (1): 2.7/6.0 MB
2026.05.10 19:43:30 INFO  Progress (1): 2.7/6.0 MB
2026.05.10 19:43:30 INFO  Progress (1): 2.7/6.0 MB
2026.05.10 19:43:30 INFO  Progress (1): 2.7/6.0 MB
2026.05.10 19:43:30 INFO  Progress (1): 2.7/6.0 MB
2026.05.10 19:43:30 INFO  Progress (1): 2.8/6.0 MB
2026.05.10 19:43:30 INFO  Progress (1): 2.8/6.0 MB
2026.05.10 19:43:30 INFO  Progress (1): 2.8/6.0 MB
2026.05.10 19:43:30 INFO  Progress (1): 2.8/6.0 MB
2026.05.10 19:43:30 INFO  Progress (1): 2.8/6.0 MB
2026.05.10 19:43:30 INFO  Progress (1): 2.8/6.0 MB
2026.05.10 19:43:30 INFO  Progress (1): 2.9/6.0 MB
2026.05.10 19:43:30 INFO  Progress (1): 2.9/6.0 MB
2026.05.10 19:43:30 INFO  Progress (1): 2.9/6.0 MB
2026.05.10 19:43:30 INFO  Progress (1): 2.9/6.0 MB
2026.05.10 19:43:30 INFO  Progress (1): 2.9/6.0 MB
2026.05.10 19:43:30 INFO  Progress (1): 2.9/6.0 MB
2026.05.10 19:43:30 INFO  Progress (1): 3.0/6.0 MB
2026.05.10 19:43:30 INFO  Progress (1): 3.0/6.0 MB
2026.05.10 19:43:30 INFO  Progress (1): 3.0/6.0 MB
2026.05.10 19:43:30 INFO  Progress (1): 3.0/6.0 MB
2026.05.10 19:43:30 INFO  Progress (1): 3.0/6.0 MB
2026.05.10 19:43:30 INFO  Progress (1): 3.0/6.0 MB
2026.05.10 19:43:30 INFO  Progress (1): 3.1/6.0 MB
2026.05.10 19:43:30 INFO  Progress (1): 3.1/6.0 MB
2026.05.10 19:43:30 INFO  Progress (1): 3.1/6.0 MB
2026.05.10 19:43:30 INFO  Progress (1): 3.1/6.0 MB
2026.05.10 19:43:30 INFO  Progress (1): 3.1/6.0 MB
2026.05.10 19:43:30 INFO  Progress (1): 3.1/6.0 MB
2026.05.10 19:43:30 INFO  Progress (1): 3.2/6.0 MB
2026.05.10 19:43:30 INFO  Progress (1): 3.2/6.0 MB
2026.05.10 19:43:30 INFO  Progress (1): 3.2/6.0 MB
2026.05.10 19:43:30 INFO  Progress (1): 3.2/6.0 MB
2026.05.10 19:43:30 INFO  Progress (1): 3.2/6.0 MB
2026.05.10 19:43:30 INFO  Progress (1): 3.2/6.0 MB
2026.05.10 19:43:30 INFO  Progress (1): 3.3/6.0 MB
2026.05.10 19:43:30 INFO  Progress (1): 3.3/6.0 MB
2026.05.10 19:43:30 INFO  Progress (1): 3.3/6.0 MB
2026.05.10 19:43:30 INFO  Progress (1): 3.3/6.0 MB
2026.05.10 19:43:30 INFO  Progress (1): 3.3/6.0 MB
2026.05.10 19:43:30 INFO  Progress (1): 3.3/6.0 MB
2026.05.10 19:43:30 INFO  Progress (1): 3.3/6.0 MB
2026.05.10 19:43:30 INFO  Progress (1): 3.4/6.0 MB
2026.05.10 19:43:30 INFO  Progress (1): 3.4/6.0 MB
2026.05.10 19:43:30 INFO  Progress (1): 3.4/6.0 MB
2026.05.10 19:43:30 INFO  Progress (1): 3.4/6.0 MB
2026.05.10 19:43:30 INFO  Progress (1): 3.4/6.0 MB
2026.05.10 19:43:30 INFO  Progress (1): 3.4/6.0 MB
2026.05.10 19:43:30 INFO  Progress (1): 3.5/6.0 MB
2026.05.10 19:43:30 INFO  Progress (1): 3.5/6.0 MB
2026.05.10 19:43:30 INFO  Progress (1): 3.5/6.0 MB
2026.05.10 19:43:30 INFO  Progress (1): 3.5/6.0 MB
2026.05.10 19:43:30 INFO  Progress (1): 3.5/6.0 MB
2026.05.10 19:43:30 INFO  Progress (1): 3.5/6.0 MB
2026.05.10 19:43:30 INFO  Progress (1): 3.6/6.0 MB
2026.05.10 19:43:30 INFO  Progress (1): 3.6/6.0 MB
2026.05.10 19:43:30 INFO  Progress (1): 3.6/6.0 MB
2026.05.10 19:43:30 INFO  Progress (1): 3.6/6.0 MB
2026.05.10 19:43:30 INFO  Progress (1): 3.6/6.0 MB
2026.05.10 19:43:30 INFO  Progress (1): 3.6/6.0 MB
2026.05.10 19:43:30 INFO  Progress (1): 3.7/6.0 MB
2026.05.10 19:43:30 INFO  Progress (1): 3.7/6.0 MB
2026.05.10 19:43:30 INFO  Progress (1): 3.7/6.0 MB
2026.05.10 19:43:30 INFO  Progress (1): 3.7/6.0 MB
2026.05.10 19:43:30 INFO  Progress (1): 3.7/6.0 MB
2026.05.10 19:43:30 INFO  Progress (1): 3.7/6.0 MB
2026.05.10 19:43:30 INFO  Progress (1): 3.8/6.0 MB
2026.05.10 19:43:30 INFO  Progress (1): 3.8/6.0 MB
2026.05.10 19:43:30 INFO  Progress (1): 3.8/6.0 MB
2026.05.10 19:43:30 INFO  Progress (1): 3.8/6.0 MB
2026.05.10 19:43:30 INFO  Progress (1): 3.8/6.0 MB
2026.05.10 19:43:30 INFO  Progress (1): 3.8/6.0 MB
2026.05.10 19:43:30 INFO  Progress (1): 3.9/6.0 MB
2026.05.10 19:43:30 INFO  Progress (1): 3.9/6.0 MB
2026.05.10 19:43:30 INFO  Progress (1): 3.9/6.0 MB
2026.05.10 19:43:30 INFO  Progress (1): 3.9/6.0 MB
2026.05.10 19:43:30 INFO  Progress (1): 3.9/6.0 MB
2026.05.10 19:43:30 INFO  Progress (1): 3.9/6.0 MB
2026.05.10 19:43:30 INFO  Progress (1): 4.0/6.0 MB
2026.05.10 19:43:30 INFO  Progress (1): 4.0/6.0 MB
2026.05.10 19:43:30 INFO  Progress (1): 4.0/6.0 MB
2026.05.10 19:43:30 INFO  Progress (1): 4.0/6.0 MB
2026.05.10 19:43:30 INFO  Progress (1): 4.0/6.0 MB
2026.05.10 19:43:30 INFO  Progress (1): 4.0/6.0 MB
2026.05.10 19:43:30 INFO  Progress (1): 4.1/6.0 MB
2026.05.10 19:43:30 INFO  Progress (1): 4.1/6.0 MB
2026.05.10 19:43:30 INFO  Progress (1): 4.1/6.0 MB
2026.05.10 19:43:30 INFO  Progress (1): 4.1/6.0 MB
2026.05.10 19:43:30 INFO  Progress (1): 4.1/6.0 MB
2026.05.10 19:43:30 INFO  Progress (1): 4.1/6.0 MB
2026.05.10 19:43:30 INFO  Progress (1): 4.2/6.0 MB
2026.05.10 19:43:30 INFO  Progress (1): 4.2/6.0 MB
2026.05.10 19:43:30 INFO  Progress (1): 4.2/6.0 MB
2026.05.10 19:43:30 INFO  Progress (1): 4.2/6.0 MB
2026.05.10 19:43:30 INFO  Progress (1): 4.2/6.0 MB
2026.05.10 19:43:30 INFO  Progress (1): 4.2/6.0 MB
2026.05.10 19:43:30 INFO  Progress (1): 4.2/6.0 MB
2026.05.10 19:43:30 INFO  Progress (1): 4.3/6.0 MB
2026.05.10 19:43:30 INFO  Progress (1): 4.3/6.0 MB
2026.05.10 19:43:30 INFO  Progress (1): 4.3/6.0 MB
2026.05.10 19:43:30 INFO  Progress (1): 4.3/6.0 MB
2026.05.10 19:43:30 INFO  Progress (1): 4.3/6.0 MB
2026.05.10 19:43:30 INFO  Progress (1): 4.3/6.0 MB
2026.05.10 19:43:30 INFO  Progress (1): 4.4/6.0 MB
2026.05.10 19:43:30 INFO  Progress (1): 4.4/6.0 MB
2026.05.10 19:43:30 INFO  Progress (1): 4.4/6.0 MB
2026.05.10 19:43:30 INFO  Progress (1): 4.4/6.0 MB
2026.05.10 19:43:30 INFO  Progress (1): 4.4/6.0 MB
2026.05.10 19:43:30 INFO  Progress (1): 4.4/6.0 MB
2026.05.10 19:43:30 INFO  Progress (1): 4.5/6.0 MB
2026.05.10 19:43:30 INFO  Progress (1): 4.5/6.0 MB
2026.05.10 19:43:30 INFO  Progress (1): 4.5/6.0 MB
2026.05.10 19:43:30 INFO  Progress (1): 4.5/6.0 MB
2026.05.10 19:43:30 INFO  Progress (1): 4.5/6.0 MB
2026.05.10 19:43:30 INFO  Progress (1): 4.5/6.0 MB
2026.05.10 19:43:30 INFO  Progress (1): 4.6/6.0 MB
2026.05.10 19:43:30 INFO  Progress (1): 4.6/6.0 MB
2026.05.10 19:43:30 INFO  Progress (1): 4.6/6.0 MB
2026.05.10 19:43:30 INFO  Progress (1): 4.6/6.0 MB
2026.05.10 19:43:30 INFO  Progress (1): 4.6/6.0 MB
2026.05.10 19:43:30 INFO  Progress (1): 4.6/6.0 MB
2026.05.10 19:43:30 INFO  Progress (1): 4.7/6.0 MB
2026.05.10 19:43:30 INFO  Progress (1): 4.7/6.0 MB
2026.05.10 19:43:30 INFO  Progress (1): 4.7/6.0 MB
2026.05.10 19:43:30 INFO  Progress (1): 4.7/6.0 MB
2026.05.10 19:43:30 INFO  Progress (1): 4.7/6.0 MB
2026.05.10 19:43:30 INFO  Progress (1): 4.7/6.0 MB
2026.05.10 19:43:31 INFO  Progress (1): 4.7/6.0 MB
2026.05.10 19:43:31 INFO  Progress (1): 4.8/6.0 MB
2026.05.10 19:43:31 INFO  Progress (1): 4.8/6.0 MB
2026.05.10 19:43:31 INFO  Progress (1): 4.8/6.0 MB
2026.05.10 19:43:31 INFO  Progress (1): 4.8/6.0 MB
2026.05.10 19:43:31 INFO  Progress (1): 4.8/6.0 MB
2026.05.10 19:43:31 INFO  Progress (1): 4.8/6.0 MB
2026.05.10 19:43:31 INFO  Progress (1): 4.9/6.0 MB
2026.05.10 19:43:31 INFO  Progress (1): 4.9/6.0 MB
2026.05.10 19:43:31 INFO  Progress (1): 4.9/6.0 MB
2026.05.10 19:43:31 INFO  Progress (1): 4.9/6.0 MB
2026.05.10 19:43:31 INFO  Progress (1): 4.9/6.0 MB
2026.05.10 19:43:31 INFO  Progress (1): 4.9/6.0 MB
2026.05.10 19:43:31 INFO  Progress (1): 5.0/6.0 MB
2026.05.10 19:43:31 INFO  Progress (1): 5.0/6.0 MB
2026.05.10 19:43:31 INFO  Progress (1): 5.0/6.0 MB
2026.05.10 19:43:31 INFO  Progress (1): 5.0/6.0 MB
2026.05.10 19:43:31 INFO  Progress (1): 5.0/6.0 MB
2026.05.10 19:43:31 INFO  Progress (1): 5.0/6.0 MB
2026.05.10 19:43:31 INFO  Progress (1): 5.1/6.0 MB
2026.05.10 19:43:31 INFO  Progress (1): 5.1/6.0 MB
2026.05.10 19:43:31 INFO  Progress (1): 5.1/6.0 MB
2026.05.10 19:43:31 INFO  Progress (1): 5.1/6.0 MB
2026.05.10 19:43:31 INFO  Progress (1): 5.1/6.0 MB
2026.05.10 19:43:31 INFO  Progress (1): 5.1/6.0 MB
2026.05.10 19:43:31 INFO  Progress (1): 5.1/6.0 MB
2026.05.10 19:43:31 INFO  Progress (1): 5.2/6.0 MB
2026.05.10 19:43:31 INFO  Progress (1): 5.2/6.0 MB
2026.05.10 19:43:31 INFO  Progress (1): 5.2/6.0 MB
2026.05.10 19:43:31 INFO  Progress (1): 5.2/6.0 MB
2026.05.10 19:43:31 INFO  Progress (1): 5.2/6.0 MB
2026.05.10 19:43:31 INFO  Progress (1): 5.2/6.0 MB
2026.05.10 19:43:31 INFO  Progress (1): 5.3/6.0 MB
2026.05.10 19:43:31 INFO  Progress (1): 5.3/6.0 MB
2026.05.10 19:43:31 INFO  Progress (1): 5.3/6.0 MB
2026.05.10 19:43:31 INFO  Progress (1): 5.3/6.0 MB
2026.05.10 19:43:31 INFO  Progress (1): 5.3/6.0 MB
2026.05.10 19:43:31 INFO  Progress (1): 5.3/6.0 MB
2026.05.10 19:43:31 INFO  Progress (1): 5.4/6.0 MB
2026.05.10 19:43:31 INFO  Progress (1): 5.4/6.0 MB
2026.05.10 19:43:31 INFO  Progress (1): 5.4/6.0 MB
2026.05.10 19:43:31 INFO  Progress (1): 5.4/6.0 MB
2026.05.10 19:43:31 INFO  Progress (1): 5.4/6.0 MB
2026.05.10 19:43:31 INFO  Progress (1): 5.4/6.0 MB
2026.05.10 19:43:31 INFO  Progress (1): 5.5/6.0 MB
2026.05.10 19:43:31 INFO  Progress (1): 5.5/6.0 MB
2026.05.10 19:43:31 INFO  Progress (1): 5.5/6.0 MB
2026.05.10 19:43:31 INFO  Progress (1): 5.5/6.0 MB
2026.05.10 19:43:31 INFO  Progress (1): 5.5/6.0 MB
2026.05.10 19:43:31 INFO  Progress (1): 5.5/6.0 MB
2026.05.10 19:43:31 INFO  Progress (1): 5.6/6.0 MB
2026.05.10 19:43:31 INFO  Progress (1): 5.6/6.0 MB
2026.05.10 19:43:31 INFO  Progress (1): 5.6/6.0 MB
2026.05.10 19:43:31 INFO  Progress (1): 5.6/6.0 MB
2026.05.10 19:43:31 INFO  Progress (1): 5.6/6.0 MB
2026.05.10 19:43:31 INFO  Progress (1): 5.6/6.0 MB
2026.05.10 19:43:31 INFO  Progress (1): 5.7/6.0 MB
2026.05.10 19:43:31 INFO  Progress (1): 5.7/6.0 MB
2026.05.10 19:43:31 INFO  Progress (1): 5.7/6.0 MB
2026.05.10 19:43:31 INFO  Progress (1): 5.7/6.0 MB
2026.05.10 19:43:31 INFO  Progress (1): 5.7/6.0 MB
2026.05.10 19:43:31 INFO  Progress (1): 5.7/6.0 MB
2026.05.10 19:43:31 INFO  Progress (1): 5.8/6.0 MB
2026.05.10 19:43:31 INFO  Progress (1): 5.8/6.0 MB
2026.05.10 19:43:31 INFO  Progress (1): 5.8/6.0 MB
2026.05.10 19:43:31 INFO  Progress (1): 5.8/6.0 MB
2026.05.10 19:43:31 INFO  Progress (1): 5.8/6.0 MB
2026.05.10 19:43:31 INFO  Progress (1): 5.8/6.0 MB
2026.05.10 19:43:31 INFO  Progress (1): 5.8/6.0 MB
2026.05.10 19:43:31 INFO  Progress (1): 5.9/6.0 MB
2026.05.10 19:43:31 INFO  Progress (1): 5.9/6.0 MB
2026.05.10 19:43:31 INFO  Progress (1): 5.9/6.0 MB
2026.05.10 19:43:31 INFO  Progress (1): 5.9/6.0 MB
2026.05.10 19:43:31 INFO  Progress (1): 5.9/6.0 MB
2026.05.10 19:43:31 INFO  Progress (1): 5.9/6.0 MB
2026.05.10 19:43:31 INFO  Progress (1): 6.0/6.0 MB
2026.05.10 19:43:31 INFO  Progress (1): 6.0/6.0 MB
2026.05.10 19:43:31 INFO  Progress (1): 6.0/6.0 MB
2026.05.10 19:43:31 INFO  Progress (1): 6.0 MB    
2026.05.10 19:43:31 INFO                      
2026.05.10 19:43:31 INFO  Downloaded from central: https://repo.maven.apache.org/maven2/org/scala-lang/scala-library/2.13.8/scala-library-2.13.8.jar (6.0 MB at 3.0 MB/s)
2026.05.10 19:43:31 INFO  Downloading from central: https://repo.maven.apache.org/maven2/ch/epfl/scala/bloop-config_2.13/2.3.3/bloop-config_2.13-2.3.3.jar
2026.05.10 19:43:31 INFO  Downloading from central: https://repo.maven.apache.org/maven2/com/github/plokhotnyuk/jsoniter-scala/jsoniter-scala-core_2.13/2.13.5.2/jsoniter-scala-core_2.13-2.13.5.2.jar
2026.05.10 19:43:31 INFO  Downloading from central: https://repo.maven.apache.org/maven2/net/alchim31/maven/scala-maven-plugin/4.8.0/scala-maven-plugin-4.8.0.jar
2026.05.10 19:43:31 INFO  Downloading from central: https://repo.maven.apache.org/maven2/com/lihaoyi/unroll-annotation_2.13/0.1.12/unroll-annotation_2.13-0.1.12.jar
2026.05.10 19:43:31 INFO  Downloading from central: https://repo.maven.apache.org/maven2/org/apache/maven/shared/maven-dependency-tree/3.2.1/maven-dependency-tree-3.2.1.jar
2026.05.10 19:43:31 INFO  Progress (1): 7.7/176 kB
2026.05.10 19:43:31 INFO  Progress (1): 12/176 kB 
2026.05.10 19:43:31 INFO  Progress (1): 29/176 kB
2026.05.10 19:43:31 INFO  Progress (1): 45/176 kB
2026.05.10 19:43:31 INFO  Progress (1): 61/176 kB
2026.05.10 19:43:31 INFO  Progress (1): 78/176 kB
2026.05.10 19:43:31 INFO  Progress (1): 94/176 kB
2026.05.10 19:43:31 INFO  Progress (1): 111/176 kB
2026.05.10 19:43:31 INFO  Progress (1): 127/176 kB
2026.05.10 19:43:31 INFO  Progress (1): 143/176 kB
2026.05.10 19:43:31 INFO  Progress (1): 160/176 kB
2026.05.10 19:43:31 INFO  Progress (1): 176 kB    
2026.05.10 19:43:31 INFO                      
2026.05.10 19:43:31 INFO  Downloaded from central: https://repo.maven.apache.org/maven2/com/github/plokhotnyuk/jsoniter-scala/jsoniter-scala-core_2.13/2.13.5.2/jsoniter-scala-core_2.13-2.13.5.2.jar (176 kB at 1.4 MB/s)
2026.05.10 19:43:31 INFO  Downloading from central: https://repo.maven.apache.org/maven2/org/eclipse/aether/aether-util/1.0.0.v20140518/aether-util-1.0.0.v20140518.jar
2026.05.10 19:43:31 INFO  Progress (1): 3.2/146 kB
2026.05.10 19:43:31 INFO  Progress (1): 20/146 kB 
2026.05.10 19:43:31 INFO  Progress (1): 36/146 kB
2026.05.10 19:43:31 INFO  Progress (1): 52/146 kB
2026.05.10 19:43:31 INFO  Progress (1): 69/146 kB
2026.05.10 19:43:31 INFO  Progress (1): 85/146 kB
2026.05.10 19:43:31 INFO  Progress (1): 102/146 kB
2026.05.10 19:43:31 INFO  Progress (1): 118/146 kB
2026.05.10 19:43:31 INFO  Progress (1): 134/146 kB
2026.05.10 19:43:31 INFO  Progress (1): 146 kB    
2026.05.10 19:43:31 INFO                      
2026.05.10 19:43:31 INFO  Downloaded from central: https://repo.maven.apache.org/maven2/org/eclipse/aether/aether-util/1.0.0.v20140518/aether-util-1.0.0.v20140518.jar (146 kB at 449 kB/s)
2026.05.10 19:43:31 INFO  Downloading from central: https://repo.maven.apache.org/maven2/org/eclipse/aether/aether-api/1.0.0.v20140518/aether-api-1.0.0.v20140518.jar
2026.05.10 19:43:31 INFO  Progress (1): 0.9/1.3 kB
2026.05.10 19:43:31 INFO  Progress (1): 1.3 kB    
2026.05.10 19:43:31 INFO  Progress (2): 1.3 kB | 0.9/288 kB
2026.05.10 19:43:31 INFO  Progress (2): 1.3 kB | 2.3/288 kB
2026.05.10 19:43:31 INFO  Progress (2): 1.3 kB | 3.6/288 kB
2026.05.10 19:43:31 INFO  Progress (2): 1.3 kB | 5.0/288 kB
2026.05.10 19:43:31 INFO  Progress (2): 1.3 kB | 6.4/288 kB
2026.05.10 19:43:31 INFO  Progress (2): 1.3 kB | 7.7/288 kB
2026.05.10 19:43:31 INFO  Progress (2): 1.3 kB | 9.1/288 kB
2026.05.10 19:43:31 INFO  Progress (2): 1.3 kB | 10/288 kB 
2026.05.10 19:43:31 INFO  Progress (2): 1.3 kB | 12/288 kB
2026.05.10 19:43:31 INFO  Progress (2): 1.3 kB | 13/288 kB
2026.05.10 19:43:31 INFO  Progress (2): 1.3 kB | 15/288 kB
2026.05.10 19:43:31 INFO  Progress (2): 1.3 kB | 16/288 kB
2026.05.10 19:43:31 INFO  Progress (2): 1.3 kB | 17/288 kB
2026.05.10 19:43:31 INFO  Progress (2): 1.3 kB | 19/288 kB
2026.05.10 19:43:31 INFO  Progress (2): 1.3 kB | 20/288 kB
2026.05.10 19:43:31 INFO  Progress (2): 1.3 kB | 21/288 kB
2026.05.10 19:43:31 INFO  Progress (3): 1.3 kB | 21/288 kB | 0.9/43 kB
2026.05.10 19:43:31 INFO  Progress (3): 1.3 kB | 21/288 kB | 2.3/43 kB
2026.05.10 19:43:31 INFO  Progress (3): 1.3 kB | 21/288 kB | 3.6/43 kB
2026.05.10 19:43:31 INFO  Progress (3): 1.3 kB | 21/288 kB | 5.0/43 kB
2026.05.10 19:43:31 INFO                                              
2026.05.10 19:43:31 INFO  Downloaded from central: https://repo.maven.apache.org/maven2/com/lihaoyi/unroll-annotation_2.13/0.1.12/unroll-annotation_2.13-0.1.12.jar (1.3 kB at 3.1 kB/s)
2026.05.10 19:43:31 INFO  Downloading from central: https://repo.maven.apache.org/maven2/org/apache/maven/reporting/maven-reporting-api/3.1.1/maven-reporting-api-3.1.1.jar
2026.05.10 19:43:31 INFO  Progress (2): 21/288 kB | 6.4/43 kB
2026.05.10 19:43:31 INFO  Progress (2): 21/288 kB | 7.7/43 kB
2026.05.10 19:43:31 INFO  Progress (2): 21/288 kB | 9.1/43 kB
2026.05.10 19:43:31 INFO  Progress (2): 21/288 kB | 10/43 kB 
2026.05.10 19:43:31 INFO  Progress (2): 21/288 kB | 11/43 kB
2026.05.10 19:43:31 INFO  Progress (2): 23/288 kB | 11/43 kB
2026.05.10 19:43:31 INFO  Progress (2): 24/288 kB | 11/43 kB
2026.05.10 19:43:31 INFO  Progress (2): 24/288 kB | 13/43 kB
2026.05.10 19:43:31 INFO  Progress (2): 24/288 kB | 14/43 kB
2026.05.10 19:43:31 INFO  Progress (2): 24/288 kB | 15/43 kB
2026.05.10 19:43:31 INFO  Progress (2): 25/288 kB | 15/43 kB
2026.05.10 19:43:31 INFO  Progress (2): 27/288 kB | 15/43 kB
2026.05.10 19:43:31 INFO  Progress (2): 28/288 kB | 15/43 kB
2026.05.10 19:43:31 INFO  Progress (2): 30/288 kB | 15/43 kB
2026.05.10 19:43:31 INFO  Progress (2): 31/288 kB | 15/43 kB
2026.05.10 19:43:31 INFO  Progress (2): 31/288 kB | 17/43 kB
2026.05.10 19:43:31 INFO  Progress (2): 32/288 kB | 17/43 kB
2026.05.10 19:43:31 INFO  Progress (2): 32/288 kB | 18/43 kB
2026.05.10 19:43:31 INFO  Progress (2): 32/288 kB | 20/43 kB
2026.05.10 19:43:31 INFO  Progress (2): 32/288 kB | 21/43 kB
2026.05.10 19:43:31 INFO  Progress (3): 32/288 kB | 21/43 kB | 7.7/136 kB
2026.05.10 19:43:31 INFO  Progress (3): 32/288 kB | 21/43 kB | 16/136 kB 
2026.05.10 19:43:31 INFO  Progress (3): 32/288 kB | 21/43 kB | 24/136 kB
2026.05.10 19:43:31 INFO  Progress (3): 32/288 kB | 21/43 kB | 40/136 kB
2026.05.10 19:43:31 INFO  Progress (3): 32/288 kB | 21/43 kB | 49/136 kB
2026.05.10 19:43:31 INFO  Progress (3): 32/288 kB | 21/43 kB | 66/136 kB
2026.05.10 19:43:31 INFO  Progress (3): 32/288 kB | 21/43 kB | 82/136 kB
2026.05.10 19:43:31 INFO  Progress (3): 34/288 kB | 21/43 kB | 82/136 kB
2026.05.10 19:43:31 INFO  Progress (3): 35/288 kB | 21/43 kB | 82/136 kB
2026.05.10 19:43:31 INFO  Progress (3): 35/288 kB | 22/43 kB | 82/136 kB
2026.05.10 19:43:31 INFO  Progress (3): 35/288 kB | 24/43 kB | 82/136 kB
2026.05.10 19:43:31 INFO  Progress (3): 35/288 kB | 25/43 kB | 82/136 kB
2026.05.10 19:43:31 INFO  Progress (3): 35/288 kB | 26/43 kB | 82/136 kB
2026.05.10 19:43:31 INFO  Progress (3): 36/288 kB | 26/43 kB | 82/136 kB
2026.05.10 19:43:31 INFO  Progress (3): 38/288 kB | 26/43 kB | 82/136 kB
2026.05.10 19:43:31 INFO  Progress (3): 38/288 kB | 26/43 kB | 98/136 kB
2026.05.10 19:43:31 INFO  Progress (3): 38/288 kB | 26/43 kB | 115/136 kB
2026.05.10 19:43:31 INFO  Progress (3): 39/288 kB | 26/43 kB | 115/136 kB
2026.05.10 19:43:31 INFO  Progress (3): 41/288 kB | 26/43 kB | 115/136 kB
2026.05.10 19:43:31 INFO  Progress (3): 41/288 kB | 26/43 kB | 131/136 kB
2026.05.10 19:43:31 INFO  Progress (3): 41/288 kB | 28/43 kB | 131/136 kB
2026.05.10 19:43:31 INFO  Progress (3): 41/288 kB | 28/43 kB | 136 kB    
2026.05.10 19:43:31 INFO  Progress (3): 41/288 kB | 29/43 kB | 136 kB
2026.05.10 19:43:31 INFO  Progress (3): 41/288 kB | 31/43 kB | 136 kB
2026.05.10 19:43:31 INFO  Progress (3): 41/288 kB | 32/43 kB | 136 kB
2026.05.10 19:43:31 INFO  Progress (3): 42/288 kB | 32/43 kB | 136 kB
2026.05.10 19:43:31 INFO  Progress (3): 42/288 kB | 33/43 kB | 136 kB
2026.05.10 19:43:31 INFO  Progress (3): 43/288 kB | 33/43 kB | 136 kB
2026.05.10 19:43:31 INFO  Progress (3): 43/288 kB | 35/43 kB | 136 kB
2026.05.10 19:43:31 INFO  Progress (3): 43/288 kB | 36/43 kB | 136 kB
2026.05.10 19:43:31 INFO  Progress (3): 43/288 kB | 37/43 kB | 136 kB
2026.05.10 19:43:31 INFO                                             
2026.05.10 19:43:31 INFO  Downloaded from central: https://repo.maven.apache.org/maven2/org/eclipse/aether/aether-api/1.0.0.v20140518/aether-api-1.0.0.v20140518.jar (136 kB at 273 kB/s)
2026.05.10 19:43:31 INFO  Downloading from central: https://repo.maven.apache.org/maven2/org/apache/maven/doxia/doxia-sink-api/1.11.1/doxia-sink-api-1.11.1.jar
2026.05.10 19:43:31 INFO  Progress (2): 45/288 kB | 37/43 kB
2026.05.10 19:43:31 INFO  Progress (2): 45/288 kB | 39/43 kB
2026.05.10 19:43:31 INFO  Progress (2): 45/288 kB | 40/43 kB
2026.05.10 19:43:31 INFO  Progress (2): 46/288 kB | 40/43 kB
2026.05.10 19:43:31 INFO  Progress (2): 47/288 kB | 40/43 kB
2026.05.10 19:43:31 INFO  Progress (2): 49/288 kB | 40/43 kB
2026.05.10 19:43:31 INFO  Progress (2): 50/288 kB | 40/43 kB
2026.05.10 19:43:31 INFO  Progress (2): 51/288 kB | 40/43 kB
2026.05.10 19:43:31 INFO  Progress (2): 53/288 kB | 40/43 kB
2026.05.10 19:43:31 INFO  Progress (2): 53/288 kB | 42/43 kB
2026.05.10 19:43:31 INFO  Progress (2): 54/288 kB | 42/43 kB
2026.05.10 19:43:31 INFO  Progress (2): 56/288 kB | 42/43 kB
2026.05.10 19:43:31 INFO  Progress (2): 56/288 kB | 43 kB   
2026.05.10 19:43:31 INFO  Progress (2): 60/288 kB | 43 kB
2026.05.10 19:43:32 INFO  Progress (3): 60/288 kB | 43 kB | 0.9/159 kB
2026.05.10 19:43:32 INFO  Progress (3): 60/288 kB | 43 kB | 2.3/159 kB
2026.05.10 19:43:32 INFO  Progress (3): 60/288 kB | 43 kB | 3.6/159 kB
2026.05.10 19:43:32 INFO  Progress (3): 60/288 kB | 43 kB | 5.0/159 kB
2026.05.10 19:43:32 INFO  Progress (3): 60/288 kB | 43 kB | 6.4/159 kB
2026.05.10 19:43:32 INFO  Progress (3): 60/288 kB | 43 kB | 7.7/159 kB
2026.05.10 19:43:32 INFO  Progress (3): 60/288 kB | 43 kB | 8.2/159 kB
2026.05.10 19:43:32 INFO  Progress (3): 60/288 kB | 43 kB | 9.6/159 kB
2026.05.10 19:43:32 INFO  Progress (3): 60/288 kB | 43 kB | 11/159 kB 
2026.05.10 19:43:32 INFO                                             
2026.05.10 19:43:32 INFO  Downloaded from central: https://repo.maven.apache.org/maven2/org/apache/maven/shared/maven-dependency-tree/3.2.1/maven-dependency-tree-3.2.1.jar (43 kB at 84 kB/s)
2026.05.10 19:43:32 INFO  Downloading from central: https://repo.maven.apache.org/maven2/org/apache/maven/doxia/doxia-logging-api/1.11.1/doxia-logging-api-1.11.1.jar
2026.05.10 19:43:32 INFO  Progress (2): 60/288 kB | 12/159 kB
2026.05.10 19:43:32 INFO  Progress (2): 64/288 kB | 12/159 kB
2026.05.10 19:43:32 INFO  Progress (2): 64/288 kB | 14/159 kB
2026.05.10 19:43:32 INFO  Progress (2): 64/288 kB | 15/159 kB
2026.05.10 19:43:32 INFO  Progress (2): 68/288 kB | 15/159 kB
2026.05.10 19:43:32 INFO  Progress (2): 73/288 kB | 15/159 kB
2026.05.10 19:43:32 INFO  Progress (2): 73/288 kB | 16/159 kB
2026.05.10 19:43:32 INFO  Progress (2): 73/288 kB | 18/159 kB
2026.05.10 19:43:32 INFO  Progress (2): 73/288 kB | 19/159 kB
2026.05.10 19:43:32 INFO  Progress (2): 77/288 kB | 19/159 kB
2026.05.10 19:43:32 INFO  Progress (2): 77/288 kB | 21/159 kB
2026.05.10 19:43:32 INFO  Progress (2): 77/288 kB | 22/159 kB
2026.05.10 19:43:32 INFO  Progress (2): 81/288 kB | 22/159 kB
2026.05.10 19:43:32 INFO  Progress (2): 81/288 kB | 23/159 kB
2026.05.10 19:43:32 INFO  Progress (2): 85/288 kB | 23/159 kB
2026.05.10 19:43:32 INFO  Progress (2): 85/288 kB | 25/159 kB
2026.05.10 19:43:32 INFO  Progress (2): 85/288 kB | 26/159 kB
2026.05.10 19:43:32 INFO  Progress (2): 85/288 kB | 27/159 kB
2026.05.10 19:43:32 INFO  Progress (2): 85/288 kB | 29/159 kB
2026.05.10 19:43:32 INFO  Progress (2): 85/288 kB | 30/159 kB
2026.05.10 19:43:32 INFO  Progress (2): 85/288 kB | 31/159 kB
2026.05.10 19:43:32 INFO  Progress (2): 85/288 kB | 33/159 kB
2026.05.10 19:43:32 INFO  Progress (2): 85/288 kB | 34/159 kB
2026.05.10 19:43:32 INFO  Progress (2): 85/288 kB | 36/159 kB
2026.05.10 19:43:32 INFO  Progress (2): 85/288 kB | 37/159 kB
2026.05.10 19:43:32 INFO  Progress (2): 85/288 kB | 38/159 kB
2026.05.10 19:43:32 INFO  Progress (2): 85/288 kB | 40/159 kB
2026.05.10 19:43:32 INFO  Progress (2): 85/288 kB | 41/159 kB
2026.05.10 19:43:32 INFO  Progress (2): 85/288 kB | 42/159 kB
2026.05.10 19:43:32 INFO  Progress (2): 85/288 kB | 44/159 kB
2026.05.10 19:43:32 INFO  Progress (2): 85/288 kB | 45/159 kB
2026.05.10 19:43:32 INFO  Progress (2): 85/288 kB | 47/159 kB
2026.05.10 19:43:32 INFO  Progress (2): 85/288 kB | 48/159 kB
2026.05.10 19:43:32 INFO  Progress (2): 85/288 kB | 49/159 kB
2026.05.10 19:43:32 INFO  Progress (2): 85/288 kB | 51/159 kB
2026.05.10 19:43:32 INFO  Progress (2): 85/288 kB | 52/159 kB
2026.05.10 19:43:32 INFO  Progress (2): 85/288 kB | 53/159 kB
2026.05.10 19:43:32 INFO  Progress (2): 85/288 kB | 55/159 kB
2026.05.10 19:43:32 INFO  Progress (2): 85/288 kB | 59/159 kB
2026.05.10 19:43:32 INFO  Progress (2): 89/288 kB | 59/159 kB
2026.05.10 19:43:32 INFO  Progress (2): 89/288 kB | 63/159 kB
2026.05.10 19:43:32 INFO  Progress (2): 94/288 kB | 63/159 kB
2026.05.10 19:43:32 INFO  Progress (3): 94/288 kB | 63/159 kB | 0.9/11 kB
2026.05.10 19:43:32 INFO  Progress (3): 94/288 kB | 63/159 kB | 2.3/11 kB
2026.05.10 19:43:32 INFO  Progress (3): 94/288 kB | 63/159 kB | 3.2/11 kB
2026.05.10 19:43:32 INFO  Progress (3): 94/288 kB | 63/159 kB | 4.6/11 kB
2026.05.10 19:43:32 INFO  Progress (3): 94/288 kB | 63/159 kB | 5.9/11 kB
2026.05.10 19:43:32 INFO  Progress (3): 94/288 kB | 63/159 kB | 7.3/11 kB
2026.05.10 19:43:32 INFO  Progress (3): 94/288 kB | 63/159 kB | 8.7/11 kB
2026.05.10 19:43:32 INFO  Progress (3): 94/288 kB | 63/159 kB | 10/11 kB 
2026.05.10 19:43:32 INFO  Progress (3): 94/288 kB | 63/159 kB | 11 kB   
2026.05.10 19:43:32 INFO                                             
2026.05.10 19:43:32 INFO  Downloaded from central: https://repo.maven.apache.org/maven2/org/apache/maven/reporting/maven-reporting-api/3.1.1/maven-reporting-api-3.1.1.jar (11 kB at 19 kB/s)
2026.05.10 19:43:32 INFO  Downloading from central: https://repo.maven.apache.org/maven2/org/apache/maven/maven-archiver/3.6.0/maven-archiver-3.6.0.jar
2026.05.10 19:43:32 INFO  Progress (2): 98/288 kB | 63/159 kB
2026.05.10 19:43:32 INFO  Progress (2): 102/288 kB | 63/159 kB
2026.05.10 19:43:32 INFO  Progress (2): 106/288 kB | 63/159 kB
2026.05.10 19:43:32 INFO  Progress (2): 111/288 kB | 63/159 kB
2026.05.10 19:43:32 INFO  Progress (2): 115/288 kB | 63/159 kB
2026.05.10 19:43:32 INFO  Progress (2): 115/288 kB | 67/159 kB
2026.05.10 19:43:32 INFO  Progress (2): 119/288 kB | 67/159 kB
2026.05.10 19:43:32 INFO  Progress (2): 119/288 kB | 72/159 kB
2026.05.10 19:43:32 INFO  Progress (2): 123/288 kB | 72/159 kB
2026.05.10 19:43:32 INFO  Progress (2): 123/288 kB | 76/159 kB
2026.05.10 19:43:32 INFO  Progress (2): 127/288 kB | 76/159 kB
2026.05.10 19:43:32 INFO  Progress (2): 132/288 kB | 76/159 kB
2026.05.10 19:43:32 INFO  Progress (2): 132/288 kB | 80/159 kB
2026.05.10 19:43:32 INFO  Progress (2): 136/288 kB | 80/159 kB
2026.05.10 19:43:32 INFO  Progress (2): 136/288 kB | 84/159 kB
2026.05.10 19:43:32 INFO  Progress (2): 136/288 kB | 89/159 kB
2026.05.10 19:43:32 INFO  Progress (2): 140/288 kB | 89/159 kB
2026.05.10 19:43:32 INFO  Progress (2): 144/288 kB | 89/159 kB
2026.05.10 19:43:32 INFO  Progress (2): 144/288 kB | 93/159 kB
2026.05.10 19:43:32 INFO  Progress (2): 144/288 kB | 97/159 kB
2026.05.10 19:43:32 INFO  Progress (2): 149/288 kB | 97/159 kB
2026.05.10 19:43:32 INFO  Progress (2): 153/288 kB | 97/159 kB
2026.05.10 19:43:32 INFO  Progress (2): 153/288 kB | 101/159 kB
2026.05.10 19:43:32 INFO  Progress (2): 153/288 kB | 105/159 kB
2026.05.10 19:43:32 INFO  Progress (2): 155/288 kB | 105/159 kB
2026.05.10 19:43:32 INFO  Progress (2): 155/288 kB | 110/159 kB
2026.05.10 19:43:32 INFO  Progress (2): 159/288 kB | 110/159 kB
2026.05.10 19:43:32 INFO  Progress (3): 159/288 kB | 110/159 kB | 7.7/12 kB
2026.05.10 19:43:32 INFO  Progress (3): 159/288 kB | 110/159 kB | 12 kB    
2026.05.10 19:43:32 INFO                                               
2026.05.10 19:43:32 INFO  Downloaded from central: https://repo.maven.apache.org/maven2/org/apache/maven/doxia/doxia-logging-api/1.11.1/doxia-logging-api-1.11.1.jar (12 kB at 18 kB/s)
2026.05.10 19:43:32 INFO  Downloading from central: https://repo.maven.apache.org/maven2/org/codehaus/plexus/plexus-io/3.4.0/plexus-io-3.4.0.jar
2026.05.10 19:43:32 INFO  Progress (2): 164/288 kB | 110/159 kB
2026.05.10 19:43:32 INFO  Progress (2): 164/288 kB | 114/159 kB
2026.05.10 19:43:32 INFO  Progress (2): 168/288 kB | 114/159 kB
2026.05.10 19:43:32 INFO  Progress (2): 168/288 kB | 118/159 kB
2026.05.10 19:43:32 INFO  Progress (2): 168/288 kB | 122/159 kB
2026.05.10 19:43:32 INFO  Progress (2): 168/288 kB | 123/159 kB
2026.05.10 19:43:32 INFO  Progress (2): 168/288 kB | 127/159 kB
2026.05.10 19:43:32 INFO  Progress (2): 172/288 kB | 127/159 kB
2026.05.10 19:43:32 INFO  Progress (2): 176/288 kB | 127/159 kB
2026.05.10 19:43:32 INFO  Progress (2): 181/288 kB | 127/159 kB
2026.05.10 19:43:32 INFO  Progress (2): 185/288 kB | 127/159 kB
2026.05.10 19:43:32 INFO  Progress (2): 189/288 kB | 127/159 kB
2026.05.10 19:43:32 INFO  Progress (2): 193/288 kB | 127/159 kB
2026.05.10 19:43:32 INFO  Progress (3): 193/288 kB | 127/159 kB | 0.9/12 kB
2026.05.10 19:43:32 INFO  Progress (3): 193/288 kB | 127/159 kB | 2.3/12 kB
2026.05.10 19:43:32 INFO  Progress (3): 193/288 kB | 127/159 kB | 3.6/12 kB
2026.05.10 19:43:32 INFO  Progress (3): 193/288 kB | 127/159 kB | 5.0/12 kB
2026.05.10 19:43:32 INFO  Progress (3): 193/288 kB | 127/159 kB | 6.4/12 kB
2026.05.10 19:43:32 INFO  Progress (3): 193/288 kB | 127/159 kB | 7.7/12 kB
2026.05.10 19:43:32 INFO  Progress (3): 193/288 kB | 127/159 kB | 9.1/12 kB
2026.05.10 19:43:32 INFO  Progress (3): 193/288 kB | 127/159 kB | 10/12 kB 
2026.05.10 19:43:32 INFO  Progress (3): 193/288 kB | 127/159 kB | 12 kB   
2026.05.10 19:43:32 INFO  Progress (4): 193/288 kB | 127/159 kB | 12 kB | 0.9/26 kB
2026.05.10 19:43:32 INFO  Progress (4): 193/288 kB | 127/159 kB | 12 kB | 2.3/26 kB
2026.05.10 19:43:32 INFO  Progress (4): 193/288 kB | 127/159 kB | 12 kB | 3.6/26 kB
2026.05.10 19:43:32 INFO  Progress (4): 193/288 kB | 127/159 kB | 12 kB | 5.0/26 kB
2026.05.10 19:43:32 INFO  Progress (4): 193/288 kB | 127/159 kB | 12 kB | 6.4/26 kB
2026.05.10 19:43:32 INFO  Progress (4): 193/288 kB | 127/159 kB | 12 kB | 7.7/26 kB
2026.05.10 19:43:32 INFO  Progress (4): 193/288 kB | 127/159 kB | 12 kB | 8.2/26 kB
2026.05.10 19:43:32 INFO  Progress (4): 193/288 kB | 127/159 kB | 12 kB | 9.6/26 kB
2026.05.10 19:43:32 INFO  Progress (4): 193/288 kB | 127/159 kB | 12 kB | 11/26 kB 
2026.05.10 19:43:32 INFO  Progress (4): 193/288 kB | 127/159 kB | 12 kB | 12/26 kB
2026.05.10 19:43:32 INFO                                                          
2026.05.10 19:43:32 INFO  Downloaded from central: https://repo.maven.apache.org/maven2/org/apache/maven/doxia/doxia-sink-api/1.11.1/doxia-sink-api-1.11.1.jar (12 kB at 16 kB/s)
2026.05.10 19:43:32 INFO  Downloading from central: https://repo.maven.apache.org/maven2/org/codehaus/plexus/plexus-utils/3.5.0/plexus-utils-3.5.0.jar
2026.05.10 19:43:32 INFO  Progress (3): 193/288 kB | 127/159 kB | 14/26 kB
2026.05.10 19:43:32 INFO  Progress (3): 197/288 kB | 127/159 kB | 14/26 kB
2026.05.10 19:43:32 INFO  Progress (3): 197/288 kB | 127/159 kB | 15/26 kB
2026.05.10 19:43:32 INFO  Progress (3): 202/288 kB | 127/159 kB | 15/26 kB
2026.05.10 19:43:32 INFO  Progress (3): 202/288 kB | 127/159 kB | 16/26 kB
2026.05.10 19:43:32 INFO  Progress (3): 202/288 kB | 127/159 kB | 18/26 kB
2026.05.10 19:43:32 INFO  Progress (3): 202/288 kB | 127/159 kB | 19/26 kB
2026.05.10 19:43:32 INFO  Progress (3): 202/288 kB | 127/159 kB | 21/26 kB
2026.05.10 19:43:32 INFO  Progress (3): 202/288 kB | 127/159 kB | 22/26 kB
2026.05.10 19:43:32 INFO  Progress (3): 206/288 kB | 127/159 kB | 22/26 kB
2026.05.10 19:43:32 INFO  Progress (3): 206/288 kB | 127/159 kB | 23/26 kB
2026.05.10 19:43:32 INFO  Progress (3): 210/288 kB | 127/159 kB | 23/26 kB
2026.05.10 19:43:32 INFO  Progress (3): 210/288 kB | 127/159 kB | 25/26 kB
2026.05.10 19:43:32 INFO  Progress (3): 210/288 kB | 127/159 kB | 26/26 kB
2026.05.10 19:43:32 INFO  Progress (3): 210/288 kB | 127/159 kB | 26 kB   
2026.05.10 19:43:32 INFO  Progress (3): 214/288 kB | 127/159 kB | 26 kB
2026.05.10 19:43:32 INFO  Progress (3): 219/288 kB | 127/159 kB | 26 kB
2026.05.10 19:43:32 INFO  Progress (3): 223/288 kB | 127/159 kB | 26 kB
2026.05.10 19:43:32 INFO  Progress (3): 223/288 kB | 131/159 kB | 26 kB
2026.05.10 19:43:32 INFO  Progress (3): 239/288 kB | 131/159 kB | 26 kB
2026.05.10 19:43:32 INFO                                               
2026.05.10 19:43:32 INFO  Downloaded from central: https://repo.maven.apache.org/maven2/org/apache/maven/maven-archiver/3.6.0/maven-archiver-3.6.0.jar (26 kB at 34 kB/s)
2026.05.10 19:43:32 INFO  Downloading from central: https://repo.maven.apache.org/maven2/org/codehaus/plexus/plexus-archiver/4.6.0/plexus-archiver-4.6.0.jar
2026.05.10 19:43:32 INFO  Progress (2): 256/288 kB | 131/159 kB
2026.05.10 19:43:32 INFO  Progress (2): 256/288 kB | 136/159 kB
2026.05.10 19:43:32 INFO  Progress (2): 256/288 kB | 140/159 kB
2026.05.10 19:43:32 INFO  Progress (2): 272/288 kB | 140/159 kB
2026.05.10 19:43:32 INFO  Progress (2): 272/288 kB | 144/159 kB
2026.05.10 19:43:32 INFO  Progress (2): 272/288 kB | 148/159 kB
2026.05.10 19:43:32 INFO  Progress (2): 272/288 kB | 152/159 kB
2026.05.10 19:43:32 INFO  Progress (2): 272/288 kB | 157/159 kB
2026.05.10 19:43:32 INFO  Progress (2): 272/288 kB | 159 kB    
2026.05.10 19:43:32 INFO  Progress (2): 286/288 kB | 159 kB
2026.05.10 19:43:32 INFO  Progress (2): 288 kB | 159 kB    
2026.05.10 19:43:32 INFO                               
2026.05.10 19:43:32 INFO  Downloaded from central: https://repo.maven.apache.org/maven2/net/alchim31/maven/scala-maven-plugin/4.8.0/scala-maven-plugin-4.8.0.jar (159 kB at 197 kB/s)
2026.05.10 19:43:32 INFO  Downloading from central: https://repo.maven.apache.org/maven2/org/apache/commons/commons-compress/1.21/commons-compress-1.21.jar
2026.05.10 19:43:32 INFO  Downloaded from central: https://repo.maven.apache.org/maven2/ch/epfl/scala/bloop-config_2.13/2.3.3/bloop-config_2.13-2.3.3.jar (288 kB at 357 kB/s)
2026.05.10 19:43:32 INFO  Downloading from central: https://repo.maven.apache.org/maven2/org/iq80/snappy/snappy/0.4/snappy-0.4.jar
2026.05.10 19:43:32 INFO  Progress (1): 7.7/79 kB
2026.05.10 19:43:32 INFO  Progress (1): 12/79 kB 
2026.05.10 19:43:32 INFO  Progress (1): 29/79 kB
2026.05.10 19:43:32 INFO  Progress (1): 45/79 kB
2026.05.10 19:43:32 INFO  Progress (1): 61/79 kB
2026.05.10 19:43:32 INFO  Progress (1): 78/79 kB
2026.05.10 19:43:32 INFO  Progress (1): 79 kB   
2026.05.10 19:43:32 INFO  Progress (2): 79 kB | 3.2/267 kB
2026.05.10 19:43:32 INFO  Progress (2): 79 kB | 7.4/267 kB
2026.05.10 19:43:32 INFO  Progress (2): 79 kB | 12/267 kB 
2026.05.10 19:43:32 INFO  Progress (2): 79 kB | 16/267 kB
2026.05.10 19:43:32 INFO  Progress (2): 79 kB | 20/267 kB
2026.05.10 19:43:32 INFO  Progress (2): 79 kB | 24/267 kB
2026.05.10 19:43:32 INFO                                 
2026.05.10 19:43:32 INFO  Downloaded from central: https://repo.maven.apache.org/maven2/org/codehaus/plexus/plexus-io/3.4.0/plexus-io-3.4.0.jar (79 kB at 94 kB/s)
2026.05.10 19:43:32 INFO  Progress (1): 29/267 kB
2026.05.10 19:43:32 INFO                         
2026.05.10 19:43:32 INFO  Downloading from central: https://repo.maven.apache.org/maven2/org/tukaani/xz/1.9/xz-1.9.jar
2026.05.10 19:43:32 INFO  Progress (1): 33/267 kB
2026.05.10 19:43:32 INFO  Progress (1): 37/267 kB
2026.05.10 19:43:32 INFO  Progress (1): 41/267 kB
2026.05.10 19:43:32 INFO  Progress (1): 45/267 kB
2026.05.10 19:43:32 INFO  Progress (1): 50/267 kB
2026.05.10 19:43:32 INFO  Progress (1): 54/267 kB
2026.05.10 19:43:32 INFO  Progress (1): 58/267 kB
2026.05.10 19:43:32 INFO  Progress (1): 62/267 kB
2026.05.10 19:43:32 INFO  Progress (2): 62/267 kB | 0.9/216 kB
2026.05.10 19:43:32 INFO  Progress (2): 62/267 kB | 2.3/216 kB
2026.05.10 19:43:32 INFO  Progress (2): 62/267 kB | 3.6/216 kB
2026.05.10 19:43:32 INFO  Progress (2): 62/267 kB | 5.0/216 kB
2026.05.10 19:43:32 INFO  Progress (2): 62/267 kB | 6.4/216 kB
2026.05.10 19:43:32 INFO  Progress (2): 62/267 kB | 7.7/216 kB
2026.05.10 19:43:32 INFO  Progress (2): 62/267 kB | 9.1/216 kB
2026.05.10 19:43:32 INFO  Progress (2): 62/267 kB | 10/216 kB 
2026.05.10 19:43:32 INFO  Progress (2): 62/267 kB | 12/216 kB
2026.05.10 19:43:32 INFO  Progress (2): 62/267 kB | 16/216 kB
2026.05.10 19:43:32 INFO  Progress (2): 62/267 kB | 20/216 kB
2026.05.10 19:43:32 INFO  Progress (2): 62/267 kB | 25/216 kB
2026.05.10 19:43:32 INFO  Progress (2): 62/267 kB | 25/216 kB
2026.05.10 19:43:32 INFO  Progress (2): 62/267 kB | 29/216 kB
2026.05.10 19:43:32 INFO  Progress (2): 62/267 kB | 33/216 kB
2026.05.10 19:43:32 INFO  Progress (2): 62/267 kB | 37/216 kB
2026.05.10 19:43:32 INFO  Progress (2): 62/267 kB | 41/216 kB
2026.05.10 19:43:32 INFO  Progress (2): 62/267 kB | 46/216 kB
2026.05.10 19:43:32 INFO  Progress (2): 67/267 kB | 46/216 kB
2026.05.10 19:43:32 INFO  Progress (2): 69/267 kB | 46/216 kB
2026.05.10 19:43:32 INFO  Progress (2): 69/267 kB | 50/216 kB
2026.05.10 19:43:32 INFO  Progress (2): 69/267 kB | 54/216 kB
2026.05.10 19:43:32 INFO  Progress (2): 69/267 kB | 58/216 kB
2026.05.10 19:43:32 INFO  Progress (2): 69/267 kB | 63/216 kB
2026.05.10 19:43:32 INFO  Progress (3): 69/267 kB | 63/216 kB | 0/1.0 MB
2026.05.10 19:43:32 INFO  Progress (3): 69/267 kB | 63/216 kB | 0/1.0 MB
2026.05.10 19:43:32 INFO  Progress (3): 69/267 kB | 63/216 kB | 0/1.0 MB
2026.05.10 19:43:32 INFO  Progress (3): 69/267 kB | 63/216 kB | 0/1.0 MB
2026.05.10 19:43:32 INFO  Progress (4): 69/267 kB | 63/216 kB | 0/1.0 MB | 7.7/58 kB
2026.05.10 19:43:32 INFO  Progress (4): 69/267 kB | 63/216 kB | 0/1.0 MB | 16/58 kB 
2026.05.10 19:43:32 INFO  Progress (4): 69/267 kB | 63/216 kB | 0/1.0 MB | 16/58 kB
2026.05.10 19:43:32 INFO  Progress (4): 69/267 kB | 63/216 kB | 0/1.0 MB | 25/58 kB
2026.05.10 19:43:32 INFO  Progress (4): 69/267 kB | 63/216 kB | 0/1.0 MB | 25/58 kB
2026.05.10 19:43:32 INFO  Progress (4): 69/267 kB | 63/216 kB | 0/1.0 MB | 25/58 kB
2026.05.10 19:43:32 INFO  Progress (4): 69/267 kB | 63/216 kB | 0/1.0 MB | 25/58 kB
2026.05.10 19:43:32 INFO  Progress (4): 69/267 kB | 63/216 kB | 0/1.0 MB | 25/58 kB
2026.05.10 19:43:32 INFO  Progress (4): 69/267 kB | 63/216 kB | 0/1.0 MB | 25/58 kB
2026.05.10 19:43:32 INFO  Progress (4): 69/267 kB | 63/216 kB | 0/1.0 MB | 41/58 kB
2026.05.10 19:43:32 INFO  Progress (4): 69/267 kB | 63/216 kB | 0/1.0 MB | 41/58 kB
2026.05.10 19:43:32 INFO  Progress (4): 69/267 kB | 63/216 kB | 0/1.0 MB | 41/58 kB
2026.05.10 19:43:32 INFO  Progress (4): 69/267 kB | 63/216 kB | 0.1/1.0 MB | 41/58 kB
2026.05.10 19:43:32 INFO  Progress (4): 69/267 kB | 63/216 kB | 0.1/1.0 MB | 57/58 kB
2026.05.10 19:43:32 INFO  Progress (4): 69/267 kB | 63/216 kB | 0.1/1.0 MB | 58 kB   
2026.05.10 19:43:32 INFO  Progress (4): 69/267 kB | 63/216 kB | 0.1/1.0 MB | 58 kB
2026.05.10 19:43:32 INFO  Progress (4): 69/267 kB | 63/216 kB | 0.1/1.0 MB | 58 kB
2026.05.10 19:43:32 INFO  Progress (4): 73/267 kB | 63/216 kB | 0.1/1.0 MB | 58 kB
2026.05.10 19:43:32 INFO  Progress (4): 73/267 kB | 63/216 kB | 0.1/1.0 MB | 58 kB
2026.05.10 19:43:32 INFO  Progress (4): 77/267 kB | 63/216 kB | 0.1/1.0 MB | 58 kB
2026.05.10 19:43:32 INFO  Progress (4): 81/267 kB | 63/216 kB | 0.1/1.0 MB | 58 kB
2026.05.10 19:43:32 INFO                                                          
2026.05.10 19:43:32 INFO  Downloaded from central: https://repo.maven.apache.org/maven2/org/iq80/snappy/snappy/0.4/snappy-0.4.jar (58 kB at 59 kB/s)
2026.05.10 19:43:32 INFO  Downloading from central: https://repo.maven.apache.org/maven2/com/github/luben/zstd-jni/1.5.2-5/zstd-jni-1.5.2-5.jar
2026.05.10 19:43:32 INFO  Progress (3): 86/267 kB | 63/216 kB | 0.1/1.0 MB
2026.05.10 19:43:32 INFO  Progress (3): 90/267 kB | 63/216 kB | 0.1/1.0 MB
2026.05.10 19:43:32 INFO  Progress (3): 94/267 kB | 63/216 kB | 0.1/1.0 MB
2026.05.10 19:43:32 INFO  Progress (3): 94/267 kB | 63/216 kB | 0.1/1.0 MB
2026.05.10 19:43:32 INFO  Progress (3): 94/267 kB | 67/216 kB | 0.1/1.0 MB
2026.05.10 19:43:32 INFO  Progress (3): 94/267 kB | 71/216 kB | 0.1/1.0 MB
2026.05.10 19:43:32 INFO  Progress (3): 98/267 kB | 71/216 kB | 0.1/1.0 MB
2026.05.10 19:43:32 INFO  Progress (3): 98/267 kB | 75/216 kB | 0.1/1.0 MB
2026.05.10 19:43:32 INFO  Progress (3): 103/267 kB | 75/216 kB | 0.1/1.0 MB
2026.05.10 19:43:32 INFO  Progress (3): 107/267 kB | 75/216 kB | 0.1/1.0 MB
2026.05.10 19:43:32 INFO  Progress (3): 110/267 kB | 75/216 kB | 0.1/1.0 MB
2026.05.10 19:43:32 INFO  Progress (3): 114/267 kB | 75/216 kB | 0.1/1.0 MB
2026.05.10 19:43:32 INFO  Progress (3): 118/267 kB | 75/216 kB | 0.1/1.0 MB
2026.05.10 19:43:32 INFO  Progress (3): 122/267 kB | 75/216 kB | 0.1/1.0 MB
2026.05.10 19:43:32 INFO  Progress (3): 126/267 kB | 75/216 kB | 0.1/1.0 MB
2026.05.10 19:43:32 INFO  Progress (3): 130/267 kB | 75/216 kB | 0.1/1.0 MB
2026.05.10 19:43:32 INFO  Progress (4): 130/267 kB | 75/216 kB | 0.1/1.0 MB | 7.7/116 kB
2026.05.10 19:43:32 INFO  Progress (4): 130/267 kB | 75/216 kB | 0.1/1.0 MB | 16/116 kB 
2026.05.10 19:43:32 INFO  Progress (4): 130/267 kB | 75/216 kB | 0.1/1.0 MB | 24/116 kB
2026.05.10 19:43:32 INFO  Progress (4): 130/267 kB | 75/216 kB | 0.1/1.0 MB | 40/116 kB
2026.05.10 19:43:32 INFO  Progress (4): 130/267 kB | 75/216 kB | 0.1/1.0 MB | 57/116 kB
2026.05.10 19:43:32 INFO  Progress (4): 134/267 kB | 75/216 kB | 0.1/1.0 MB | 57/116 kB
2026.05.10 19:43:32 INFO  Progress (4): 134/267 kB | 75/216 kB | 0.1/1.0 MB | 73/116 kB
2026.05.10 19:43:32 INFO  Progress (4): 134/267 kB | 75/216 kB | 0.1/1.0 MB | 90/116 kB
2026.05.10 19:43:32 INFO  Progress (4): 138/267 kB | 75/216 kB | 0.1/1.0 MB | 90/116 kB
2026.05.10 19:43:32 INFO  Progress (4): 138/267 kB | 75/216 kB | 0.1/1.0 MB | 106/116 kB
2026.05.10 19:43:32 INFO  Progress (4): 138/267 kB | 75/216 kB | 0.1/1.0 MB | 116 kB    
2026.05.10 19:43:32 INFO  Progress (4): 143/267 kB | 75/216 kB | 0.1/1.0 MB | 116 kB
2026.05.10 19:43:32 INFO  Progress (4): 147/267 kB | 75/216 kB | 0.1/1.0 MB | 116 kB
2026.05.10 19:43:32 INFO  Progress (4): 151/267 kB | 75/216 kB | 0.1/1.0 MB | 116 kB
2026.05.10 19:43:32 INFO  Progress (4): 155/267 kB | 75/216 kB | 0.1/1.0 MB | 116 kB
2026.05.10 19:43:32 INFO  Progress (4): 160/267 kB | 75/216 kB | 0.1/1.0 MB | 116 kB
2026.05.10 19:43:32 INFO                                                            
2026.05.10 19:43:32 INFO  Downloaded from central: https://repo.maven.apache.org/maven2/org/tukaani/xz/1.9/xz-1.9.jar (116 kB at 110 kB/s)
2026.05.10 19:43:32 INFO  Downloading from central: https://repo.maven.apache.org/maven2/org/codehaus/plexus/plexus-classworlds/2.7.0/plexus-classworlds-2.7.0.jar
2026.05.10 19:43:32 INFO  Progress (3): 164/267 kB | 75/216 kB | 0.1/1.0 MB
2026.05.10 19:43:32 INFO  Progress (3): 164/267 kB | 80/216 kB | 0.1/1.0 MB
2026.05.10 19:43:32 INFO  Progress (3): 164/267 kB | 84/216 kB | 0.1/1.0 MB
2026.05.10 19:43:32 INFO  Progress (3): 164/267 kB | 88/216 kB | 0.1/1.0 MB
2026.05.10 19:43:32 INFO  Progress (3): 164/267 kB | 92/216 kB | 0.1/1.0 MB
2026.05.10 19:43:32 INFO  Progress (3): 164/267 kB | 96/216 kB | 0.1/1.0 MB
2026.05.10 19:43:32 INFO  Progress (3): 164/267 kB | 101/216 kB | 0.1/1.0 MB
2026.05.10 19:43:32 INFO  Progress (3): 164/267 kB | 105/216 kB | 0.1/1.0 MB
2026.05.10 19:43:32 INFO  Progress (3): 164/267 kB | 109/216 kB | 0.1/1.0 MB
2026.05.10 19:43:32 INFO  Progress (3): 164/267 kB | 113/216 kB | 0.1/1.0 MB
2026.05.10 19:43:32 INFO  Progress (3): 164/267 kB | 118/216 kB | 0.1/1.0 MB
2026.05.10 19:43:32 INFO  Progress (3): 164/267 kB | 122/216 kB | 0.1/1.0 MB
2026.05.10 19:43:32 INFO  Progress (3): 164/267 kB | 123/216 kB | 0.1/1.0 MB
2026.05.10 19:43:32 INFO  Progress (3): 164/267 kB | 127/216 kB | 0.1/1.0 MB
2026.05.10 19:43:32 INFO  Progress (3): 180/267 kB | 127/216 kB | 0.1/1.0 MB
2026.05.10 19:43:32 INFO  Progress (3): 180/267 kB | 127/216 kB | 0.1/1.0 MB
2026.05.10 19:43:32 INFO  Progress (3): 180/267 kB | 127/216 kB | 0.1/1.0 MB
2026.05.10 19:43:32 INFO  Progress (3): 180/267 kB | 127/216 kB | 0.1/1.0 MB
2026.05.10 19:43:32 INFO  Progress (3): 197/267 kB | 127/216 kB | 0.1/1.0 MB
2026.05.10 19:43:32 INFO  Progress (3): 197/267 kB | 127/216 kB | 0.2/1.0 MB
2026.05.10 19:43:32 INFO  Progress (3): 197/267 kB | 127/216 kB | 0.2/1.0 MB
2026.05.10 19:43:32 INFO  Progress (3): 197/267 kB | 127/216 kB | 0.2/1.0 MB
2026.05.10 19:43:32 INFO  Progress (3): 197/267 kB | 127/216 kB | 0.2/1.0 MB
2026.05.10 19:43:32 INFO  Progress (3): 213/267 kB | 127/216 kB | 0.2/1.0 MB
2026.05.10 19:43:32 INFO  Progress (3): 213/267 kB | 127/216 kB | 0.2/1.0 MB
2026.05.10 19:43:32 INFO  Progress (3): 213/267 kB | 131/216 kB | 0.2/1.0 MB
2026.05.10 19:43:32 INFO  Progress (3): 213/267 kB | 136/216 kB | 0.2/1.0 MB
2026.05.10 19:43:32 INFO  Progress (3): 213/267 kB | 140/216 kB | 0.2/1.0 MB
2026.05.10 19:43:32 INFO  Progress (3): 213/267 kB | 140/216 kB | 0.2/1.0 MB
2026.05.10 19:43:32 INFO  Progress (3): 213/267 kB | 144/216 kB | 0.2/1.0 MB
2026.05.10 19:43:32 INFO  Progress (4): 213/267 kB | 144/216 kB | 0.2/1.0 MB | 0/6.3 MB
2026.05.10 19:43:32 INFO  Progress (4): 213/267 kB | 144/216 kB | 0.2/1.0 MB | 0/6.3 MB
2026.05.10 19:43:32 INFO  Progress (4): 213/267 kB | 144/216 kB | 0.2/1.0 MB | 0/6.3 MB
2026.05.10 19:43:32 INFO  Progress (4): 213/267 kB | 148/216 kB | 0.2/1.0 MB | 0/6.3 MB
2026.05.10 19:43:32 INFO  Progress (4): 229/267 kB | 148/216 kB | 0.2/1.0 MB | 0/6.3 MB
2026.05.10 19:43:32 INFO  Progress (4): 229/267 kB | 152/216 kB | 0.2/1.0 MB | 0/6.3 MB
2026.05.10 19:43:32 INFO  Progress (4): 229/267 kB | 157/216 kB | 0.2/1.0 MB | 0/6.3 MB
2026.05.10 19:43:32 INFO  Progress (4): 229/267 kB | 161/216 kB | 0.2/1.0 MB | 0/6.3 MB
2026.05.10 19:43:32 INFO  Progress (4): 229/267 kB | 165/216 kB | 0.2/1.0 MB | 0/6.3 MB
2026.05.10 19:43:32 INFO  Progress (4): 229/267 kB | 165/216 kB | 0.2/1.0 MB | 0/6.3 MB
2026.05.10 19:43:32 INFO  Progress (4): 229/267 kB | 169/216 kB | 0.2/1.0 MB | 0/6.3 MB
2026.05.10 19:43:32 INFO  Progress (4): 229/267 kB | 174/216 kB | 0.2/1.0 MB | 0/6.3 MB
2026.05.10 19:43:32 INFO  Progress (4): 246/267 kB | 174/216 kB | 0.2/1.0 MB | 0/6.3 MB
2026.05.10 19:43:32 INFO  Progress (4): 246/267 kB | 174/216 kB | 0.2/1.0 MB | 0.1/6.3 MB
2026.05.10 19:43:32 INFO  Progress (4): 246/267 kB | 174/216 kB | 0.2/1.0 MB | 0.1/6.3 MB
2026.05.10 19:43:32 INFO  Progress (4): 262/267 kB | 174/216 kB | 0.2/1.0 MB | 0.1/6.3 MB
2026.05.10 19:43:32 INFO  Progress (4): 265/267 kB | 174/216 kB | 0.2/1.0 MB | 0.1/6.3 MB
2026.05.10 19:43:32 INFO  Progress (4): 265/267 kB | 174/216 kB | 0.2/1.0 MB | 0.1/6.3 MB
2026.05.10 19:43:32 INFO  Progress (4): 265/267 kB | 174/216 kB | 0.2/1.0 MB | 0.1/6.3 MB
2026.05.10 19:43:32 INFO  Progress (4): 265/267 kB | 174/216 kB | 0.2/1.0 MB | 0.1/6.3 MB
2026.05.10 19:43:32 INFO  Progress (4): 267 kB | 174/216 kB | 0.2/1.0 MB | 0.1/6.3 MB    
2026.05.10 19:43:32 INFO  Progress (4): 267 kB | 174/216 kB | 0.2/1.0 MB | 0.1/6.3 MB
2026.05.10 19:43:32 INFO  Progress (4): 267 kB | 174/216 kB | 0.2/1.0 MB | 0.2/6.3 MB
2026.05.10 19:43:32 INFO  Progress (4): 267 kB | 174/216 kB | 0.2/1.0 MB | 0.2/6.3 MB
2026.05.10 19:43:32 INFO                                                             
2026.05.10 19:43:32 INFO  Downloaded from central: https://repo.maven.apache.org/maven2/org/codehaus/plexus/plexus-utils/3.5.0/plexus-utils-3.5.0.jar (267 kB at 237 kB/s)
2026.05.10 19:43:32 INFO  Downloading from central: https://repo.maven.apache.org/maven2/org/scala-sbt/zinc_2.13/1.8.0/zinc_2.13-1.8.0.jar
2026.05.10 19:43:32 INFO  Progress (3): 174/216 kB | 0.2/1.0 MB | 0.2/6.3 MB
2026.05.10 19:43:32 INFO  Progress (3): 190/216 kB | 0.2/1.0 MB | 0.2/6.3 MB
2026.05.10 19:43:32 INFO  Progress (3): 190/216 kB | 0.3/1.0 MB | 0.2/6.3 MB
2026.05.10 19:43:32 INFO  Progress (3): 190/216 kB | 0.3/1.0 MB | 0.2/6.3 MB
2026.05.10 19:43:32 INFO  Progress (3): 190/216 kB | 0.3/1.0 MB | 0.2/6.3 MB
2026.05.10 19:43:32 INFO  Progress (3): 206/216 kB | 0.3/1.0 MB | 0.2/6.3 MB
2026.05.10 19:43:32 INFO  Progress (3): 206/216 kB | 0.3/1.0 MB | 0.2/6.3 MB
2026.05.10 19:43:32 INFO  Progress (3): 216 kB | 0.3/1.0 MB | 0.2/6.3 MB    
2026.05.10 19:43:32 INFO  Progress (4): 216 kB | 0.3/1.0 MB | 0.2/6.3 MB | 8.2/53 kB
2026.05.10 19:43:32 INFO  Progress (4): 216 kB | 0.3/1.0 MB | 0.2/6.3 MB | 25/53 kB 
2026.05.10 19:43:32 INFO  Progress (4): 216 kB | 0.3/1.0 MB | 0.2/6.3 MB | 33/53 kB
2026.05.10 19:43:32 INFO  Progress (4): 216 kB | 0.3/1.0 MB | 0.2/6.3 MB | 49/53 kB
2026.05.10 19:43:32 INFO  Progress (4): 216 kB | 0.3/1.0 MB | 0.2/6.3 MB | 53 kB   
2026.05.10 19:43:32 INFO  Progress (4): 216 kB | 0.3/1.0 MB | 0.2/6.3 MB | 53 kB
2026.05.10 19:43:32 INFO  Progress (4): 216 kB | 0.3/1.0 MB | 0.2/6.3 MB | 53 kB
2026.05.10 19:43:32 INFO  Progress (4): 216 kB | 0.3/1.0 MB | 0.2/6.3 MB | 53 kB
2026.05.10 19:43:32 INFO                                                        
2026.05.10 19:43:32 INFO  Downloaded from central: https://repo.maven.apache.org/maven2/org/codehaus/plexus/plexus-archiver/4.6.0/plexus-archiver-4.6.0.jar (216 kB at 178 kB/s)
2026.05.10 19:43:32 INFO  Downloading from central: https://repo.maven.apache.org/maven2/org/scala-sbt/zinc-core_2.13/1.8.0/zinc-core_2.13-1.8.0.jar
2026.05.10 19:43:32 INFO  Progress (3): 0.3/1.0 MB | 0.2/6.3 MB | 53 kB
2026.05.10 19:43:32 INFO  Progress (3): 0.3/1.0 MB | 0.3/6.3 MB | 53 kB
2026.05.10 19:43:32 INFO  Progress (3): 0.3/1.0 MB | 0.3/6.3 MB | 53 kB
2026.05.10 19:43:32 INFO  Progress (3): 0.3/1.0 MB | 0.3/6.3 MB | 53 kB
2026.05.10 19:43:32 INFO                                               
2026.05.10 19:43:32 INFO  Downloaded from central: https://repo.maven.apache.org/maven2/org/codehaus/plexus/plexus-classworlds/2.7.0/plexus-classworlds-2.7.0.jar (53 kB at 44 kB/s)
2026.05.10 19:43:32 INFO  Downloading from central: https://repo.maven.apache.org/maven2/org/scala-sbt/zinc-apiinfo_2.13/1.8.0/zinc-apiinfo_2.13-1.8.0.jar
2026.05.10 19:43:32 INFO  Progress (2): 0.4/1.0 MB | 0.3/6.3 MB
2026.05.10 19:43:32 INFO  Progress (2): 0.4/1.0 MB | 0.3/6.3 MB
2026.05.10 19:43:32 INFO  Progress (2): 0.4/1.0 MB | 0.3/6.3 MB
2026.05.10 19:43:32 INFO  Progress (2): 0.4/1.0 MB | 0.3/6.3 MB
2026.05.10 19:43:32 INFO  Progress (2): 0.4/1.0 MB | 0.3/6.3 MB
2026.05.10 19:43:32 INFO  Progress (2): 0.4/1.0 MB | 0.3/6.3 MB
2026.05.10 19:43:32 INFO  Progress (2): 0.4/1.0 MB | 0.3/6.3 MB
2026.05.10 19:43:32 INFO  Progress (2): 0.4/1.0 MB | 0.3/6.3 MB
2026.05.10 19:43:32 INFO  Progress (2): 0.4/1.0 MB | 0.4/6.3 MB
2026.05.10 19:43:32 INFO  Progress (2): 0.4/1.0 MB | 0.4/6.3 MB
2026.05.10 19:43:32 INFO  Progress (2): 0.4/1.0 MB | 0.4/6.3 MB
2026.05.10 19:43:32 INFO  Progress (2): 0.4/1.0 MB | 0.4/6.3 MB
2026.05.10 19:43:32 INFO  Progress (2): 0.4/1.0 MB | 0.4/6.3 MB
2026.05.10 19:43:32 INFO  Progress (2): 0.4/1.0 MB | 0.4/6.3 MB
2026.05.10 19:43:32 INFO  Progress (2): 0.5/1.0 MB | 0.4/6.3 MB
2026.05.10 19:43:32 INFO  Progress (2): 0.5/1.0 MB | 0.4/6.3 MB
2026.05.10 19:43:32 INFO  Progress (2): 0.5/1.0 MB | 0.4/6.3 MB
2026.05.10 19:43:32 INFO  Progress (2): 0.5/1.0 MB | 0.4/6.3 MB
2026.05.10 19:43:32 INFO  Progress (2): 0.5/1.0 MB | 0.4/6.3 MB
2026.05.10 19:43:32 INFO  Progress (2): 0.5/1.0 MB | 0.5/6.3 MB
2026.05.10 19:43:32 INFO  Progress (2): 0.5/1.0 MB | 0.5/6.3 MB
2026.05.10 19:43:32 INFO  Progress (3): 0.5/1.0 MB | 0.5/6.3 MB | 7.7/85 kB
2026.05.10 19:43:32 INFO  Progress (3): 0.5/1.0 MB | 0.5/6.3 MB | 11/85 kB 
2026.05.10 19:43:32 INFO  Progress (3): 0.5/1.0 MB | 0.5/6.3 MB | 28/85 kB
2026.05.10 19:43:32 INFO  Progress (3): 0.5/1.0 MB | 0.5/6.3 MB | 28/85 kB
2026.05.10 19:43:32 INFO  Progress (3): 0.5/1.0 MB | 0.5/6.3 MB | 28/85 kB
2026.05.10 19:43:32 INFO  Progress (3): 0.5/1.0 MB | 0.5/6.3 MB | 28/85 kB
2026.05.10 19:43:32 INFO  Progress (3): 0.5/1.0 MB | 0.5/6.3 MB | 44/85 kB
2026.05.10 19:43:32 INFO  Progress (3): 0.5/1.0 MB | 0.5/6.3 MB | 44/85 kB
2026.05.10 19:43:32 INFO  Progress (3): 0.5/1.0 MB | 0.5/6.3 MB | 61/85 kB
2026.05.10 19:43:32 INFO  Progress (3): 0.5/1.0 MB | 0.5/6.3 MB | 61/85 kB
2026.05.10 19:43:32 INFO  Progress (3): 0.5/1.0 MB | 0.5/6.3 MB | 61/85 kB
2026.05.10 19:43:32 INFO  Progress (3): 0.5/1.0 MB | 0.5/6.3 MB | 77/85 kB
2026.05.10 19:43:32 INFO  Progress (3): 0.5/1.0 MB | 0.5/6.3 MB | 85 kB   
2026.05.10 19:43:32 INFO                                               
2026.05.10 19:43:32 INFO  Downloaded from central: https://repo.maven.apache.org/maven2/org/scala-sbt/zinc_2.13/1.8.0/zinc_2.13-1.8.0.jar (85 kB at 65 kB/s)
2026.05.10 19:43:32 INFO  Downloading from central: https://repo.maven.apache.org/maven2/org/scala-sbt/compiler-bridge_2.13/1.8.0/compiler-bridge_2.13-1.8.0.jar
2026.05.10 19:43:32 INFO  Progress (2): 0.5/1.0 MB | 0.5/6.3 MB
2026.05.10 19:43:32 INFO  Progress (2): 0.5/1.0 MB | 0.6/6.3 MB
2026.05.10 19:43:32 INFO  Progress (2): 0.5/1.0 MB | 0.6/6.3 MB
2026.05.10 19:43:32 INFO  Progress (2): 0.5/1.0 MB | 0.6/6.3 MB
2026.05.10 19:43:32 INFO  Progress (2): 0.6/1.0 MB | 0.6/6.3 MB
2026.05.10 19:43:32 INFO  Progress (2): 0.6/1.0 MB | 0.6/6.3 MB
2026.05.10 19:43:32 INFO  Progress (2): 0.6/1.0 MB | 0.6/6.3 MB
2026.05.10 19:43:32 INFO  Progress (2): 0.6/1.0 MB | 0.6/6.3 MB
2026.05.10 19:43:32 INFO  Progress (3): 0.6/1.0 MB | 0.6/6.3 MB | 7.7/490 kB
2026.05.10 19:43:32 INFO  Progress (3): 0.6/1.0 MB | 0.6/6.3 MB | 8.2/490 kB
2026.05.10 19:43:32 INFO  Progress (3): 0.6/1.0 MB | 0.6/6.3 MB | 25/490 kB 
2026.05.10 19:43:32 INFO  Progress (3): 0.6/1.0 MB | 0.6/6.3 MB | 41/490 kB
2026.05.10 19:43:32 INFO  Progress (3): 0.6/1.0 MB | 0.6/6.3 MB | 57/490 kB
2026.05.10 19:43:32 INFO  Progress (3): 0.6/1.0 MB | 0.6/6.3 MB | 74/490 kB
2026.05.10 19:43:32 INFO  Progress (3): 0.6/1.0 MB | 0.6/6.3 MB | 90/490 kB
2026.05.10 19:43:32 INFO  Progress (3): 0.6/1.0 MB | 0.6/6.3 MB | 106/490 kB
2026.05.10 19:43:32 INFO  Progress (3): 0.6/1.0 MB | 0.6/6.3 MB | 123/490 kB
2026.05.10 19:43:32 INFO  Progress (3): 0.6/1.0 MB | 0.6/6.3 MB | 123/490 kB
2026.05.10 19:43:32 INFO  Progress (3): 0.6/1.0 MB | 0.6/6.3 MB | 123/490 kB
2026.05.10 19:43:32 INFO  Progress (3): 0.6/1.0 MB | 0.6/6.3 MB | 139/490 kB
2026.05.10 19:43:32 INFO  Progress (3): 0.6/1.0 MB | 0.6/6.3 MB | 156/490 kB
2026.05.10 19:43:32 INFO  Progress (3): 0.6/1.0 MB | 0.6/6.3 MB | 172/490 kB
2026.05.10 19:43:32 INFO  Progress (3): 0.6/1.0 MB | 0.6/6.3 MB | 188/490 kB
2026.05.10 19:43:32 INFO  Progress (3): 0.6/1.0 MB | 0.6/6.3 MB | 197/490 kB
2026.05.10 19:43:32 INFO  Progress (3): 0.6/1.0 MB | 0.6/6.3 MB | 213/490 kB
2026.05.10 19:43:32 INFO  Progress (3): 0.6/1.0 MB | 0.6/6.3 MB | 213/490 kB
2026.05.10 19:43:32 INFO  Progress (3): 0.6/1.0 MB | 0.6/6.3 MB | 229/490 kB
2026.05.10 19:43:32 INFO  Progress (3): 0.6/1.0 MB | 0.6/6.3 MB | 233/490 kB
2026.05.10 19:43:32 INFO  Progress (3): 0.6/1.0 MB | 0.6/6.3 MB | 250/490 kB
2026.05.10 19:43:32 INFO  Progress (3): 0.6/1.0 MB | 0.6/6.3 MB | 266/490 kB
2026.05.10 19:43:32 INFO  Progress (3): 0.6/1.0 MB | 0.6/6.3 MB | 266/490 kB
2026.05.10 19:43:32 INFO  Progress (3): 0.6/1.0 MB | 0.6/6.3 MB | 282/490 kB
2026.05.10 19:43:32 INFO  Progress (3): 0.6/1.0 MB | 0.6/6.3 MB | 299/490 kB
2026.05.10 19:43:32 INFO  Progress (3): 0.6/1.0 MB | 0.6/6.3 MB | 299/490 kB
2026.05.10 19:43:32 INFO  Progress (3): 0.6/1.0 MB | 0.6/6.3 MB | 315/490 kB
2026.05.10 19:43:32 INFO  Progress (3): 0.6/1.0 MB | 0.6/6.3 MB | 331/490 kB
2026.05.10 19:43:32 INFO  Progress (3): 0.6/1.0 MB | 0.6/6.3 MB | 348/490 kB
2026.05.10 19:43:32 INFO  Progress (3): 0.6/1.0 MB | 0.6/6.3 MB | 364/490 kB
2026.05.10 19:43:32 INFO  Progress (3): 0.6/1.0 MB | 0.6/6.3 MB | 381/490 kB
2026.05.10 19:43:32 INFO  Progress (3): 0.6/1.0 MB | 0.6/6.3 MB | 381/490 kB
2026.05.10 19:43:32 INFO  Progress (3): 0.6/1.0 MB | 0.7/6.3 MB | 381/490 kB
2026.05.10 19:43:32 INFO  Progress (3): 0.6/1.0 MB | 0.7/6.3 MB | 397/490 kB
2026.05.10 19:43:32 INFO  Progress (3): 0.6/1.0 MB | 0.7/6.3 MB | 413/490 kB
2026.05.10 19:43:32 INFO  Progress (3): 0.6/1.0 MB | 0.7/6.3 MB | 430/490 kB
2026.05.10 19:43:32 INFO  Progress (3): 0.6/1.0 MB | 0.7/6.3 MB | 446/490 kB
2026.05.10 19:43:32 INFO  Progress (3): 0.6/1.0 MB | 0.7/6.3 MB | 463/490 kB
2026.05.10 19:43:32 INFO  Progress (3): 0.6/1.0 MB | 0.7/6.3 MB | 463/490 kB
2026.05.10 19:43:32 INFO  Progress (3): 0.6/1.0 MB | 0.7/6.3 MB | 479/490 kB
2026.05.10 19:43:32 INFO  Progress (3): 0.6/1.0 MB | 0.7/6.3 MB | 490 kB    
2026.05.10 19:43:32 INFO  Progress (3): 0.7/1.0 MB | 0.7/6.3 MB | 490 kB
2026.05.10 19:43:32 INFO  Progress (3): 0.7/1.0 MB | 0.7/6.3 MB | 490 kB
2026.05.10 19:43:32 INFO  Progress (3): 0.7/1.0 MB | 0.7/6.3 MB | 490 kB
2026.05.10 19:43:32 INFO  Progress (3): 0.7/1.0 MB | 0.7/6.3 MB | 490 kB
2026.05.10 19:43:32 INFO  Progress (4): 0.7/1.0 MB | 0.7/6.3 MB | 490 kB | 7.7/165 kB
2026.05.10 19:43:32 INFO  Progress (4): 0.7/1.0 MB | 0.7/6.3 MB | 490 kB | 16/165 kB 
2026.05.10 19:43:32 INFO                                                            
2026.05.10 19:43:32 INFO  Downloaded from central: https://repo.maven.apache.org/maven2/org/scala-sbt/zinc-core_2.13/1.8.0/zinc-core_2.13-1.8.0.jar (490 kB at 355 kB/s)
2026.05.10 19:43:32 INFO  Downloading from central: https://repo.maven.apache.org/maven2/org/scala-sbt/zinc-classpath_2.13/1.8.0/zinc-classpath_2.13-1.8.0.jar
2026.05.10 19:43:32 INFO  Progress (3): 0.7/1.0 MB | 0.7/6.3 MB | 16/165 kB
2026.05.10 19:43:32 INFO  Progress (3): 0.7/1.0 MB | 0.7/6.3 MB | 24/165 kB
2026.05.10 19:43:32 INFO  Progress (3): 0.7/1.0 MB | 0.7/6.3 MB | 24/165 kB
2026.05.10 19:43:32 INFO  Progress (3): 0.7/1.0 MB | 0.7/6.3 MB | 24/165 kB
2026.05.10 19:43:32 INFO  Progress (3): 0.7/1.0 MB | 0.7/6.3 MB | 40/165 kB
2026.05.10 19:43:32 INFO  Progress (3): 0.7/1.0 MB | 0.7/6.3 MB | 40/165 kB
2026.05.10 19:43:32 INFO  Progress (3): 0.7/1.0 MB | 0.8/6.3 MB | 40/165 kB
2026.05.10 19:43:32 INFO  Progress (3): 0.7/1.0 MB | 0.8/6.3 MB | 40/165 kB
2026.05.10 19:43:32 INFO  Progress (3): 0.7/1.0 MB | 0.8/6.3 MB | 40/165 kB
2026.05.10 19:43:32 INFO  Progress (3): 0.7/1.0 MB | 0.8/6.3 MB | 57/165 kB
2026.05.10 19:43:32 INFO  Progress (3): 0.7/1.0 MB | 0.8/6.3 MB | 57/165 kB
2026.05.10 19:43:32 INFO  Progress (3): 0.7/1.0 MB | 0.8/6.3 MB | 57/165 kB
2026.05.10 19:43:32 INFO  Progress (3): 0.7/1.0 MB | 0.8/6.3 MB | 57/165 kB
2026.05.10 19:43:32 INFO  Progress (3): 0.7/1.0 MB | 0.8/6.3 MB | 57/165 kB
2026.05.10 19:43:32 INFO  Progress (3): 0.7/1.0 MB | 0.8/6.3 MB | 73/165 kB
2026.05.10 19:43:32 INFO  Progress (3): 0.7/1.0 MB | 0.8/6.3 MB | 73/165 kB
2026.05.10 19:43:32 INFO  Progress (3): 0.7/1.0 MB | 0.8/6.3 MB | 73/165 kB
2026.05.10 19:43:32 INFO  Progress (3): 0.7/1.0 MB | 0.9/6.3 MB | 73/165 kB
2026.05.10 19:43:32 INFO  Progress (3): 0.8/1.0 MB | 0.9/6.3 MB | 73/165 kB
2026.05.10 19:43:32 INFO  Progress (3): 0.8/1.0 MB | 0.9/6.3 MB | 73/165 kB
2026.05.10 19:43:32 INFO  Progress (3): 0.8/1.0 MB | 0.9/6.3 MB | 90/165 kB
2026.05.10 19:43:32 INFO  Progress (3): 0.8/1.0 MB | 0.9/6.3 MB | 90/165 kB
2026.05.10 19:43:32 INFO  Progress (3): 0.8/1.0 MB | 0.9/6.3 MB | 90/165 kB
2026.05.10 19:43:32 INFO  Progress (3): 0.8/1.0 MB | 0.9/6.3 MB | 90/165 kB
2026.05.10 19:43:32 INFO  Progress (3): 0.8/1.0 MB | 0.9/6.3 MB | 90/165 kB
2026.05.10 19:43:32 INFO  Progress (3): 0.8/1.0 MB | 0.9/6.3 MB | 90/165 kB
2026.05.10 19:43:32 INFO  Progress (3): 0.8/1.0 MB | 0.9/6.3 MB | 106/165 kB
2026.05.10 19:43:32 INFO  Progress (3): 0.8/1.0 MB | 0.9/6.3 MB | 106/165 kB
2026.05.10 19:43:32 INFO  Progress (3): 0.8/1.0 MB | 0.9/6.3 MB | 106/165 kB
2026.05.10 19:43:32 INFO  Progress (3): 0.8/1.0 MB | 1.0/6.3 MB | 106/165 kB
2026.05.10 19:43:32 INFO  Progress (3): 0.8/1.0 MB | 1.0/6.3 MB | 106/165 kB
2026.05.10 19:43:32 INFO  Progress (3): 0.8/1.0 MB | 1.0/6.3 MB | 122/165 kB
2026.05.10 19:43:32 INFO  Progress (3): 0.8/1.0 MB | 1.0/6.3 MB | 122/165 kB
2026.05.10 19:43:32 INFO  Progress (3): 0.8/1.0 MB | 1.0/6.3 MB | 122/165 kB
2026.05.10 19:43:32 INFO  Progress (3): 0.8/1.0 MB | 1.0/6.3 MB | 122/165 kB
2026.05.10 19:43:32 INFO  Progress (3): 0.8/1.0 MB | 1.0/6.3 MB | 130/165 kB
2026.05.10 19:43:32 INFO  Progress (3): 0.8/1.0 MB | 1.0/6.3 MB | 130/165 kB
2026.05.10 19:43:32 INFO  Progress (3): 0.9/1.0 MB | 1.0/6.3 MB | 130/165 kB
2026.05.10 19:43:32 INFO  Progress (3): 0.9/1.0 MB | 1.0/6.3 MB | 130/165 kB
2026.05.10 19:43:32 INFO  Progress (3): 0.9/1.0 MB | 1.0/6.3 MB | 130/165 kB
2026.05.10 19:43:32 INFO  Progress (3): 0.9/1.0 MB | 1.0/6.3 MB | 130/165 kB
2026.05.10 19:43:32 INFO  Progress (3): 0.9/1.0 MB | 1.0/6.3 MB | 130/165 kB
2026.05.10 19:43:32 INFO  Progress (3): 0.9/1.0 MB | 1.0/6.3 MB | 130/165 kB
2026.05.10 19:43:32 INFO  Progress (3): 0.9/1.0 MB | 1.1/6.3 MB | 130/165 kB
2026.05.10 19:43:32 INFO  Progress (3): 0.9/1.0 MB | 1.1/6.3 MB | 130/165 kB
2026.05.10 19:43:32 INFO  Progress (3): 0.9/1.0 MB | 1.1/6.3 MB | 130/165 kB
2026.05.10 19:43:32 INFO  Progress (3): 0.9/1.0 MB | 1.1/6.3 MB | 130/165 kB
2026.05.10 19:43:32 INFO  Progress (3): 0.9/1.0 MB | 1.1/6.3 MB | 130/165 kB
2026.05.10 19:43:33 INFO  Progress (3): 0.9/1.0 MB | 1.1/6.3 MB | 130/165 kB
2026.05.10 19:43:33 INFO  Progress (4): 0.9/1.0 MB | 1.1/6.3 MB | 130/165 kB | 7.7/243 kB
2026.05.10 19:43:33 INFO  Progress (4): 0.9/1.0 MB | 1.1/6.3 MB | 130/165 kB | 8.2/243 kB
2026.05.10 19:43:33 INFO  Progress (4): 0.9/1.0 MB | 1.1/6.3 MB | 130/165 kB | 25/243 kB 
2026.05.10 19:43:33 INFO  Progress (4): 1.0/1.0 MB | 1.1/6.3 MB | 130/165 kB | 25/243 kB
2026.05.10 19:43:33 INFO  Progress (4): 1.0/1.0 MB | 1.1/6.3 MB | 130/165 kB | 41/243 kB
2026.05.10 19:43:33 INFO  Progress (4): 1.0/1.0 MB | 1.1/6.3 MB | 130/165 kB | 41/243 kB
2026.05.10 19:43:33 INFO  Progress (4): 1.0/1.0 MB | 1.1/6.3 MB | 130/165 kB | 41/243 kB
2026.05.10 19:43:33 INFO  Progress (4): 1.0/1.0 MB | 1.1/6.3 MB | 130/165 kB | 57/243 kB
2026.05.10 19:43:33 INFO  Progress (4): 1.0/1.0 MB | 1.1/6.3 MB | 130/165 kB | 74/243 kB
2026.05.10 19:43:33 INFO  Progress (4): 1.0/1.0 MB | 1.1/6.3 MB | 130/165 kB | 90/243 kB
2026.05.10 19:43:33 INFO  Progress (4): 1.0/1.0 MB | 1.1/6.3 MB | 130/165 kB | 106/243 kB
2026.05.10 19:43:33 INFO  Progress (4): 1.0/1.0 MB | 1.1/6.3 MB | 130/165 kB | 106/243 kB
2026.05.10 19:43:33 INFO  Progress (4): 1.0/1.0 MB | 1.1/6.3 MB | 130/165 kB | 106/243 kB
2026.05.10 19:43:33 INFO  Progress (4): 1.0/1.0 MB | 1.1/6.3 MB | 130/165 kB | 123/243 kB
2026.05.10 19:43:33 INFO  Progress (4): 1.0/1.0 MB | 1.1/6.3 MB | 130/165 kB | 139/243 kB
2026.05.10 19:43:33 INFO  Progress (4): 1.0/1.0 MB | 1.2/6.3 MB | 130/165 kB | 139/243 kB
2026.05.10 19:43:33 INFO  Progress (4): 1.0/1.0 MB | 1.2/6.3 MB | 146/165 kB | 139/243 kB
2026.05.10 19:43:33 INFO  Progress (4): 1.0/1.0 MB | 1.2/6.3 MB | 146/165 kB | 139/243 kB
2026.05.10 19:43:33 INFO  Progress (4): 1.0/1.0 MB | 1.2/6.3 MB | 146/165 kB | 139/243 kB
2026.05.10 19:43:33 INFO  Progress (4): 1.0 MB | 1.2/6.3 MB | 146/165 kB | 139/243 kB    
2026.05.10 19:43:33 INFO  Progress (4): 1.0 MB | 1.2/6.3 MB | 146/165 kB | 156/243 kB
2026.05.10 19:43:33 INFO  Progress (4): 1.0 MB | 1.2/6.3 MB | 146/165 kB | 172/243 kB
2026.05.10 19:43:33 INFO  Progress (4): 1.0 MB | 1.2/6.3 MB | 163/165 kB | 172/243 kB
2026.05.10 19:43:33 INFO  Progress (4): 1.0 MB | 1.2/6.3 MB | 163/165 kB | 188/243 kB
2026.05.10 19:43:33 INFO  Progress (4): 1.0 MB | 1.2/6.3 MB | 163/165 kB | 188/243 kB
2026.05.10 19:43:33 INFO  Progress (4): 1.0 MB | 1.2/6.3 MB | 165 kB | 188/243 kB    
2026.05.10 19:43:33 INFO  Progress (4): 1.0 MB | 1.2/6.3 MB | 165 kB | 188/243 kB
2026.05.10 19:43:33 INFO  Progress (4): 1.0 MB | 1.2/6.3 MB | 165 kB | 188/243 kB
2026.05.10 19:43:33 INFO  Progress (5): 1.0 MB | 1.2/6.3 MB | 165 kB | 188/243 kB | 4.1/89 kB
2026.05.10 19:43:33 INFO  Progress (5): 1.0 MB | 1.2/6.3 MB | 165 kB | 188/243 kB | 20/89 kB 
2026.05.10 19:43:33 INFO  Progress (5): 1.0 MB | 1.2/6.3 MB | 165 kB | 188/243 kB | 20/89 kB
2026.05.10 19:43:33 INFO  Progress (5): 1.0 MB | 1.2/6.3 MB | 165 kB | 188/243 kB | 29/89 kB
2026.05.10 19:43:33 INFO  Progress (5): 1.0 MB | 1.2/6.3 MB | 165 kB | 188/243 kB | 45/89 kB
2026.05.10 19:43:33 INFO                                                                    
2026.05.10 19:43:33 INFO  Downloaded from central: https://repo.maven.apache.org/maven2/org/apache/commons/commons-compress/1.21/commons-compress-1.21.jar (1.0 MB at 647 kB/s)
2026.05.10 19:43:33 INFO  Downloading from central: https://repo.maven.apache.org/maven2/org/scala-lang/scala-compiler/2.13.8/scala-compiler-2.13.8.jar
2026.05.10 19:43:33 INFO  Progress (4): 1.2/6.3 MB | 165 kB | 188/243 kB | 61/89 kB
2026.05.10 19:43:33 INFO  Progress (4): 1.2/6.3 MB | 165 kB | 188/243 kB | 78/89 kB
2026.05.10 19:43:33 INFO                                                           
2026.05.10 19:43:33 INFO  Downloaded from central: https://repo.maven.apache.org/maven2/org/scala-sbt/zinc-apiinfo_2.13/1.8.0/zinc-apiinfo_2.13-1.8.0.jar (165 kB at 104 kB/s)
2026.05.10 19:43:33 INFO  Downloading from central: https://repo.maven.apache.org/maven2/org/scala-sbt/compiler-interface/1.8.0/compiler-interface-1.8.0.jar
2026.05.10 19:43:33 INFO  Progress (3): 1.2/6.3 MB | 188/243 kB | 78/89 kB
2026.05.10 19:43:33 INFO  Progress (3): 1.3/6.3 MB | 188/243 kB | 78/89 kB
2026.05.10 19:43:33 INFO  Progress (3): 1.3/6.3 MB | 188/243 kB | 89 kB   
2026.05.10 19:43:33 INFO  Progress (3): 1.3/6.3 MB | 188/243 kB | 89 kB
2026.05.10 19:43:33 INFO  Progress (3): 1.3/6.3 MB | 188/243 kB | 89 kB
2026.05.10 19:43:33 INFO  Progress (3): 1.3/6.3 MB | 188/243 kB | 89 kB
2026.05.10 19:43:33 INFO  Progress (3): 1.3/6.3 MB | 188/243 kB | 89 kB
2026.05.10 19:43:33 INFO  Progress (3): 1.3/6.3 MB | 188/243 kB | 89 kB
2026.05.10 19:43:33 INFO                                               
2026.05.10 19:43:33 INFO  Downloaded from central: https://repo.maven.apache.org/maven2/org/scala-sbt/zinc-classpath_2.13/1.8.0/zinc-classpath_2.13-1.8.0.jar (89 kB at 55 kB/s)
2026.05.10 19:43:33 INFO  Downloading from central: https://repo.maven.apache.org/maven2/org/scala-sbt/util-interface/1.8.0/util-interface-1.8.0.jar
2026.05.10 19:43:33 INFO  Progress (2): 1.4/6.3 MB | 188/243 kB
2026.05.10 19:43:33 INFO  Progress (2): 1.4/6.3 MB | 188/243 kB
2026.05.10 19:43:33 INFO  Progress (2): 1.4/6.3 MB | 188/243 kB
2026.05.10 19:43:33 INFO  Progress (2): 1.4/6.3 MB | 188/243 kB
2026.05.10 19:43:33 INFO  Progress (2): 1.4/6.3 MB | 188/243 kB
2026.05.10 19:43:33 INFO  Progress (2): 1.4/6.3 MB | 188/243 kB
2026.05.10 19:43:33 INFO  Progress (2): 1.4/6.3 MB | 188/243 kB
2026.05.10 19:43:33 INFO  Progress (2): 1.5/6.3 MB | 188/243 kB
2026.05.10 19:43:33 INFO  Progress (2): 1.5/6.3 MB | 188/243 kB
2026.05.10 19:43:33 INFO  Progress (2): 1.5/6.3 MB | 188/243 kB
2026.05.10 19:43:33 INFO  Progress (2): 1.5/6.3 MB | 188/243 kB
2026.05.10 19:43:33 INFO  Progress (2): 1.5/6.3 MB | 188/243 kB
2026.05.10 19:43:33 INFO  Progress (2): 1.5/6.3 MB | 205/243 kB
2026.05.10 19:43:33 INFO  Progress (2): 1.5/6.3 MB | 205/243 kB
2026.05.10 19:43:33 INFO  Progress (2): 1.6/6.3 MB | 205/243 kB
2026.05.10 19:43:33 INFO  Progress (2): 1.6/6.3 MB | 221/243 kB
2026.05.10 19:43:33 INFO  Progress (2): 1.6/6.3 MB | 221/243 kB
2026.05.10 19:43:33 INFO  Progress (2): 1.6/6.3 MB | 221/243 kB
2026.05.10 19:43:33 INFO  Progress (2): 1.6/6.3 MB | 221/243 kB
2026.05.10 19:43:33 INFO  Progress (2): 1.6/6.3 MB | 238/243 kB
2026.05.10 19:43:33 INFO  Progress (2): 1.6/6.3 MB | 238/243 kB
2026.05.10 19:43:33 INFO  Progress (2): 1.6/6.3 MB | 243 kB    
2026.05.10 19:43:33 INFO  Progress (2): 1.6/6.3 MB | 243 kB
2026.05.10 19:43:33 INFO  Progress (2): 1.7/6.3 MB | 243 kB
2026.05.10 19:43:33 INFO  Progress (2): 1.7/6.3 MB | 243 kB
2026.05.10 19:43:33 INFO                                   
2026.05.10 19:43:33 INFO  Downloaded from central: https://repo.maven.apache.org/maven2/org/scala-sbt/compiler-bridge_2.13/1.8.0/compiler-bridge_2.13-1.8.0.jar (243 kB at 148 kB/s)
2026.05.10 19:43:33 INFO  Downloading from central: https://repo.maven.apache.org/maven2/org/scala-sbt/zinc-persist-core-assembly/1.8.0/zinc-persist-core-assembly-1.8.0.jar
2026.05.10 19:43:33 INFO  Progress (1): 1.7/6.3 MB
2026.05.10 19:43:33 INFO  Progress (1): 1.7/6.3 MB
2026.05.10 19:43:33 INFO  Progress (1): 1.7/6.3 MB
2026.05.10 19:43:33 INFO  Progress (1): 1.7/6.3 MB
2026.05.10 19:43:33 INFO  Progress (1): 1.8/6.3 MB
2026.05.10 19:43:33 INFO  Progress (1): 1.8/6.3 MB
2026.05.10 19:43:33 INFO  Progress (1): 1.8/6.3 MB
2026.05.10 19:43:33 INFO  Progress (1): 1.8/6.3 MB
2026.05.10 19:43:33 INFO  Progress (1): 1.8/6.3 MB
2026.05.10 19:43:33 INFO  Progress (1): 1.8/6.3 MB
2026.05.10 19:43:33 INFO  Progress (2): 1.8/6.3 MB | 0/12 MB
2026.05.10 19:43:33 INFO  Progress (2): 1.9/6.3 MB | 0/12 MB
2026.05.10 19:43:33 INFO  Progress (2): 1.9/6.3 MB | 0/12 MB
2026.05.10 19:43:33 INFO  Progress (2): 1.9/6.3 MB | 0/12 MB
2026.05.10 19:43:33 INFO  Progress (2): 1.9/6.3 MB | 0/12 MB
2026.05.10 19:43:33 INFO  Progress (2): 1.9/6.3 MB | 0/12 MB
2026.05.10 19:43:33 INFO  Progress (2): 1.9/6.3 MB | 0/12 MB
2026.05.10 19:43:33 INFO  Progress (2): 1.9/6.3 MB | 0/12 MB
2026.05.10 19:43:33 INFO  Progress (3): 1.9/6.3 MB | 0/12 MB | 8.2/112 kB
2026.05.10 19:43:33 INFO  Progress (3): 2.0/6.3 MB | 0/12 MB | 8.2/112 kB
2026.05.10 19:43:33 INFO  Progress (3): 2.0/6.3 MB | 0/12 MB | 8.2/112 kB
2026.05.10 19:43:33 INFO  Progress (3): 2.0/6.3 MB | 0/12 MB | 25/112 kB 
2026.05.10 19:43:33 INFO  Progress (3): 2.0/6.3 MB | 0/12 MB | 25/112 kB
2026.05.10 19:43:33 INFO  Progress (3): 2.0/6.3 MB | 0/12 MB | 25/112 kB
2026.05.10 19:43:33 INFO  Progress (3): 2.0/6.3 MB | 0/12 MB | 41/112 kB
2026.05.10 19:43:33 INFO  Progress (3): 2.0/6.3 MB | 0/12 MB | 41/112 kB
2026.05.10 19:43:33 INFO  Progress (3): 2.0/6.3 MB | 0/12 MB | 57/112 kB
2026.05.10 19:43:33 INFO  Progress (4): 2.0/6.3 MB | 0/12 MB | 57/112 kB | 3.3 kB
2026.05.10 19:43:33 INFO  Progress (4): 2.0/6.3 MB | 0.1/12 MB | 57/112 kB | 3.3 kB
2026.05.10 19:43:33 INFO  Progress (4): 2.0/6.3 MB | 0.1/12 MB | 74/112 kB | 3.3 kB
2026.05.10 19:43:33 INFO  Progress (4): 2.0/6.3 MB | 0.1/12 MB | 74/112 kB | 3.3 kB
2026.05.10 19:43:33 INFO                                                           
2026.05.10 19:43:33 INFO  Downloaded from central: https://repo.maven.apache.org/maven2/org/scala-sbt/util-interface/1.8.0/util-interface-1.8.0.jar (3.3 kB at 2.0 kB/s)
2026.05.10 19:43:33 INFO  Downloading from central: https://repo.maven.apache.org/maven2/org/scala-lang/modules/scala-parallel-collections_2.13/0.2.0/scala-parallel-collections_2.13-0.2.0.jar
2026.05.10 19:43:33 INFO  Progress (3): 2.0/6.3 MB | 0.1/12 MB | 90/112 kB
2026.05.10 19:43:33 INFO  Progress (3): 2.0/6.3 MB | 0.1/12 MB | 90/112 kB
2026.05.10 19:43:33 INFO  Progress (3): 2.1/6.3 MB | 0.1/12 MB | 90/112 kB
2026.05.10 19:43:33 INFO  Progress (3): 2.1/6.3 MB | 0.1/12 MB | 106/112 kB
2026.05.10 19:43:33 INFO  Progress (3): 2.1/6.3 MB | 0.1/12 MB | 112 kB    
2026.05.10 19:43:33 INFO  Progress (3): 2.1/6.3 MB | 0.1/12 MB | 112 kB
2026.05.10 19:43:33 INFO  Progress (3): 2.1/6.3 MB | 0.1/12 MB | 112 kB
2026.05.10 19:43:33 INFO  Progress (3): 2.1/6.3 MB | 0.1/12 MB | 112 kB
2026.05.10 19:43:33 INFO  Progress (3): 2.1/6.3 MB | 0.1/12 MB | 112 kB
2026.05.10 19:43:33 INFO                                               
2026.05.10 19:43:33 INFO  Downloaded from central: https://repo.maven.apache.org/maven2/org/scala-sbt/compiler-interface/1.8.0/compiler-interface-1.8.0.jar (112 kB at 65 kB/s)
2026.05.10 19:43:33 INFO  Downloading from central: https://repo.maven.apache.org/maven2/org/scala-sbt/io_2.13/1.8.0/io_2.13-1.8.0.jar
2026.05.10 19:43:33 INFO  Progress (2): 2.1/6.3 MB | 0.1/12 MB
2026.05.10 19:43:33 INFO  Progress (2): 2.1/6.3 MB | 0.1/12 MB
2026.05.10 19:43:33 INFO  Progress (2): 2.1/6.3 MB | 0.1/12 MB
2026.05.10 19:43:33 INFO  Progress (2): 2.2/6.3 MB | 0.1/12 MB
2026.05.10 19:43:33 INFO  Progress (2): 2.2/6.3 MB | 0.1/12 MB
2026.05.10 19:43:33 INFO  Progress (2): 2.2/6.3 MB | 0.1/12 MB
2026.05.10 19:43:33 INFO  Progress (2): 2.2/6.3 MB | 0.1/12 MB
2026.05.10 19:43:33 INFO  Progress (2): 2.2/6.3 MB | 0.1/12 MB
2026.05.10 19:43:33 INFO  Progress (2): 2.2/6.3 MB | 0.1/12 MB
2026.05.10 19:43:33 INFO  Progress (2): 2.2/6.3 MB | 0.1/12 MB
2026.05.10 19:43:33 INFO  Progress (2): 2.2/6.3 MB | 0.2/12 MB
2026.05.10 19:43:33 INFO  Progress (2): 2.2/6.3 MB | 0.2/12 MB
2026.05.10 19:43:33 INFO  Progress (2): 2.2/6.3 MB | 0.2/12 MB
2026.05.10 19:43:33 INFO  Progress (2): 2.2/6.3 MB | 0.2/12 MB
2026.05.10 19:43:33 INFO  Progress (2): 2.2/6.3 MB | 0.2/12 MB
2026.05.10 19:43:33 INFO  Progress (2): 2.2/6.3 MB | 0.2/12 MB
2026.05.10 19:43:33 INFO  Progress (2): 2.2/6.3 MB | 0.2/12 MB
2026.05.10 19:43:33 INFO  Progress (3): 2.2/6.3 MB | 0.2/12 MB | 0/2.6 MB
2026.05.10 19:43:33 INFO  Progress (3): 2.2/6.3 MB | 0.2/12 MB | 0/2.6 MB
2026.05.10 19:43:33 INFO  Progress (3): 2.2/6.3 MB | 0.2/12 MB | 0/2.6 MB
2026.05.10 19:43:33 INFO  Progress (3): 2.2/6.3 MB | 0.2/12 MB | 0/2.6 MB
2026.05.10 19:43:33 INFO  Progress (3): 2.2/6.3 MB | 0.2/12 MB | 0.1/2.6 MB
2026.05.10 19:43:33 INFO  Progress (3): 2.2/6.3 MB | 0.2/12 MB | 0.1/2.6 MB
2026.05.10 19:43:33 INFO  Progress (3): 2.2/6.3 MB | 0.2/12 MB | 0.1/2.6 MB
2026.05.10 19:43:33 INFO  Progress (3): 2.3/6.3 MB | 0.2/12 MB | 0.1/2.6 MB
2026.05.10 19:43:33 INFO  Progress (3): 2.3/6.3 MB | 0.2/12 MB | 0.1/2.6 MB
2026.05.10 19:43:33 INFO  Progress (3): 2.3/6.3 MB | 0.2/12 MB | 0.1/2.6 MB
2026.05.10 19:43:33 INFO  Progress (3): 2.3/6.3 MB | 0.2/12 MB | 0.1/2.6 MB
2026.05.10 19:43:33 INFO  Progress (3): 2.3/6.3 MB | 0.2/12 MB | 0.1/2.6 MB
2026.05.10 19:43:33 INFO  Progress (3): 2.3/6.3 MB | 0.2/12 MB | 0.1/2.6 MB
2026.05.10 19:43:33 INFO  Progress (3): 2.3/6.3 MB | 0.2/12 MB | 0.1/2.6 MB
2026.05.10 19:43:33 INFO  Progress (4): 2.3/6.3 MB | 0.2/12 MB | 0.1/2.6 MB | 0/1.1 MB
2026.05.10 19:43:33 INFO  Progress (4): 2.3/6.3 MB | 0.2/12 MB | 0.1/2.6 MB | 0/1.1 MB
2026.05.10 19:43:33 INFO  Progress (4): 2.3/6.3 MB | 0.2/12 MB | 0.1/2.6 MB | 0/1.1 MB
2026.05.10 19:43:33 INFO  Progress (4): 2.3/6.3 MB | 0.2/12 MB | 0.1/2.6 MB | 0/1.1 MB
2026.05.10 19:43:33 INFO  Progress (4): 2.3/6.3 MB | 0.2/12 MB | 0.1/2.6 MB | 0.1/1.1 MB
2026.05.10 19:43:33 INFO  Progress (4): 2.3/6.3 MB | 0.2/12 MB | 0.1/2.6 MB | 0.1/1.1 MB
2026.05.10 19:43:33 INFO  Progress (4): 2.3/6.3 MB | 0.2/12 MB | 0.1/2.6 MB | 0.1/1.1 MB
2026.05.10 19:43:33 INFO  Progress (4): 2.3/6.3 MB | 0.2/12 MB | 0.1/2.6 MB | 0.1/1.1 MB
2026.05.10 19:43:33 INFO  Progress (4): 2.3/6.3 MB | 0.2/12 MB | 0.1/2.6 MB | 0.1/1.1 MB
2026.05.10 19:43:33 INFO  Progress (4): 2.3/6.3 MB | 0.2/12 MB | 0.2/2.6 MB | 0.1/1.1 MB
2026.05.10 19:43:33 INFO  Progress (4): 2.3/6.3 MB | 0.2/12 MB | 0.2/2.6 MB | 0.1/1.1 MB
2026.05.10 19:43:33 INFO  Progress (4): 2.3/6.3 MB | 0.2/12 MB | 0.2/2.6 MB | 0.1/1.1 MB
2026.05.10 19:43:33 INFO  Progress (4): 2.3/6.3 MB | 0.2/12 MB | 0.2/2.6 MB | 0.1/1.1 MB
2026.05.10 19:43:33 INFO  Progress (4): 2.3/6.3 MB | 0.2/12 MB | 0.2/2.6 MB | 0.1/1.1 MB
2026.05.10 19:43:33 INFO  Progress (4): 2.3/6.3 MB | 0.2/12 MB | 0.2/2.6 MB | 0.1/1.1 MB
2026.05.10 19:43:33 INFO  Progress (4): 2.3/6.3 MB | 0.2/12 MB | 0.2/2.6 MB | 0.2/1.1 MB
2026.05.10 19:43:33 INFO  Progress (4): 2.3/6.3 MB | 0.2/12 MB | 0.2/2.6 MB | 0.2/1.1 MB
2026.05.10 19:43:33 INFO  Progress (4): 2.3/6.3 MB | 0.2/12 MB | 0.2/2.6 MB | 0.2/1.1 MB
2026.05.10 19:43:33 INFO  Progress (4): 2.3/6.3 MB | 0.2/12 MB | 0.2/2.6 MB | 0.2/1.1 MB
2026.05.10 19:43:33 INFO  Progress (4): 2.3/6.3 MB | 0.2/12 MB | 0.2/2.6 MB | 0.2/1.1 MB
2026.05.10 19:43:33 INFO  Progress (4): 2.3/6.3 MB | 0.2/12 MB | 0.2/2.6 MB | 0.2/1.1 MB
2026.05.10 19:43:33 INFO  Progress (4): 2.4/6.3 MB | 0.2/12 MB | 0.2/2.6 MB | 0.2/1.1 MB
2026.05.10 19:43:33 INFO  Progress (4): 2.4/6.3 MB | 0.2/12 MB | 0.2/2.6 MB | 0.3/1.1 MB
2026.05.10 19:43:33 INFO  Progress (4): 2.4/6.3 MB | 0.2/12 MB | 0.2/2.6 MB | 0.3/1.1 MB
2026.05.10 19:43:33 INFO  Progress (4): 2.4/6.3 MB | 0.2/12 MB | 0.2/2.6 MB | 0.3/1.1 MB
2026.05.10 19:43:33 INFO  Progress (4): 2.4/6.3 MB | 0.2/12 MB | 0.2/2.6 MB | 0.3/1.1 MB
2026.05.10 19:43:33 INFO  Progress (4): 2.4/6.3 MB | 0.2/12 MB | 0.2/2.6 MB | 0.3/1.1 MB
2026.05.10 19:43:33 INFO  Progress (4): 2.4/6.3 MB | 0.2/12 MB | 0.2/2.6 MB | 0.3/1.1 MB
2026.05.10 19:43:33 INFO  Progress (4): 2.4/6.3 MB | 0.2/12 MB | 0.2/2.6 MB | 0.3/1.1 MB
2026.05.10 19:43:33 INFO  Progress (4): 2.4/6.3 MB | 0.2/12 MB | 0.2/2.6 MB | 0.3/1.1 MB
2026.05.10 19:43:33 INFO  Progress (4): 2.4/6.3 MB | 0.2/12 MB | 0.2/2.6 MB | 0.4/1.1 MB
2026.05.10 19:43:33 INFO  Progress (4): 2.4/6.3 MB | 0.2/12 MB | 0.2/2.6 MB | 0.4/1.1 MB
2026.05.10 19:43:33 INFO  Progress (4): 2.4/6.3 MB | 0.2/12 MB | 0.2/2.6 MB | 0.4/1.1 MB
2026.05.10 19:43:33 INFO  Progress (4): 2.4/6.3 MB | 0.2/12 MB | 0.2/2.6 MB | 0.4/1.1 MB
2026.05.10 19:43:33 INFO  Progress (4): 2.4/6.3 MB | 0.2/12 MB | 0.2/2.6 MB | 0.4/1.1 MB
2026.05.10 19:43:33 INFO  Progress (4): 2.4/6.3 MB | 0.2/12 MB | 0.2/2.6 MB | 0.4/1.1 MB
2026.05.10 19:43:33 INFO  Progress (4): 2.4/6.3 MB | 0.2/12 MB | 0.2/2.6 MB | 0.4/1.1 MB
2026.05.10 19:43:33 INFO  Progress (4): 2.4/6.3 MB | 0.2/12 MB | 0.2/2.6 MB | 0.5/1.1 MB
2026.05.10 19:43:33 INFO  Progress (4): 2.4/6.3 MB | 0.2/12 MB | 0.2/2.6 MB | 0.5/1.1 MB
2026.05.10 19:43:33 INFO  Progress (4): 2.4/6.3 MB | 0.2/12 MB | 0.2/2.6 MB | 0.5/1.1 MB
2026.05.10 19:43:33 INFO  Progress (4): 2.4/6.3 MB | 0.2/12 MB | 0.2/2.6 MB | 0.5/1.1 MB
2026.05.10 19:43:33 INFO  Progress (4): 2.4/6.3 MB | 0.2/12 MB | 0.2/2.6 MB | 0.5/1.1 MB
2026.05.10 19:43:33 INFO  Progress (4): 2.4/6.3 MB | 0.2/12 MB | 0.2/2.6 MB | 0.5/1.1 MB
2026.05.10 19:43:33 INFO  Progress (4): 2.4/6.3 MB | 0.2/12 MB | 0.2/2.6 MB | 0.5/1.1 MB
2026.05.10 19:43:33 INFO  Progress (4): 2.4/6.3 MB | 0.2/12 MB | 0.2/2.6 MB | 0.5/1.1 MB
2026.05.10 19:43:33 INFO  Progress (4): 2.4/6.3 MB | 0.2/12 MB | 0.2/2.6 MB | 0.5/1.1 MB
2026.05.10 19:43:33 INFO  Progress (4): 2.4/6.3 MB | 0.2/12 MB | 0.2/2.6 MB | 0.6/1.1 MB
2026.05.10 19:43:33 INFO  Progress (4): 2.4/6.3 MB | 0.2/12 MB | 0.2/2.6 MB | 0.6/1.1 MB
2026.05.10 19:43:33 INFO  Progress (4): 2.4/6.3 MB | 0.2/12 MB | 0.2/2.6 MB | 0.6/1.1 MB
2026.05.10 19:43:33 INFO  Progress (4): 2.4/6.3 MB | 0.2/12 MB | 0.2/2.6 MB | 0.6/1.1 MB
2026.05.10 19:43:33 INFO  Progress (4): 2.4/6.3 MB | 0.2/12 MB | 0.2/2.6 MB | 0.6/1.1 MB
2026.05.10 19:43:33 INFO  Progress (4): 2.4/6.3 MB | 0.2/12 MB | 0.2/2.6 MB | 0.6/1.1 MB
2026.05.10 19:43:33 INFO  Progress (4): 2.4/6.3 MB | 0.2/12 MB | 0.2/2.6 MB | 0.6/1.1 MB
2026.05.10 19:43:33 INFO  Progress (4): 2.4/6.3 MB | 0.2/12 MB | 0.2/2.6 MB | 0.6/1.1 MB
2026.05.10 19:43:33 INFO  Progress (5): 2.4/6.3 MB | 0.2/12 MB | 0.2/2.6 MB | 0.6/1.1 MB | 7.7/636 kB
2026.05.10 19:43:33 INFO  Progress (5): 2.4/6.3 MB | 0.2/12 MB | 0.2/2.6 MB | 0.6/1.1 MB | 15/636 kB 
2026.05.10 19:43:33 INFO  Progress (5): 2.4/6.3 MB | 0.2/12 MB | 0.2/2.6 MB | 0.7/1.1 MB | 15/636 kB
2026.05.10 19:43:33 INFO  Progress (5): 2.4/6.3 MB | 0.2/12 MB | 0.2/2.6 MB | 0.7/1.1 MB | 15/636 kB
2026.05.10 19:43:33 INFO  Progress (5): 2.4/6.3 MB | 0.2/12 MB | 0.2/2.6 MB | 0.7/1.1 MB | 15/636 kB
2026.05.10 19:43:33 INFO  Progress (5): 2.4/6.3 MB | 0.2/12 MB | 0.2/2.6 MB | 0.7/1.1 MB | 32/636 kB
2026.05.10 19:43:33 INFO  Progress (5): 2.4/6.3 MB | 0.2/12 MB | 0.2/2.6 MB | 0.7/1.1 MB | 32/636 kB
2026.05.10 19:43:33 INFO  Progress (5): 2.4/6.3 MB | 0.2/12 MB | 0.2/2.6 MB | 0.7/1.1 MB | 32/636 kB
2026.05.10 19:43:33 INFO  Progress (5): 2.4/6.3 MB | 0.2/12 MB | 0.2/2.6 MB | 0.7/1.1 MB | 48/636 kB
2026.05.10 19:43:33 INFO  Progress (5): 2.4/6.3 MB | 0.2/12 MB | 0.2/2.6 MB | 0.7/1.1 MB | 48/636 kB
2026.05.10 19:43:33 INFO  Progress (5): 2.4/6.3 MB | 0.3/12 MB | 0.2/2.6 MB | 0.7/1.1 MB | 48/636 kB
2026.05.10 19:43:33 INFO  Progress (5): 2.4/6.3 MB | 0.3/12 MB | 0.2/2.6 MB | 0.7/1.1 MB | 65/636 kB
2026.05.10 19:43:33 INFO  Progress (5): 2.4/6.3 MB | 0.3/12 MB | 0.2/2.6 MB | 0.7/1.1 MB | 81/636 kB
2026.05.10 19:43:33 INFO  Progress (5): 2.5/6.3 MB | 0.3/12 MB | 0.2/2.6 MB | 0.7/1.1 MB | 81/636 kB
2026.05.10 19:43:33 INFO  Progress (5): 2.5/6.3 MB | 0.3/12 MB | 0.2/2.6 MB | 0.7/1.1 MB | 81/636 kB
2026.05.10 19:43:33 INFO  Progress (5): 2.5/6.3 MB | 0.3/12 MB | 0.2/2.6 MB | 0.7/1.1 MB | 81/636 kB
2026.05.10 19:43:33 INFO  Progress (5): 2.5/6.3 MB | 0.3/12 MB | 0.2/2.6 MB | 0.7/1.1 MB | 97/636 kB
2026.05.10 19:43:33 INFO  Progress (5): 2.5/6.3 MB | 0.3/12 MB | 0.2/2.6 MB | 0.7/1.1 MB | 97/636 kB
2026.05.10 19:43:33 INFO  Progress (5): 2.5/6.3 MB | 0.3/12 MB | 0.2/2.6 MB | 0.8/1.1 MB | 97/636 kB
2026.05.10 19:43:33 INFO  Progress (5): 2.5/6.3 MB | 0.3/12 MB | 0.2/2.6 MB | 0.8/1.1 MB | 97/636 kB
2026.05.10 19:43:33 INFO  Progress (5): 2.5/6.3 MB | 0.3/12 MB | 0.2/2.6 MB | 0.8/1.1 MB | 97/636 kB
2026.05.10 19:43:33 INFO  Progress (5): 2.5/6.3 MB | 0.3/12 MB | 0.2/2.6 MB | 0.8/1.1 MB | 114/636 kB
2026.05.10 19:43:33 INFO  Progress (5): 2.5/6.3 MB | 0.3/12 MB | 0.2/2.6 MB | 0.8/1.1 MB | 114/636 kB
2026.05.10 19:43:33 INFO  Progress (5): 2.5/6.3 MB | 0.3/12 MB | 0.2/2.6 MB | 0.8/1.1 MB | 114/636 kB
2026.05.10 19:43:33 INFO  Progress (5): 2.5/6.3 MB | 0.3/12 MB | 0.2/2.6 MB | 0.8/1.1 MB | 114/636 kB
2026.05.10 19:43:33 INFO  Progress (5): 2.5/6.3 MB | 0.3/12 MB | 0.2/2.6 MB | 0.8/1.1 MB | 130/636 kB
2026.05.10 19:43:33 INFO  Progress (5): 2.5/6.3 MB | 0.3/12 MB | 0.2/2.6 MB | 0.8/1.1 MB | 147/636 kB
2026.05.10 19:43:33 INFO  Progress (5): 2.5/6.3 MB | 0.3/12 MB | 0.2/2.6 MB | 0.8/1.1 MB | 147/636 kB
2026.05.10 19:43:33 INFO  Progress (5): 2.5/6.3 MB | 0.3/12 MB | 0.2/2.6 MB | 0.8/1.1 MB | 147/636 kB
2026.05.10 19:43:33 INFO  Progress (5): 2.5/6.3 MB | 0.3/12 MB | 0.2/2.6 MB | 0.8/1.1 MB | 147/636 kB
2026.05.10 19:43:33 INFO  Progress (5): 2.5/6.3 MB | 0.3/12 MB | 0.2/2.6 MB | 0.8/1.1 MB | 147/636 kB
2026.05.10 19:43:33 INFO  Progress (5): 2.5/6.3 MB | 0.3/12 MB | 0.2/2.6 MB | 0.8/1.1 MB | 163/636 kB
2026.05.10 19:43:33 INFO  Progress (5): 2.5/6.3 MB | 0.3/12 MB | 0.2/2.6 MB | 0.8/1.1 MB | 163/636 kB
2026.05.10 19:43:33 INFO  Progress (5): 2.6/6.3 MB | 0.3/12 MB | 0.2/2.6 MB | 0.8/1.1 MB | 163/636 kB
2026.05.10 19:43:33 INFO  Progress (5): 2.6/6.3 MB | 0.3/12 MB | 0.2/2.6 MB | 0.8/1.1 MB | 179/636 kB
2026.05.10 19:43:33 INFO  Progress (5): 2.6/6.3 MB | 0.3/12 MB | 0.2/2.6 MB | 0.8/1.1 MB | 179/636 kB
2026.05.10 19:43:33 INFO  Progress (5): 2.6/6.3 MB | 0.3/12 MB | 0.2/2.6 MB | 0.8/1.1 MB | 179/636 kB
2026.05.10 19:43:33 INFO  Progress (5): 2.6/6.3 MB | 0.3/12 MB | 0.2/2.6 MB | 0.8/1.1 MB | 179/636 kB
2026.05.10 19:43:33 INFO  Progress (5): 2.6/6.3 MB | 0.3/12 MB | 0.2/2.6 MB | 0.8/1.1 MB | 179/636 kB
2026.05.10 19:43:33 INFO  Progress (5): 2.6/6.3 MB | 0.3/12 MB | 0.2/2.6 MB | 0.8/1.1 MB | 179/636 kB
2026.05.10 19:43:33 INFO  Progress (5): 2.6/6.3 MB | 0.3/12 MB | 0.2/2.6 MB | 0.8/1.1 MB | 196/636 kB
2026.05.10 19:43:33 INFO  Progress (5): 2.6/6.3 MB | 0.3/12 MB | 0.2/2.6 MB | 0.8/1.1 MB | 196/636 kB
2026.05.10 19:43:33 INFO  Progress (5): 2.6/6.3 MB | 0.3/12 MB | 0.2/2.6 MB | 0.8/1.1 MB | 196/636 kB
2026.05.10 19:43:33 INFO  Progress (5): 2.6/6.3 MB | 0.3/12 MB | 0.2/2.6 MB | 0.9/1.1 MB | 196/636 kB
2026.05.10 19:43:33 INFO  Progress (5): 2.6/6.3 MB | 0.3/12 MB | 0.2/2.6 MB | 0.9/1.1 MB | 196/636 kB
2026.05.10 19:43:33 INFO  Progress (5): 2.6/6.3 MB | 0.3/12 MB | 0.3/2.6 MB | 0.9/1.1 MB | 196/636 kB
2026.05.10 19:43:33 INFO  Progress (5): 2.6/6.3 MB | 0.3/12 MB | 0.3/2.6 MB | 0.9/1.1 MB | 212/636 kB
2026.05.10 19:43:33 INFO  Progress (5): 2.6/6.3 MB | 0.3/12 MB | 0.3/2.6 MB | 0.9/1.1 MB | 212/636 kB
2026.05.10 19:43:33 INFO  Progress (5): 2.6/6.3 MB | 0.3/12 MB | 0.3/2.6 MB | 0.9/1.1 MB | 228/636 kB
2026.05.10 19:43:33 INFO  Progress (5): 2.6/6.3 MB | 0.3/12 MB | 0.3/2.6 MB | 0.9/1.1 MB | 228/636 kB
2026.05.10 19:43:33 INFO  Progress (5): 2.6/6.3 MB | 0.3/12 MB | 0.3/2.6 MB | 0.9/1.1 MB | 228/636 kB
2026.05.10 19:43:33 INFO  Progress (5): 2.6/6.3 MB | 0.3/12 MB | 0.3/2.6 MB | 0.9/1.1 MB | 228/636 kB
2026.05.10 19:43:33 INFO  Progress (5): 2.6/6.3 MB | 0.3/12 MB | 0.3/2.6 MB | 0.9/1.1 MB | 228/636 kB
2026.05.10 19:43:33 INFO  Progress (5): 2.6/6.3 MB | 0.3/12 MB | 0.3/2.6 MB | 0.9/1.1 MB | 228/636 kB
2026.05.10 19:43:33 INFO  Progress (5): 2.6/6.3 MB | 0.4/12 MB | 0.3/2.6 MB | 0.9/1.1 MB | 228/636 kB
2026.05.10 19:43:33 INFO  Progress (5): 2.6/6.3 MB | 0.4/12 MB | 0.3/2.6 MB | 0.9/1.1 MB | 228/636 kB
2026.05.10 19:43:33 INFO  Progress (5): 2.6/6.3 MB | 0.4/12 MB | 0.3/2.6 MB | 0.9/1.1 MB | 228/636 kB
2026.05.10 19:43:33 INFO  Progress (5): 2.6/6.3 MB | 0.4/12 MB | 0.3/2.6 MB | 0.9/1.1 MB | 245/636 kB
2026.05.10 19:43:33 INFO  Progress (5): 2.6/6.3 MB | 0.4/12 MB | 0.3/2.6 MB | 0.9/1.1 MB | 245/636 kB
2026.05.10 19:43:33 INFO  Progress (5): 2.6/6.3 MB | 0.4/12 MB | 0.3/2.6 MB | 0.9/1.1 MB | 245/636 kB
2026.05.10 19:43:33 INFO  Progress (5): 2.6/6.3 MB | 0.4/12 MB | 0.3/2.6 MB | 0.9/1.1 MB | 245/636 kB
2026.05.10 19:43:33 INFO  Progress (5): 2.6/6.3 MB | 0.4/12 MB | 0.3/2.6 MB | 0.9/1.1 MB | 261/636 kB
2026.05.10 19:43:33 INFO  Progress (5): 2.7/6.3 MB | 0.4/12 MB | 0.3/2.6 MB | 0.9/1.1 MB | 261/636 kB
2026.05.10 19:43:33 INFO  Progress (5): 2.7/6.3 MB | 0.4/12 MB | 0.3/2.6 MB | 0.9/1.1 MB | 261/636 kB
2026.05.10 19:43:33 INFO  Progress (5): 2.7/6.3 MB | 0.4/12 MB | 0.3/2.6 MB | 0.9/1.1 MB | 261/636 kB
2026.05.10 19:43:33 INFO  Progress (5): 2.7/6.3 MB | 0.4/12 MB | 0.3/2.6 MB | 0.9/1.1 MB | 278/636 kB
2026.05.10 19:43:33 INFO  Progress (5): 2.7/6.3 MB | 0.4/12 MB | 0.3/2.6 MB | 0.9/1.1 MB | 278/636 kB
2026.05.10 19:43:33 INFO  Progress (5): 2.7/6.3 MB | 0.4/12 MB | 0.3/2.6 MB | 0.9/1.1 MB | 278/636 kB
2026.05.10 19:43:33 INFO  Progress (5): 2.7/6.3 MB | 0.4/12 MB | 0.3/2.6 MB | 0.9/1.1 MB | 278/636 kB
2026.05.10 19:43:33 INFO  Progress (5): 2.7/6.3 MB | 0.4/12 MB | 0.3/2.6 MB | 0.9/1.1 MB | 278/636 kB
2026.05.10 19:43:33 INFO  Progress (5): 2.7/6.3 MB | 0.4/12 MB | 0.3/2.6 MB | 0.9/1.1 MB | 294/636 kB
2026.05.10 19:43:33 INFO  Progress (5): 2.7/6.3 MB | 0.4/12 MB | 0.3/2.6 MB | 0.9/1.1 MB | 294/636 kB
2026.05.10 19:43:33 INFO  Progress (5): 2.7/6.3 MB | 0.4/12 MB | 0.3/2.6 MB | 1.0/1.1 MB | 294/636 kB
2026.05.10 19:43:33 INFO  Progress (5): 2.7/6.3 MB | 0.4/12 MB | 0.3/2.6 MB | 1.0/1.1 MB | 294/636 kB
2026.05.10 19:43:33 INFO  Progress (5): 2.7/6.3 MB | 0.4/12 MB | 0.3/2.6 MB | 1.0/1.1 MB | 310/636 kB
2026.05.10 19:43:33 INFO  Progress (5): 2.7/6.3 MB | 0.4/12 MB | 0.3/2.6 MB | 1.0/1.1 MB | 310/636 kB
2026.05.10 19:43:33 INFO  Progress (5): 2.7/6.3 MB | 0.4/12 MB | 0.3/2.6 MB | 1.0/1.1 MB | 310/636 kB
2026.05.10 19:43:33 INFO  Progress (5): 2.7/6.3 MB | 0.4/12 MB | 0.4/2.6 MB | 1.0/1.1 MB | 310/636 kB
2026.05.10 19:43:33 INFO  Progress (5): 2.7/6.3 MB | 0.4/12 MB | 0.4/2.6 MB | 1.0/1.1 MB | 310/636 kB
2026.05.10 19:43:33 INFO  Progress (5): 2.7/6.3 MB | 0.4/12 MB | 0.4/2.6 MB | 1.0/1.1 MB | 327/636 kB
2026.05.10 19:43:33 INFO  Progress (5): 2.7/6.3 MB | 0.4/12 MB | 0.4/2.6 MB | 1.0/1.1 MB | 327/636 kB
2026.05.10 19:43:33 INFO  Progress (5): 2.7/6.3 MB | 0.4/12 MB | 0.4/2.6 MB | 1.0/1.1 MB | 327/636 kB
2026.05.10 19:43:33 INFO  Progress (5): 2.7/6.3 MB | 0.4/12 MB | 0.4/2.6 MB | 1.0/1.1 MB | 327/636 kB
2026.05.10 19:43:33 INFO  Progress (5): 2.7/6.3 MB | 0.4/12 MB | 0.4/2.6 MB | 1.0/1.1 MB | 327/636 kB
2026.05.10 19:43:33 INFO  Progress (5): 2.7/6.3 MB | 0.5/12 MB | 0.4/2.6 MB | 1.0/1.1 MB | 327/636 kB
2026.05.10 19:43:33 INFO  Progress (5): 2.7/6.3 MB | 0.5/12 MB | 0.4/2.6 MB | 1.0/1.1 MB | 327/636 kB
2026.05.10 19:43:33 INFO  Progress (5): 2.7/6.3 MB | 0.5/12 MB | 0.4/2.6 MB | 1.0/1.1 MB | 327/636 kB
2026.05.10 19:43:33 INFO  Progress (5): 2.7/6.3 MB | 0.5/12 MB | 0.4/2.6 MB | 1.0/1.1 MB | 343/636 kB
2026.05.10 19:43:33 INFO  Progress (5): 2.7/6.3 MB | 0.5/12 MB | 0.4/2.6 MB | 1.0/1.1 MB | 343/636 kB
2026.05.10 19:43:33 INFO  Progress (5): 2.7/6.3 MB | 0.5/12 MB | 0.4/2.6 MB | 1.0/1.1 MB | 343/636 kB
2026.05.10 19:43:33 INFO  Progress (5): 2.7/6.3 MB | 0.5/12 MB | 0.4/2.6 MB | 1.0/1.1 MB | 360/636 kB
2026.05.10 19:43:33 INFO  Progress (5): 2.7/6.3 MB | 0.5/12 MB | 0.4/2.6 MB | 1.0/1.1 MB | 360/636 kB
2026.05.10 19:43:33 INFO  Progress (5): 2.7/6.3 MB | 0.5/12 MB | 0.4/2.6 MB | 1.0/1.1 MB | 360/636 kB
2026.05.10 19:43:33 INFO  Progress (5): 2.8/6.3 MB | 0.5/12 MB | 0.4/2.6 MB | 1.0/1.1 MB | 360/636 kB
2026.05.10 19:43:33 INFO  Progress (5): 2.8/6.3 MB | 0.5/12 MB | 0.4/2.6 MB | 1.0/1.1 MB | 376/636 kB
2026.05.10 19:43:33 INFO  Progress (5): 2.8/6.3 MB | 0.5/12 MB | 0.4/2.6 MB | 1.0/1.1 MB | 376/636 kB
2026.05.10 19:43:33 INFO  Progress (5): 2.8/6.3 MB | 0.5/12 MB | 0.4/2.6 MB | 1.0/1.1 MB | 376/636 kB
2026.05.10 19:43:33 INFO  Progress (5): 2.8/6.3 MB | 0.5/12 MB | 0.4/2.6 MB | 1.0/1.1 MB | 376/636 kB
2026.05.10 19:43:33 INFO  Progress (5): 2.8/6.3 MB | 0.5/12 MB | 0.4/2.6 MB | 1.0/1.1 MB | 376/636 kB
2026.05.10 19:43:33 INFO  Progress (5): 2.8/6.3 MB | 0.5/12 MB | 0.4/2.6 MB | 1.0/1.1 MB | 376/636 kB
2026.05.10 19:43:33 INFO  Progress (5): 2.8/6.3 MB | 0.5/12 MB | 0.4/2.6 MB | 1.0/1.1 MB | 392/636 kB
2026.05.10 19:43:33 INFO  Progress (5): 2.8/6.3 MB | 0.5/12 MB | 0.4/2.6 MB | 1.0/1.1 MB | 409/636 kB
2026.05.10 19:43:33 INFO  Progress (5): 2.8/6.3 MB | 0.5/12 MB | 0.4/2.6 MB | 1.0/1.1 MB | 409/636 kB
2026.05.10 19:43:33 INFO  Progress (5): 2.8/6.3 MB | 0.5/12 MB | 0.4/2.6 MB | 1.0/1.1 MB | 409/636 kB
2026.05.10 19:43:33 INFO  Progress (5): 2.8/6.3 MB | 0.5/12 MB | 0.4/2.6 MB | 1.0/1.1 MB | 409/636 kB
2026.05.10 19:43:33 INFO  Progress (5): 2.8/6.3 MB | 0.5/12 MB | 0.4/2.6 MB | 1.1/1.1 MB | 409/636 kB
2026.05.10 19:43:33 INFO  Progress (5): 2.8/6.3 MB | 0.5/12 MB | 0.4/2.6 MB | 1.1/1.1 MB | 425/636 kB
2026.05.10 19:43:33 INFO  Progress (5): 2.8/6.3 MB | 0.5/12 MB | 0.4/2.6 MB | 1.1/1.1 MB | 425/636 kB
2026.05.10 19:43:33 INFO  Progress (5): 2.8/6.3 MB | 0.5/12 MB | 0.4/2.6 MB | 1.1/1.1 MB | 425/636 kB
2026.05.10 19:43:33 INFO  Progress (5): 2.8/6.3 MB | 0.5/12 MB | 0.4/2.6 MB | 1.1/1.1 MB | 425/636 kB
2026.05.10 19:43:33 INFO  Progress (5): 2.8/6.3 MB | 0.5/12 MB | 0.4/2.6 MB | 1.1/1.1 MB | 425/636 kB
2026.05.10 19:43:33 INFO  Progress (5): 2.8/6.3 MB | 0.6/12 MB | 0.4/2.6 MB | 1.1/1.1 MB | 425/636 kB
2026.05.10 19:43:33 INFO  Progress (5): 2.8/6.3 MB | 0.6/12 MB | 0.4/2.6 MB | 1.1/1.1 MB | 425/636 kB
2026.05.10 19:43:33 INFO  Progress (5): 2.8/6.3 MB | 0.6/12 MB | 0.4/2.6 MB | 1.1/1.1 MB | 425/636 kB
2026.05.10 19:43:33 INFO  Progress (5): 2.8/6.3 MB | 0.6/12 MB | 0.4/2.6 MB | 1.1/1.1 MB | 425/636 kB
2026.05.10 19:43:33 INFO  Progress (5): 2.8/6.3 MB | 0.6/12 MB | 0.4/2.6 MB | 1.1/1.1 MB | 425/636 kB
2026.05.10 19:43:33 INFO  Progress (5): 2.8/6.3 MB | 0.6/12 MB | 0.5/2.6 MB | 1.1/1.1 MB | 425/636 kB
2026.05.10 19:43:33 INFO  Progress (5): 2.8/6.3 MB | 0.6/12 MB | 0.5/2.6 MB | 1.1/1.1 MB | 425/636 kB
2026.05.10 19:43:33 INFO  Progress (5): 2.8/6.3 MB | 0.6/12 MB | 0.5/2.6 MB | 1.1 MB | 425/636 kB    
2026.05.10 19:43:33 INFO                                                                         
2026.05.10 19:43:33 INFO  Downloaded from central: https://repo.maven.apache.org/maven2/org/scala-lang/modules/scala-parallel-collections_2.13/0.2.0/scala-parallel-collections_2.13-0.2.0.jar (1.1 MB at 527 kB/s)
2026.05.10 19:43:33 INFO  Downloading from central: https://repo.maven.apache.org/maven2/com/swoval/file-tree-views/2.1.9/file-tree-views-2.1.9.jar
2026.05.10 19:43:33 INFO  Progress (4): 2.9/6.3 MB | 0.6/12 MB | 0.5/2.6 MB | 425/636 kB
2026.05.10 19:43:33 INFO  Progress (4): 2.9/6.3 MB | 0.6/12 MB | 0.5/2.6 MB | 425/636 kB
2026.05.10 19:43:33 INFO  Progress (4): 2.9/6.3 MB | 0.6/12 MB | 0.5/2.6 MB | 425/636 kB
2026.05.10 19:43:33 INFO  Progress (4): 2.9/6.3 MB | 0.6/12 MB | 0.5/2.6 MB | 425/636 kB
2026.05.10 19:43:33 INFO  Progress (4): 2.9/6.3 MB | 0.6/12 MB | 0.5/2.6 MB | 425/636 kB
2026.05.10 19:43:33 INFO  Progress (4): 2.9/6.3 MB | 0.6/12 MB | 0.5/2.6 MB | 425/636 kB
2026.05.10 19:43:33 INFO  Progress (4): 2.9/6.3 MB | 0.6/12 MB | 0.5/2.6 MB | 425/636 kB
2026.05.10 19:43:33 INFO  Progress (4): 2.9/6.3 MB | 0.7/12 MB | 0.5/2.6 MB | 425/636 kB
2026.05.10 19:43:33 INFO  Progress (4): 2.9/6.3 MB | 0.7/12 MB | 0.5/2.6 MB | 425/636 kB
2026.05.10 19:43:33 INFO  Progress (4): 2.9/6.3 MB | 0.7/12 MB | 0.5/2.6 MB | 425/636 kB
2026.05.10 19:43:33 INFO  Progress (4): 2.9/6.3 MB | 0.7/12 MB | 0.5/2.6 MB | 425/636 kB
2026.05.10 19:43:33 INFO  Progress (4): 2.9/6.3 MB | 0.7/12 MB | 0.5/2.6 MB | 425/636 kB
2026.05.10 19:43:33 INFO  Progress (4): 2.9/6.3 MB | 0.7/12 MB | 0.5/2.6 MB | 425/636 kB
2026.05.10 19:43:33 INFO  Progress (4): 2.9/6.3 MB | 0.7/12 MB | 0.5/2.6 MB | 425/636 kB
2026.05.10 19:43:33 INFO  Progress (4): 2.9/6.3 MB | 0.7/12 MB | 0.6/2.6 MB | 425/636 kB
2026.05.10 19:43:33 INFO  Progress (4): 2.9/6.3 MB | 0.7/12 MB | 0.6/2.6 MB | 425/636 kB
2026.05.10 19:43:33 INFO  Progress (4): 2.9/6.3 MB | 0.7/12 MB | 0.6/2.6 MB | 425/636 kB
2026.05.10 19:43:33 INFO  Progress (4): 2.9/6.3 MB | 0.7/12 MB | 0.6/2.6 MB | 425/636 kB
2026.05.10 19:43:33 INFO  Progress (4): 2.9/6.3 MB | 0.7/12 MB | 0.6/2.6 MB | 441/636 kB
2026.05.10 19:43:33 INFO  Progress (4): 2.9/6.3 MB | 0.7/12 MB | 0.6/2.6 MB | 441/636 kB
2026.05.10 19:43:33 INFO  Progress (4): 2.9/6.3 MB | 0.7/12 MB | 0.6/2.6 MB | 458/636 kB
2026.05.10 19:43:33 INFO  Progress (4): 2.9/6.3 MB | 0.7/12 MB | 0.6/2.6 MB | 474/636 kB
2026.05.10 19:43:33 INFO  Progress (4): 2.9/6.3 MB | 0.7/12 MB | 0.6/2.6 MB | 491/636 kB
2026.05.10 19:43:33 INFO  Progress (4): 2.9/6.3 MB | 0.7/12 MB | 0.6/2.6 MB | 491/636 kB
2026.05.10 19:43:33 INFO  Progress (4): 2.9/6.3 MB | 0.7/12 MB | 0.6/2.6 MB | 507/636 kB
2026.05.10 19:43:33 INFO  Progress (4): 2.9/6.3 MB | 0.7/12 MB | 0.6/2.6 MB | 523/636 kB
2026.05.10 19:43:33 INFO  Progress (4): 2.9/6.3 MB | 0.7/12 MB | 0.6/2.6 MB | 540/636 kB
2026.05.10 19:43:33 INFO  Progress (4): 2.9/6.3 MB | 0.7/12 MB | 0.6/2.6 MB | 556/636 kB
2026.05.10 19:43:33 INFO  Progress (4): 2.9/6.3 MB | 0.7/12 MB | 0.6/2.6 MB | 573/636 kB
2026.05.10 19:43:33 INFO  Progress (4): 2.9/6.3 MB | 0.7/12 MB | 0.6/2.6 MB | 589/636 kB
2026.05.10 19:43:33 INFO  Progress (4): 2.9/6.3 MB | 0.7/12 MB | 0.6/2.6 MB | 605/636 kB
2026.05.10 19:43:33 INFO  Progress (4): 2.9/6.3 MB | 0.7/12 MB | 0.6/2.6 MB | 622/636 kB
2026.05.10 19:43:33 INFO  Progress (4): 2.9/6.3 MB | 0.7/12 MB | 0.6/2.6 MB | 636 kB    
2026.05.10 19:43:33 INFO  Progress (5): 2.9/6.3 MB | 0.7/12 MB | 0.6/2.6 MB | 636 kB | 7.7/229 kB
2026.05.10 19:43:33 INFO  Progress (5): 2.9/6.3 MB | 0.7/12 MB | 0.6/2.6 MB | 636 kB | 16/229 kB 
2026.05.10 19:43:33 INFO  Progress (5): 2.9/6.3 MB | 0.7/12 MB | 0.6/2.6 MB | 636 kB | 25/229 kB
2026.05.10 19:43:33 INFO  Progress (5): 2.9/6.3 MB | 0.7/12 MB | 0.7/2.6 MB | 636 kB | 25/229 kB
2026.05.10 19:43:33 INFO  Progress (5): 2.9/6.3 MB | 0.7/12 MB | 0.7/2.6 MB | 636 kB | 41/229 kB
2026.05.10 19:43:33 INFO  Progress (5): 2.9/6.3 MB | 0.7/12 MB | 0.7/2.6 MB | 636 kB | 57/229 kB
2026.05.10 19:43:33 INFO  Progress (5): 2.9/6.3 MB | 0.7/12 MB | 0.7/2.6 MB | 636 kB | 74/229 kB
2026.05.10 19:43:33 INFO  Progress (5): 2.9/6.3 MB | 0.7/12 MB | 0.7/2.6 MB | 636 kB | 74/229 kB
2026.05.10 19:43:33 INFO                                                                        
2026.05.10 19:43:33 INFO  Downloaded from central: https://repo.maven.apache.org/maven2/org/scala-sbt/io_2.13/1.8.0/io_2.13-1.8.0.jar (636 kB at 269 kB/s)
2026.05.10 19:43:33 INFO  Progress (4): 2.9/6.3 MB | 0.7/12 MB | 0.7/2.6 MB | 74/229 kB
2026.05.10 19:43:33 INFO                                                               
2026.05.10 19:43:33 INFO  Downloading from central: https://repo.maven.apache.org/maven2/net/java/dev/jna/jna/5.12.0/jna-5.12.0.jar
2026.05.10 19:43:33 INFO  Progress (4): 2.9/6.3 MB | 0.7/12 MB | 0.7/2.6 MB | 74/229 kB
2026.05.10 19:43:33 INFO  Progress (4): 2.9/6.3 MB | 0.7/12 MB | 0.7/2.6 MB | 90/229 kB
2026.05.10 19:43:33 INFO  Progress (4): 2.9/6.3 MB | 0.7/12 MB | 0.7/2.6 MB | 90/229 kB
2026.05.10 19:43:33 INFO  Progress (4): 2.9/6.3 MB | 0.7/12 MB | 0.7/2.6 MB | 90/229 kB
2026.05.10 19:43:33 INFO  Progress (4): 3.0/6.3 MB | 0.7/12 MB | 0.7/2.6 MB | 90/229 kB
2026.05.10 19:43:33 INFO  Progress (4): 3.0/6.3 MB | 0.7/12 MB | 0.7/2.6 MB | 90/229 kB
2026.05.10 19:43:33 INFO  Progress (4): 3.0/6.3 MB | 0.7/12 MB | 0.7/2.6 MB | 90/229 kB
2026.05.10 19:43:33 INFO  Progress (4): 3.0/6.3 MB | 0.7/12 MB | 0.7/2.6 MB | 90/229 kB
2026.05.10 19:43:33 INFO  Progress (4): 3.0/6.3 MB | 0.7/12 MB | 0.7/2.6 MB | 90/229 kB
2026.05.10 19:43:33 INFO  Progress (4): 3.0/6.3 MB | 0.7/12 MB | 0.7/2.6 MB | 106/229 kB
2026.05.10 19:43:33 INFO  Progress (4): 3.0/6.3 MB | 0.7/12 MB | 0.7/2.6 MB | 123/229 kB
2026.05.10 19:43:33 INFO  Progress (4): 3.0/6.3 MB | 0.7/12 MB | 0.7/2.6 MB | 123/229 kB
2026.05.10 19:43:33 INFO  Progress (4): 3.0/6.3 MB | 0.7/12 MB | 0.7/2.6 MB | 123/229 kB
2026.05.10 19:43:33 INFO  Progress (4): 3.0/6.3 MB | 0.7/12 MB | 0.7/2.6 MB | 123/229 kB
2026.05.10 19:43:33 INFO  Progress (4): 3.1/6.3 MB | 0.7/12 MB | 0.7/2.6 MB | 123/229 kB
2026.05.10 19:43:33 INFO  Progress (4): 3.1/6.3 MB | 0.7/12 MB | 0.7/2.6 MB | 123/229 kB
2026.05.10 19:43:33 INFO  Progress (4): 3.1/6.3 MB | 0.7/12 MB | 0.7/2.6 MB | 123/229 kB
2026.05.10 19:43:33 INFO  Progress (4): 3.1/6.3 MB | 0.7/12 MB | 0.7/2.6 MB | 123/229 kB
2026.05.10 19:43:33 INFO  Progress (4): 3.1/6.3 MB | 0.8/12 MB | 0.7/2.6 MB | 123/229 kB
2026.05.10 19:43:33 INFO  Progress (4): 3.1/6.3 MB | 0.8/12 MB | 0.7/2.6 MB | 123/229 kB
2026.05.10 19:43:33 INFO  Progress (4): 3.1/6.3 MB | 0.8/12 MB | 0.7/2.6 MB | 123/229 kB
2026.05.10 19:43:33 INFO  Progress (4): 3.1/6.3 MB | 0.8/12 MB | 0.7/2.6 MB | 123/229 kB
2026.05.10 19:43:33 INFO  Progress (4): 3.1/6.3 MB | 0.8/12 MB | 0.7/2.6 MB | 123/229 kB
2026.05.10 19:43:33 INFO  Progress (4): 3.1/6.3 MB | 0.8/12 MB | 0.7/2.6 MB | 139/229 kB
2026.05.10 19:43:33 INFO  Progress (4): 3.1/6.3 MB | 0.8/12 MB | 0.7/2.6 MB | 139/229 kB
2026.05.10 19:43:33 INFO  Progress (4): 3.1/6.3 MB | 0.8/12 MB | 0.7/2.6 MB | 139/229 kB
2026.05.10 19:43:33 INFO  Progress (4): 3.1/6.3 MB | 0.8/12 MB | 0.7/2.6 MB | 139/229 kB
2026.05.10 19:43:33 INFO  Progress (4): 3.2/6.3 MB | 0.8/12 MB | 0.7/2.6 MB | 139/229 kB
2026.05.10 19:43:33 INFO  Progress (4): 3.2/6.3 MB | 0.8/12 MB | 0.7/2.6 MB | 139/229 kB
2026.05.10 19:43:33 INFO  Progress (4): 3.2/6.3 MB | 0.8/12 MB | 0.7/2.6 MB | 139/229 kB
2026.05.10 19:43:33 INFO  Progress (4): 3.2/6.3 MB | 0.8/12 MB | 0.7/2.6 MB | 139/229 kB
2026.05.10 19:43:33 INFO  Progress (4): 3.2/6.3 MB | 0.8/12 MB | 0.7/2.6 MB | 139/229 kB
2026.05.10 19:43:33 INFO  Progress (4): 3.2/6.3 MB | 0.8/12 MB | 0.7/2.6 MB | 139/229 kB
2026.05.10 19:43:33 INFO  Progress (4): 3.2/6.3 MB | 0.9/12 MB | 0.7/2.6 MB | 139/229 kB
2026.05.10 19:43:33 INFO  Progress (4): 3.2/6.3 MB | 0.9/12 MB | 0.7/2.6 MB | 139/229 kB
2026.05.10 19:43:33 INFO  Progress (4): 3.2/6.3 MB | 0.9/12 MB | 0.7/2.6 MB | 139/229 kB
2026.05.10 19:43:33 INFO  Progress (4): 3.2/6.3 MB | 0.9/12 MB | 0.7/2.6 MB | 139/229 kB
2026.05.10 19:43:33 INFO  Progress (4): 3.2/6.3 MB | 0.9/12 MB | 0.7/2.6 MB | 139/229 kB
2026.05.10 19:43:33 INFO  Progress (4): 3.3/6.3 MB | 0.9/12 MB | 0.7/2.6 MB | 139/229 kB
2026.05.10 19:43:33 INFO  Progress (4): 3.3/6.3 MB | 0.9/12 MB | 0.7/2.6 MB | 139/229 kB
2026.05.10 19:43:33 INFO  Progress (4): 3.3/6.3 MB | 0.9/12 MB | 0.7/2.6 MB | 139/229 kB
2026.05.10 19:43:33 INFO  Progress (4): 3.3/6.3 MB | 0.9/12 MB | 0.7/2.6 MB | 139/229 kB
2026.05.10 19:43:33 INFO  Progress (4): 3.3/6.3 MB | 1.0/12 MB | 0.7/2.6 MB | 139/229 kB
2026.05.10 19:43:33 INFO  Progress (4): 3.3/6.3 MB | 1.0/12 MB | 0.7/2.6 MB | 139/229 kB
2026.05.10 19:43:33 INFO  Progress (4): 3.3/6.3 MB | 1.0/12 MB | 0.7/2.6 MB | 139/229 kB
2026.05.10 19:43:33 INFO  Progress (4): 3.3/6.3 MB | 1.0/12 MB | 0.7/2.6 MB | 156/229 kB
2026.05.10 19:43:33 INFO  Progress (4): 3.3/6.3 MB | 1.0/12 MB | 0.7/2.6 MB | 172/229 kB
2026.05.10 19:43:33 INFO  Progress (4): 3.3/6.3 MB | 1.0/12 MB | 0.7/2.6 MB | 172/229 kB
2026.05.10 19:43:33 INFO  Progress (4): 3.3/6.3 MB | 1.0/12 MB | 0.7/2.6 MB | 188/229 kB
2026.05.10 19:43:33 INFO  Progress (4): 3.3/6.3 MB | 1.0/12 MB | 0.7/2.6 MB | 205/229 kB
2026.05.10 19:43:33 INFO  Progress (4): 3.3/6.3 MB | 1.0/12 MB | 0.7/2.6 MB | 221/229 kB
2026.05.10 19:43:33 INFO  Progress (4): 3.3/6.3 MB | 1.0/12 MB | 0.7/2.6 MB | 229 kB    
2026.05.10 19:43:33 INFO  Progress (4): 3.3/6.3 MB | 1.0/12 MB | 0.7/2.6 MB | 229 kB
2026.05.10 19:43:33 INFO  Progress (4): 3.3/6.3 MB | 1.0/12 MB | 0.7/2.6 MB | 229 kB
2026.05.10 19:43:33 INFO  Progress (4): 3.3/6.3 MB | 1.0/12 MB | 0.7/2.6 MB | 229 kB
2026.05.10 19:43:33 INFO  Progress (4): 3.3/6.3 MB | 1.0/12 MB | 0.7/2.6 MB | 229 kB
2026.05.10 19:43:33 INFO  Progress (4): 3.3/6.3 MB | 1.0/12 MB | 0.7/2.6 MB | 229 kB
2026.05.10 19:43:33 INFO  Progress (4): 3.3/6.3 MB | 1.0/12 MB | 0.7/2.6 MB | 229 kB
2026.05.10 19:43:33 INFO  Progress (4): 3.3/6.3 MB | 1.0/12 MB | 0.7/2.6 MB | 229 kB
2026.05.10 19:43:33 INFO  Progress (4): 3.3/6.3 MB | 1.0/12 MB | 0.7/2.6 MB | 229 kB
2026.05.10 19:43:33 INFO  Progress (4): 3.3/6.3 MB | 1.0/12 MB | 0.7/2.6 MB | 229 kB
2026.05.10 19:43:33 INFO  Progress (4): 3.4/6.3 MB | 1.0/12 MB | 0.7/2.6 MB | 229 kB
2026.05.10 19:43:33 INFO  Progress (4): 3.4/6.3 MB | 1.0/12 MB | 0.7/2.6 MB | 229 kB
2026.05.10 19:43:33 INFO  Progress (4): 3.4/6.3 MB | 1.0/12 MB | 0.7/2.6 MB | 229 kB
2026.05.10 19:43:33 INFO  Progress (4): 3.4/6.3 MB | 1.0/12 MB | 0.7/2.6 MB | 229 kB
2026.05.10 19:43:33 INFO  Progress (4): 3.4/6.3 MB | 1.0/12 MB | 0.7/2.6 MB | 229 kB
2026.05.10 19:43:33 INFO  Progress (4): 3.4/6.3 MB | 1.1/12 MB | 0.7/2.6 MB | 229 kB
2026.05.10 19:43:33 INFO  Progress (4): 3.4/6.3 MB | 1.1/12 MB | 0.7/2.6 MB | 229 kB
2026.05.10 19:43:33 INFO                                                            
2026.05.10 19:43:33 INFO  Downloaded from central: https://repo.maven.apache.org/maven2/com/swoval/file-tree-views/2.1.9/file-tree-views-2.1.9.jar (229 kB at 95 kB/s)
2026.05.10 19:43:33 INFO  Downloading from central: https://repo.maven.apache.org/maven2/net/java/dev/jna/jna-platform/5.12.0/jna-platform-5.12.0.jar
2026.05.10 19:43:33 INFO  Progress (3): 3.4/6.3 MB | 1.1/12 MB | 0.7/2.6 MB
2026.05.10 19:43:33 INFO  Progress (3): 3.5/6.3 MB | 1.1/12 MB | 0.7/2.6 MB
2026.05.10 19:43:33 INFO  Progress (3): 3.5/6.3 MB | 1.1/12 MB | 0.7/2.6 MB
2026.05.10 19:43:33 INFO  Progress (3): 3.5/6.3 MB | 1.1/12 MB | 0.7/2.6 MB
2026.05.10 19:43:33 INFO  Progress (3): 3.5/6.3 MB | 1.1/12 MB | 0.7/2.6 MB
2026.05.10 19:43:33 INFO  Progress (3): 3.5/6.3 MB | 1.1/12 MB | 0.7/2.6 MB
2026.05.10 19:43:33 INFO  Progress (3): 3.5/6.3 MB | 1.1/12 MB | 0.7/2.6 MB
2026.05.10 19:43:33 INFO  Progress (3): 3.5/6.3 MB | 1.1/12 MB | 0.8/2.6 MB
2026.05.10 19:43:33 INFO  Progress (3): 3.5/6.3 MB | 1.1/12 MB | 0.8/2.6 MB
2026.05.10 19:43:33 INFO  Progress (3): 3.5/6.3 MB | 1.1/12 MB | 0.8/2.6 MB
2026.05.10 19:43:33 INFO  Progress (3): 3.5/6.3 MB | 1.1/12 MB | 0.8/2.6 MB
2026.05.10 19:43:33 INFO  Progress (3): 3.5/6.3 MB | 1.1/12 MB | 0.8/2.6 MB
2026.05.10 19:43:33 INFO  Progress (3): 3.5/6.3 MB | 1.1/12 MB | 0.8/2.6 MB
2026.05.10 19:43:33 INFO  Progress (3): 3.5/6.3 MB | 1.1/12 MB | 0.9/2.6 MB
2026.05.10 19:43:33 INFO  Progress (3): 3.5/6.3 MB | 1.1/12 MB | 0.9/2.6 MB
2026.05.10 19:43:33 INFO  Progress (3): 3.5/6.3 MB | 1.1/12 MB | 0.9/2.6 MB
2026.05.10 19:43:33 INFO  Progress (3): 3.5/6.3 MB | 1.1/12 MB | 0.9/2.6 MB
2026.05.10 19:43:33 INFO  Progress (3): 3.5/6.3 MB | 1.1/12 MB | 0.9/2.6 MB
2026.05.10 19:43:33 INFO  Progress (3): 3.5/6.3 MB | 1.1/12 MB | 0.9/2.6 MB
2026.05.10 19:43:33 INFO  Progress (3): 3.6/6.3 MB | 1.1/12 MB | 0.9/2.6 MB
2026.05.10 19:43:33 INFO  Progress (3): 3.6/6.3 MB | 1.1/12 MB | 0.9/2.6 MB
2026.05.10 19:43:33 INFO  Progress (3): 3.6/6.3 MB | 1.1/12 MB | 0.9/2.6 MB
2026.05.10 19:43:34 INFO  Progress (3): 3.6/6.3 MB | 1.1/12 MB | 0.9/2.6 MB
2026.05.10 19:43:34 INFO  Progress (3): 3.6/6.3 MB | 1.1/12 MB | 0.9/2.6 MB
2026.05.10 19:43:34 INFO  Progress (3): 3.6/6.3 MB | 1.1/12 MB | 0.9/2.6 MB
2026.05.10 19:43:34 INFO  Progress (3): 3.6/6.3 MB | 1.1/12 MB | 0.9/2.6 MB
2026.05.10 19:43:34 INFO  Progress (3): 3.6/6.3 MB | 1.1/12 MB | 0.9/2.6 MB
2026.05.10 19:43:34 INFO  Progress (3): 3.6/6.3 MB | 1.1/12 MB | 0.9/2.6 MB
2026.05.10 19:43:34 INFO  Progress (3): 3.6/6.3 MB | 1.1/12 MB | 0.9/2.6 MB
2026.05.10 19:43:34 INFO  Progress (3): 3.7/6.3 MB | 1.1/12 MB | 0.9/2.6 MB
2026.05.10 19:43:34 INFO  Progress (3): 3.7/6.3 MB | 1.1/12 MB | 0.9/2.6 MB
2026.05.10 19:43:34 INFO  Progress (3): 3.7/6.3 MB | 1.1/12 MB | 0.9/2.6 MB
2026.05.10 19:43:34 INFO  Progress (4): 3.7/6.3 MB | 1.1/12 MB | 0.9/2.6 MB | 0/1.4 MB
2026.05.10 19:43:34 INFO  Progress (4): 3.7/6.3 MB | 1.1/12 MB | 0.9/2.6 MB | 0/1.4 MB
2026.05.10 19:43:34 INFO  Progress (4): 3.7/6.3 MB | 1.1/12 MB | 0.9/2.6 MB | 0/1.4 MB
2026.05.10 19:43:34 INFO  Progress (4): 3.7/6.3 MB | 1.1/12 MB | 0.9/2.6 MB | 0/1.4 MB
2026.05.10 19:43:34 INFO  Progress (4): 3.7/6.3 MB | 1.1/12 MB | 0.9/2.6 MB | 0/1.4 MB
2026.05.10 19:43:34 INFO  Progress (5): 3.7/6.3 MB | 1.1/12 MB | 0.9/2.6 MB | 0/1.4 MB | 0/1.9 MB
2026.05.10 19:43:34 INFO  Progress (5): 3.7/6.3 MB | 1.1/12 MB | 0.9/2.6 MB | 0/1.4 MB | 0/1.9 MB
2026.05.10 19:43:34 INFO  Progress (5): 3.7/6.3 MB | 1.1/12 MB | 0.9/2.6 MB | 0.1/1.4 MB | 0/1.9 MB
2026.05.10 19:43:34 INFO  Progress (5): 3.7/6.3 MB | 1.1/12 MB | 0.9/2.6 MB | 0.1/1.4 MB | 0/1.9 MB
2026.05.10 19:43:34 INFO  Progress (5): 3.7/6.3 MB | 1.1/12 MB | 0.9/2.6 MB | 0.1/1.4 MB | 0/1.9 MB
2026.05.10 19:43:34 INFO  Progress (5): 3.7/6.3 MB | 1.1/12 MB | 0.9/2.6 MB | 0.1/1.4 MB | 0/1.9 MB
2026.05.10 19:43:34 INFO  Progress (5): 3.7/6.3 MB | 1.1/12 MB | 0.9/2.6 MB | 0.1/1.4 MB | 0/1.9 MB
2026.05.10 19:43:34 INFO  Progress (5): 3.7/6.3 MB | 1.1/12 MB | 0.9/2.6 MB | 0.1/1.4 MB | 0/1.9 MB
2026.05.10 19:43:34 INFO  Progress (5): 3.7/6.3 MB | 1.1/12 MB | 0.9/2.6 MB | 0.1/1.4 MB | 0/1.9 MB
2026.05.10 19:43:34 INFO  Progress (5): 3.7/6.3 MB | 1.1/12 MB | 0.9/2.6 MB | 0.1/1.4 MB | 0/1.9 MB
2026.05.10 19:43:34 INFO  Progress (5): 3.7/6.3 MB | 1.1/12 MB | 0.9/2.6 MB | 0.1/1.4 MB | 0/1.9 MB
2026.05.10 19:43:34 INFO  Progress (5): 3.7/6.3 MB | 1.1/12 MB | 0.9/2.6 MB | 0.1/1.4 MB | 0/1.9 MB
2026.05.10 19:43:34 INFO  Progress (5): 3.7/6.3 MB | 1.2/12 MB | 0.9/2.6 MB | 0.1/1.4 MB | 0/1.9 MB
2026.05.10 19:43:34 INFO  Progress (5): 3.7/6.3 MB | 1.2/12 MB | 0.9/2.6 MB | 0.2/1.4 MB | 0/1.9 MB
2026.05.10 19:43:34 INFO  Progress (5): 3.7/6.3 MB | 1.2/12 MB | 0.9/2.6 MB | 0.2/1.4 MB | 0/1.9 MB
2026.05.10 19:43:34 INFO  Progress (5): 3.7/6.3 MB | 1.2/12 MB | 0.9/2.6 MB | 0.2/1.4 MB | 0/1.9 MB
2026.05.10 19:43:34 INFO  Progress (5): 3.7/6.3 MB | 1.2/12 MB | 0.9/2.6 MB | 0.2/1.4 MB | 0/1.9 MB
2026.05.10 19:43:34 INFO  Progress (5): 3.7/6.3 MB | 1.2/12 MB | 0.9/2.6 MB | 0.2/1.4 MB | 0/1.9 MB
2026.05.10 19:43:34 INFO  Progress (5): 3.7/6.3 MB | 1.2/12 MB | 0.9/2.6 MB | 0.2/1.4 MB | 0/1.9 MB
2026.05.10 19:43:34 INFO  Progress (5): 3.7/6.3 MB | 1.2/12 MB | 0.9/2.6 MB | 0.2/1.4 MB | 0/1.9 MB
2026.05.10 19:43:34 INFO  Progress (5): 3.7/6.3 MB | 1.2/12 MB | 0.9/2.6 MB | 0.2/1.4 MB | 0/1.9 MB
2026.05.10 19:43:34 INFO  Progress (5): 3.7/6.3 MB | 1.2/12 MB | 0.9/2.6 MB | 0.2/1.4 MB | 0/1.9 MB
2026.05.10 19:43:34 INFO  Progress (5): 3.7/6.3 MB | 1.2/12 MB | 0.9/2.6 MB | 0.2/1.4 MB | 0/1.9 MB
2026.05.10 19:43:34 INFO  Progress (5): 3.7/6.3 MB | 1.2/12 MB | 0.9/2.6 MB | 0.3/1.4 MB | 0/1.9 MB
2026.05.10 19:43:34 INFO  Progress (5): 3.7/6.3 MB | 1.2/12 MB | 0.9/2.6 MB | 0.3/1.4 MB | 0/1.9 MB
2026.05.10 19:43:34 INFO  Progress (5): 3.7/6.3 MB | 1.2/12 MB | 0.9/2.6 MB | 0.3/1.4 MB | 0.1/1.9 MB
2026.05.10 19:43:34 INFO  Progress (5): 3.7/6.3 MB | 1.2/12 MB | 0.9/2.6 MB | 0.3/1.4 MB | 0.1/1.9 MB
2026.05.10 19:43:34 INFO  Progress (5): 3.7/6.3 MB | 1.2/12 MB | 0.9/2.6 MB | 0.3/1.4 MB | 0.1/1.9 MB
2026.05.10 19:43:34 INFO  Progress (5): 3.7/6.3 MB | 1.2/12 MB | 0.9/2.6 MB | 0.3/1.4 MB | 0.1/1.9 MB
2026.05.10 19:43:34 INFO  Progress (5): 3.7/6.3 MB | 1.2/12 MB | 0.9/2.6 MB | 0.3/1.4 MB | 0.1/1.9 MB
2026.05.10 19:43:34 INFO  Progress (5): 3.7/6.3 MB | 1.2/12 MB | 0.9/2.6 MB | 0.3/1.4 MB | 0.1/1.9 MB
2026.05.10 19:43:34 INFO  Progress (5): 3.7/6.3 MB | 1.2/12 MB | 0.9/2.6 MB | 0.3/1.4 MB | 0.1/1.9 MB
2026.05.10 19:43:34 INFO  Progress (5): 3.8/6.3 MB | 1.2/12 MB | 0.9/2.6 MB | 0.3/1.4 MB | 0.1/1.9 MB
2026.05.10 19:43:34 INFO  Progress (5): 3.8/6.3 MB | 1.2/12 MB | 0.9/2.6 MB | 0.4/1.4 MB | 0.1/1.9 MB
2026.05.10 19:43:34 INFO  Progress (5): 3.8/6.3 MB | 1.2/12 MB | 0.9/2.6 MB | 0.4/1.4 MB | 0.1/1.9 MB
2026.05.10 19:43:34 INFO  Progress (5): 3.8/6.3 MB | 1.2/12 MB | 0.9/2.6 MB | 0.4/1.4 MB | 0.1/1.9 MB
2026.05.10 19:43:34 INFO  Progress (5): 3.8/6.3 MB | 1.2/12 MB | 0.9/2.6 MB | 0.4/1.4 MB | 0.1/1.9 MB
2026.05.10 19:43:34 INFO  Progress (5): 3.8/6.3 MB | 1.2/12 MB | 0.9/2.6 MB | 0.4/1.4 MB | 0.1/1.9 MB
2026.05.10 19:43:34 INFO  Progress (5): 3.8/6.3 MB | 1.2/12 MB | 0.9/2.6 MB | 0.4/1.4 MB | 0.1/1.9 MB
2026.05.10 19:43:34 INFO  Progress (5): 3.8/6.3 MB | 1.2/12 MB | 0.9/2.6 MB | 0.4/1.4 MB | 0.1/1.9 MB
2026.05.10 19:43:34 INFO  Progress (5): 3.8/6.3 MB | 1.2/12 MB | 0.9/2.6 MB | 0.4/1.4 MB | 0.1/1.9 MB
2026.05.10 19:43:34 INFO  Progress (5): 3.8/6.3 MB | 1.2/12 MB | 0.9/2.6 MB | 0.4/1.4 MB | 0.1/1.9 MB
2026.05.10 19:43:34 INFO  Progress (5): 3.8/6.3 MB | 1.2/12 MB | 0.9/2.6 MB | 0.4/1.4 MB | 0.1/1.9 MB
2026.05.10 19:43:34 INFO  Progress (5): 3.9/6.3 MB | 1.2/12 MB | 0.9/2.6 MB | 0.4/1.4 MB | 0.1/1.9 MB
2026.05.10 19:43:34 INFO  Progress (5): 3.9/6.3 MB | 1.2/12 MB | 0.9/2.6 MB | 0.4/1.4 MB | 0.1/1.9 MB
2026.05.10 19:43:34 INFO  Progress (5): 3.9/6.3 MB | 1.2/12 MB | 0.9/2.6 MB | 0.4/1.4 MB | 0.1/1.9 MB
2026.05.10 19:43:34 INFO  Progress (5): 3.9/6.3 MB | 1.2/12 MB | 0.9/2.6 MB | 0.4/1.4 MB | 0.1/1.9 MB
2026.05.10 19:43:34 INFO  Progress (5): 3.9/6.3 MB | 1.2/12 MB | 0.9/2.6 MB | 0.4/1.4 MB | 0.1/1.9 MB
2026.05.10 19:43:34 INFO  Progress (5): 3.9/6.3 MB | 1.2/12 MB | 0.9/2.6 MB | 0.4/1.4 MB | 0.1/1.9 MB
2026.05.10 19:43:34 INFO  Progress (5): 3.9/6.3 MB | 1.2/12 MB | 0.9/2.6 MB | 0.4/1.4 MB | 0.1/1.9 MB
2026.05.10 19:43:34 INFO  Progress (5): 3.9/6.3 MB | 1.2/12 MB | 0.9/2.6 MB | 0.4/1.4 MB | 0.1/1.9 MB
2026.05.10 19:43:34 INFO  Progress (5): 3.9/6.3 MB | 1.2/12 MB | 0.9/2.6 MB | 0.5/1.4 MB | 0.1/1.9 MB
2026.05.10 19:43:34 INFO  Progress (5): 3.9/6.3 MB | 1.2/12 MB | 0.9/2.6 MB | 0.5/1.4 MB | 0.1/1.9 MB
2026.05.10 19:43:34 INFO  Progress (5): 3.9/6.3 MB | 1.2/12 MB | 0.9/2.6 MB | 0.5/1.4 MB | 0.1/1.9 MB
2026.05.10 19:43:34 INFO  Progress (5): 3.9/6.3 MB | 1.2/12 MB | 0.9/2.6 MB | 0.5/1.4 MB | 0.1/1.9 MB
2026.05.10 19:43:34 INFO  Progress (5): 3.9/6.3 MB | 1.2/12 MB | 0.9/2.6 MB | 0.5/1.4 MB | 0.1/1.9 MB
2026.05.10 19:43:34 INFO  Progress (5): 3.9/6.3 MB | 1.2/12 MB | 0.9/2.6 MB | 0.5/1.4 MB | 0.1/1.9 MB
2026.05.10 19:43:34 INFO  Progress (5): 3.9/6.3 MB | 1.2/12 MB | 0.9/2.6 MB | 0.5/1.4 MB | 0.1/1.9 MB
2026.05.10 19:43:34 INFO  Progress (5): 3.9/6.3 MB | 1.2/12 MB | 0.9/2.6 MB | 0.5/1.4 MB | 0.1/1.9 MB
2026.05.10 19:43:34 INFO  Progress (5): 3.9/6.3 MB | 1.2/12 MB | 0.9/2.6 MB | 0.5/1.4 MB | 0.1/1.9 MB
2026.05.10 19:43:34 INFO  Progress (5): 3.9/6.3 MB | 1.2/12 MB | 0.9/2.6 MB | 0.5/1.4 MB | 0.1/1.9 MB
2026.05.10 19:43:34 INFO  Progress (5): 3.9/6.3 MB | 1.2/12 MB | 0.9/2.6 MB | 0.5/1.4 MB | 0.1/1.9 MB
2026.05.10 19:43:34 INFO  Progress (5): 3.9/6.3 MB | 1.2/12 MB | 0.9/2.6 MB | 0.6/1.4 MB | 0.1/1.9 MB
2026.05.10 19:43:34 INFO  Progress (5): 3.9/6.3 MB | 1.2/12 MB | 0.9/2.6 MB | 0.6/1.4 MB | 0.1/1.9 MB
2026.05.10 19:43:34 INFO  Progress (5): 3.9/6.3 MB | 1.2/12 MB | 0.9/2.6 MB | 0.6/1.4 MB | 0.1/1.9 MB
2026.05.10 19:43:34 INFO  Progress (5): 3.9/6.3 MB | 1.2/12 MB | 0.9/2.6 MB | 0.6/1.4 MB | 0.1/1.9 MB
2026.05.10 19:43:34 INFO  Progress (5): 3.9/6.3 MB | 1.2/12 MB | 0.9/2.6 MB | 0.6/1.4 MB | 0.1/1.9 MB
2026.05.10 19:43:34 INFO  Progress (5): 3.9/6.3 MB | 1.2/12 MB | 0.9/2.6 MB | 0.6/1.4 MB | 0.1/1.9 MB
2026.05.10 19:43:34 INFO  Progress (5): 3.9/6.3 MB | 1.2/12 MB | 0.9/2.6 MB | 0.6/1.4 MB | 0.1/1.9 MB
2026.05.10 19:43:34 INFO  Progress (5): 3.9/6.3 MB | 1.2/12 MB | 0.9/2.6 MB | 0.6/1.4 MB | 0.1/1.9 MB
2026.05.10 19:43:34 INFO  Progress (5): 3.9/6.3 MB | 1.2/12 MB | 0.9/2.6 MB | 0.6/1.4 MB | 0.1/1.9 MB
2026.05.10 19:43:34 INFO  Progress (5): 3.9/6.3 MB | 1.2/12 MB | 0.9/2.6 MB | 0.7/1.4 MB | 0.1/1.9 MB
2026.05.10 19:43:34 INFO  Progress (5): 3.9/6.3 MB | 1.2/12 MB | 0.9/2.6 MB | 0.7/1.4 MB | 0.1/1.9 MB
2026.05.10 19:43:34 INFO  Progress (5): 3.9/6.3 MB | 1.2/12 MB | 0.9/2.6 MB | 0.7/1.4 MB | 0.1/1.9 MB
2026.05.10 19:43:34 INFO  Progress (5): 3.9/6.3 MB | 1.2/12 MB | 0.9/2.6 MB | 0.7/1.4 MB | 0.1/1.9 MB
2026.05.10 19:43:34 INFO  Progress (5): 3.9/6.3 MB | 1.2/12 MB | 0.9/2.6 MB | 0.7/1.4 MB | 0.1/1.9 MB
2026.05.10 19:43:34 INFO  Progress (5): 3.9/6.3 MB | 1.2/12 MB | 0.9/2.6 MB | 0.7/1.4 MB | 0.2/1.9 MB
2026.05.10 19:43:34 INFO  Progress (5): 3.9/6.3 MB | 1.3/12 MB | 0.9/2.6 MB | 0.7/1.4 MB | 0.2/1.9 MB
2026.05.10 19:43:34 INFO  Progress (5): 4.0/6.3 MB | 1.3/12 MB | 0.9/2.6 MB | 0.7/1.4 MB | 0.2/1.9 MB
2026.05.10 19:43:34 INFO  Progress (5): 4.0/6.3 MB | 1.3/12 MB | 0.9/2.6 MB | 0.7/1.4 MB | 0.2/1.9 MB
2026.05.10 19:43:34 INFO  Progress (5): 4.0/6.3 MB | 1.3/12 MB | 0.9/2.6 MB | 0.7/1.4 MB | 0.2/1.9 MB
2026.05.10 19:43:34 INFO  Progress (5): 4.0/6.3 MB | 1.3/12 MB | 0.9/2.6 MB | 0.8/1.4 MB | 0.2/1.9 MB
2026.05.10 19:43:34 INFO  Progress (5): 4.0/6.3 MB | 1.3/12 MB | 0.9/2.6 MB | 0.8/1.4 MB | 0.2/1.9 MB
2026.05.10 19:43:34 INFO  Progress (5): 4.0/6.3 MB | 1.3/12 MB | 0.9/2.6 MB | 0.8/1.4 MB | 0.2/1.9 MB
2026.05.10 19:43:34 INFO  Progress (5): 4.0/6.3 MB | 1.3/12 MB | 0.9/2.6 MB | 0.8/1.4 MB | 0.2/1.9 MB
2026.05.10 19:43:34 INFO  Progress (5): 4.0/6.3 MB | 1.3/12 MB | 0.9/2.6 MB | 0.8/1.4 MB | 0.2/1.9 MB
2026.05.10 19:43:34 INFO  Progress (5): 4.0/6.3 MB | 1.3/12 MB | 0.9/2.6 MB | 0.8/1.4 MB | 0.2/1.9 MB
2026.05.10 19:43:34 INFO  Progress (5): 4.0/6.3 MB | 1.3/12 MB | 0.9/2.6 MB | 0.8/1.4 MB | 0.2/1.9 MB
2026.05.10 19:43:34 INFO  Progress (5): 4.0/6.3 MB | 1.3/12 MB | 0.9/2.6 MB | 0.8/1.4 MB | 0.2/1.9 MB
2026.05.10 19:43:34 INFO  Progress (5): 4.0/6.3 MB | 1.3/12 MB | 0.9/2.6 MB | 0.8/1.4 MB | 0.2/1.9 MB
2026.05.10 19:43:34 INFO  Progress (5): 4.0/6.3 MB | 1.3/12 MB | 0.9/2.6 MB | 0.9/1.4 MB | 0.2/1.9 MB
2026.05.10 19:43:34 INFO  Progress (5): 4.0/6.3 MB | 1.3/12 MB | 0.9/2.6 MB | 0.9/1.4 MB | 0.2/1.9 MB
2026.05.10 19:43:34 INFO  Progress (5): 4.0/6.3 MB | 1.3/12 MB | 0.9/2.6 MB | 0.9/1.4 MB | 0.2/1.9 MB
2026.05.10 19:43:34 INFO  Progress (5): 4.0/6.3 MB | 1.3/12 MB | 0.9/2.6 MB | 0.9/1.4 MB | 0.2/1.9 MB
2026.05.10 19:43:34 INFO  Progress (5): 4.0/6.3 MB | 1.3/12 MB | 0.9/2.6 MB | 0.9/1.4 MB | 0.2/1.9 MB
2026.05.10 19:43:34 INFO  Progress (5): 4.0/6.3 MB | 1.3/12 MB | 0.9/2.6 MB | 0.9/1.4 MB | 0.2/1.9 MB
2026.05.10 19:43:34 INFO  Progress (5): 4.0/6.3 MB | 1.3/12 MB | 0.9/2.6 MB | 0.9/1.4 MB | 0.2/1.9 MB
2026.05.10 19:43:34 INFO  Progress (5): 4.0/6.3 MB | 1.3/12 MB | 0.9/2.6 MB | 0.9/1.4 MB | 0.2/1.9 MB
2026.05.10 19:43:34 INFO  Progress (5): 4.0/6.3 MB | 1.3/12 MB | 0.9/2.6 MB | 0.9/1.4 MB | 0.2/1.9 MB
2026.05.10 19:43:34 INFO  Progress (5): 4.0/6.3 MB | 1.3/12 MB | 0.9/2.6 MB | 0.9/1.4 MB | 0.2/1.9 MB
2026.05.10 19:43:34 INFO  Progress (5): 4.0/6.3 MB | 1.3/12 MB | 0.9/2.6 MB | 0.9/1.4 MB | 0.2/1.9 MB
2026.05.10 19:43:34 INFO  Progress (5): 4.0/6.3 MB | 1.3/12 MB | 0.9/2.6 MB | 1.0/1.4 MB | 0.2/1.9 MB
2026.05.10 19:43:34 INFO  Progress (5): 4.0/6.3 MB | 1.3/12 MB | 0.9/2.6 MB | 1.0/1.4 MB | 0.2/1.9 MB
2026.05.10 19:43:34 INFO  Progress (5): 4.0/6.3 MB | 1.3/12 MB | 0.9/2.6 MB | 1.0/1.4 MB | 0.2/1.9 MB
2026.05.10 19:43:34 INFO  Progress (5): 4.0/6.3 MB | 1.3/12 MB | 0.9/2.6 MB | 1.0/1.4 MB | 0.2/1.9 MB
2026.05.10 19:43:34 INFO  Progress (5): 4.0/6.3 MB | 1.3/12 MB | 0.9/2.6 MB | 1.0/1.4 MB | 0.2/1.9 MB
2026.05.10 19:43:34 INFO  Progress (5): 4.0/6.3 MB | 1.3/12 MB | 0.9/2.6 MB | 1.0/1.4 MB | 0.2/1.9 MB
2026.05.10 19:43:34 INFO  Progress (5): 4.0/6.3 MB | 1.3/12 MB | 0.9/2.6 MB | 1.0/1.4 MB | 0.2/1.9 MB
2026.05.10 19:43:34 INFO  Progress (5): 4.0/6.3 MB | 1.3/12 MB | 0.9/2.6 MB | 1.0/1.4 MB | 0.2/1.9 MB
2026.05.10 19:43:34 INFO  Progress (5): 4.0/6.3 MB | 1.3/12 MB | 0.9/2.6 MB | 1.0/1.4 MB | 0.2/1.9 MB
2026.05.10 19:43:34 INFO  Progress (5): 4.0/6.3 MB | 1.3/12 MB | 1.0/2.6 MB | 1.0/1.4 MB | 0.2/1.9 MB
2026.05.10 19:43:34 INFO  Progress (5): 4.0/6.3 MB | 1.3/12 MB | 1.0/2.6 MB | 1.0/1.4 MB | 0.2/1.9 MB
2026.05.10 19:43:34 INFO  Progress (5): 4.0/6.3 MB | 1.3/12 MB | 1.0/2.6 MB | 1.1/1.4 MB | 0.2/1.9 MB
2026.05.10 19:43:34 INFO  Progress (5): 4.0/6.3 MB | 1.3/12 MB | 1.0/2.6 MB | 1.1/1.4 MB | 0.2/1.9 MB
2026.05.10 19:43:34 INFO  Progress (5): 4.0/6.3 MB | 1.3/12 MB | 1.0/2.6 MB | 1.1/1.4 MB | 0.2/1.9 MB
2026.05.10 19:43:34 INFO  Progress (5): 4.0/6.3 MB | 1.3/12 MB | 1.0/2.6 MB | 1.1/1.4 MB | 0.2/1.9 MB
2026.05.10 19:43:34 INFO  Progress (5): 4.0/6.3 MB | 1.3/12 MB | 1.0/2.6 MB | 1.1/1.4 MB | 0.2/1.9 MB
2026.05.10 19:43:34 INFO  Progress (5): 4.0/6.3 MB | 1.3/12 MB | 1.0/2.6 MB | 1.1/1.4 MB | 0.2/1.9 MB
2026.05.10 19:43:34 INFO  Progress (5): 4.0/6.3 MB | 1.3/12 MB | 1.0/2.6 MB | 1.1/1.4 MB | 0.2/1.9 MB
2026.05.10 19:43:34 INFO  Progress (5): 4.0/6.3 MB | 1.3/12 MB | 1.0/2.6 MB | 1.1/1.4 MB | 0.2/1.9 MB
2026.05.10 19:43:34 INFO  Progress (5): 4.0/6.3 MB | 1.3/12 MB | 1.0/2.6 MB | 1.1/1.4 MB | 0.3/1.9 MB
2026.05.10 19:43:34 INFO  Progress (5): 4.0/6.3 MB | 1.3/12 MB | 1.0/2.6 MB | 1.1/1.4 MB | 0.3/1.9 MB
2026.05.10 19:43:34 INFO  Progress (5): 4.0/6.3 MB | 1.3/12 MB | 1.0/2.6 MB | 1.2/1.4 MB | 0.3/1.9 MB
2026.05.10 19:43:34 INFO  Progress (5): 4.0/6.3 MB | 1.3/12 MB | 1.0/2.6 MB | 1.2/1.4 MB | 0.3/1.9 MB
2026.05.10 19:43:34 INFO  Progress (5): 4.0/6.3 MB | 1.3/12 MB | 1.0/2.6 MB | 1.2/1.4 MB | 0.3/1.9 MB
2026.05.10 19:43:34 INFO  Progress (5): 4.0/6.3 MB | 1.3/12 MB | 1.0/2.6 MB | 1.2/1.4 MB | 0.3/1.9 MB
2026.05.10 19:43:34 INFO  Progress (5): 4.0/6.3 MB | 1.3/12 MB | 1.0/2.6 MB | 1.2/1.4 MB | 0.3/1.9 MB
2026.05.10 19:43:34 INFO  Progress (5): 4.0/6.3 MB | 1.3/12 MB | 1.0/2.6 MB | 1.2/1.4 MB | 0.3/1.9 MB
2026.05.10 19:43:34 INFO  Progress (5): 4.0/6.3 MB | 1.3/12 MB | 1.0/2.6 MB | 1.2/1.4 MB | 0.3/1.9 MB
2026.05.10 19:43:34 INFO  Progress (5): 4.0/6.3 MB | 1.3/12 MB | 1.0/2.6 MB | 1.2/1.4 MB | 0.3/1.9 MB
2026.05.10 19:43:34 INFO  Progress (5): 4.0/6.3 MB | 1.3/12 MB | 1.0/2.6 MB | 1.2/1.4 MB | 0.3/1.9 MB
2026.05.10 19:43:34 INFO  Progress (5): 4.0/6.3 MB | 1.3/12 MB | 1.0/2.6 MB | 1.3/1.4 MB | 0.3/1.9 MB
2026.05.10 19:43:34 INFO  Progress (5): 4.0/6.3 MB | 1.3/12 MB | 1.0/2.6 MB | 1.3/1.4 MB | 0.3/1.9 MB
2026.05.10 19:43:34 INFO  Progress (5): 4.0/6.3 MB | 1.3/12 MB | 1.0/2.6 MB | 1.3/1.4 MB | 0.3/1.9 MB
2026.05.10 19:43:34 INFO  Progress (5): 4.0/6.3 MB | 1.3/12 MB | 1.0/2.6 MB | 1.3/1.4 MB | 0.3/1.9 MB
2026.05.10 19:43:34 INFO  Progress (5): 4.0/6.3 MB | 1.3/12 MB | 1.0/2.6 MB | 1.3/1.4 MB | 0.3/1.9 MB
2026.05.10 19:43:34 INFO  Progress (5): 4.0/6.3 MB | 1.3/12 MB | 1.0/2.6 MB | 1.3/1.4 MB | 0.3/1.9 MB
2026.05.10 19:43:34 INFO  Progress (5): 4.0/6.3 MB | 1.4/12 MB | 1.0/2.6 MB | 1.3/1.4 MB | 0.3/1.9 MB
2026.05.10 19:43:34 INFO  Progress (5): 4.1/6.3 MB | 1.4/12 MB | 1.0/2.6 MB | 1.3/1.4 MB | 0.3/1.9 MB
2026.05.10 19:43:34 INFO  Progress (5): 4.1/6.3 MB | 1.4/12 MB | 1.0/2.6 MB | 1.3/1.4 MB | 0.3/1.9 MB
2026.05.10 19:43:34 INFO  Progress (5): 4.1/6.3 MB | 1.4/12 MB | 1.0/2.6 MB | 1.3/1.4 MB | 0.3/1.9 MB
2026.05.10 19:43:34 INFO  Progress (5): 4.1/6.3 MB | 1.4/12 MB | 1.0/2.6 MB | 1.4 MB | 0.3/1.9 MB    
2026.05.10 19:43:34 INFO  Progress (5): 4.1/6.3 MB | 1.4/12 MB | 1.0/2.6 MB | 1.4 MB | 0.3/1.9 MB
2026.05.10 19:43:34 INFO  Progress (5): 4.1/6.3 MB | 1.4/12 MB | 1.0/2.6 MB | 1.4 MB | 0.3/1.9 MB
2026.05.10 19:43:34 INFO  Progress (5): 4.1/6.3 MB | 1.4/12 MB | 1.0/2.6 MB | 1.4 MB | 0.3/1.9 MB
2026.05.10 19:43:34 INFO  Progress (5): 4.1/6.3 MB | 1.4/12 MB | 1.0/2.6 MB | 1.4 MB | 0.3/1.9 MB
2026.05.10 19:43:34 INFO  Progress (5): 4.1/6.3 MB | 1.4/12 MB | 1.0/2.6 MB | 1.4 MB | 0.3/1.9 MB
2026.05.10 19:43:34 INFO                                                                         
2026.05.10 19:43:34 INFO  Downloaded from central: https://repo.maven.apache.org/maven2/net/java/dev/jna/jna-platform/5.12.0/jna-platform-5.12.0.jar (1.4 MB at 473 kB/s)
2026.05.10 19:43:34 INFO  Downloading from central: https://repo.maven.apache.org/maven2/org/scala-sbt/util-logging_2.13/1.8.0/util-logging_2.13-1.8.0.jar
2026.05.10 19:43:34 INFO  Progress (4): 4.1/6.3 MB | 1.4/12 MB | 1.0/2.6 MB | 0.3/1.9 MB
2026.05.10 19:43:34 INFO  Progress (4): 4.1/6.3 MB | 1.4/12 MB | 1.0/2.6 MB | 0.4/1.9 MB
2026.05.10 19:43:34 INFO  Progress (4): 4.1/6.3 MB | 1.4/12 MB | 1.0/2.6 MB | 0.4/1.9 MB
2026.05.10 19:43:34 INFO  Progress (4): 4.1/6.3 MB | 1.4/12 MB | 1.0/2.6 MB | 0.4/1.9 MB
2026.05.10 19:43:34 INFO  Progress (4): 4.1/6.3 MB | 1.4/12 MB | 1.0/2.6 MB | 0.4/1.9 MB
2026.05.10 19:43:34 INFO  Progress (4): 4.1/6.3 MB | 1.4/12 MB | 1.0/2.6 MB | 0.4/1.9 MB
2026.05.10 19:43:34 INFO  Progress (4): 4.1/6.3 MB | 1.4/12 MB | 1.0/2.6 MB | 0.4/1.9 MB
2026.05.10 19:43:34 INFO  Progress (4): 4.1/6.3 MB | 1.4/12 MB | 1.0/2.6 MB | 0.4/1.9 MB
2026.05.10 19:43:34 INFO  Progress (4): 4.1/6.3 MB | 1.4/12 MB | 1.0/2.6 MB | 0.4/1.9 MB
2026.05.10 19:43:34 INFO  Progress (4): 4.1/6.3 MB | 1.4/12 MB | 1.0/2.6 MB | 0.4/1.9 MB
2026.05.10 19:43:34 INFO  Progress (4): 4.1/6.3 MB | 1.4/12 MB | 1.0/2.6 MB | 0.4/1.9 MB
2026.05.10 19:43:34 INFO  Progress (4): 4.1/6.3 MB | 1.4/12 MB | 1.0/2.6 MB | 0.4/1.9 MB
2026.05.10 19:43:34 INFO  Progress (4): 4.1/6.3 MB | 1.4/12 MB | 1.0/2.6 MB | 0.4/1.9 MB
2026.05.10 19:43:34 INFO  Progress (4): 4.1/6.3 MB | 1.4/12 MB | 1.0/2.6 MB | 0.4/1.9 MB
2026.05.10 19:43:34 INFO  Progress (4): 4.1/6.3 MB | 1.4/12 MB | 1.0/2.6 MB | 0.4/1.9 MB
2026.05.10 19:43:34 INFO  Progress (4): 4.2/6.3 MB | 1.4/12 MB | 1.0/2.6 MB | 0.4/1.9 MB
2026.05.10 19:43:34 INFO  Progress (4): 4.2/6.3 MB | 1.4/12 MB | 1.0/2.6 MB | 0.4/1.9 MB
2026.05.10 19:43:34 INFO  Progress (4): 4.2/6.3 MB | 1.4/12 MB | 1.0/2.6 MB | 0.4/1.9 MB
2026.05.10 19:43:34 INFO  Progress (4): 4.2/6.3 MB | 1.5/12 MB | 1.0/2.6 MB | 0.4/1.9 MB
2026.05.10 19:43:34 INFO  Progress (4): 4.2/6.3 MB | 1.5/12 MB | 1.0/2.6 MB | 0.4/1.9 MB
2026.05.10 19:43:34 INFO  Progress (4): 4.2/6.3 MB | 1.5/12 MB | 1.0/2.6 MB | 0.4/1.9 MB
2026.05.10 19:43:34 INFO  Progress (4): 4.2/6.3 MB | 1.5/12 MB | 1.1/2.6 MB | 0.4/1.9 MB
2026.05.10 19:43:34 INFO  Progress (4): 4.2/6.3 MB | 1.5/12 MB | 1.1/2.6 MB | 0.4/1.9 MB
2026.05.10 19:43:34 INFO  Progress (4): 4.2/6.3 MB | 1.5/12 MB | 1.1/2.6 MB | 0.4/1.9 MB
2026.05.10 19:43:34 INFO  Progress (4): 4.2/6.3 MB | 1.5/12 MB | 1.1/2.6 MB | 0.4/1.9 MB
2026.05.10 19:43:34 INFO  Progress (4): 4.2/6.3 MB | 1.5/12 MB | 1.1/2.6 MB | 0.4/1.9 MB
2026.05.10 19:43:34 INFO  Progress (4): 4.2/6.3 MB | 1.5/12 MB | 1.1/2.6 MB | 0.4/1.9 MB
2026.05.10 19:43:34 INFO  Progress (4): 4.2/6.3 MB | 1.5/12 MB | 1.1/2.6 MB | 0.4/1.9 MB
2026.05.10 19:43:34 INFO  Progress (4): 4.2/6.3 MB | 1.5/12 MB | 1.1/2.6 MB | 0.5/1.9 MB
2026.05.10 19:43:34 INFO  Progress (4): 4.2/6.3 MB | 1.5/12 MB | 1.1/2.6 MB | 0.5/1.9 MB
2026.05.10 19:43:34 INFO  Progress (4): 4.2/6.3 MB | 1.5/12 MB | 1.1/2.6 MB | 0.5/1.9 MB
2026.05.10 19:43:34 INFO  Progress (4): 4.2/6.3 MB | 1.5/12 MB | 1.1/2.6 MB | 0.5/1.9 MB
2026.05.10 19:43:34 INFO  Progress (4): 4.2/6.3 MB | 1.5/12 MB | 1.1/2.6 MB | 0.5/1.9 MB
2026.05.10 19:43:34 INFO  Progress (4): 4.2/6.3 MB | 1.5/12 MB | 1.1/2.6 MB | 0.5/1.9 MB
2026.05.10 19:43:34 INFO  Progress (4): 4.2/6.3 MB | 1.5/12 MB | 1.1/2.6 MB | 0.5/1.9 MB
2026.05.10 19:43:34 INFO  Progress (4): 4.2/6.3 MB | 1.5/12 MB | 1.1/2.6 MB | 0.5/1.9 MB
2026.05.10 19:43:34 INFO  Progress (4): 4.3/6.3 MB | 1.5/12 MB | 1.1/2.6 MB | 0.5/1.9 MB
2026.05.10 19:43:34 INFO  Progress (4): 4.3/6.3 MB | 1.5/12 MB | 1.1/2.6 MB | 0.5/1.9 MB
2026.05.10 19:43:34 INFO  Progress (4): 4.3/6.3 MB | 1.5/12 MB | 1.1/2.6 MB | 0.5/1.9 MB
2026.05.10 19:43:34 INFO  Progress (4): 4.3/6.3 MB | 1.5/12 MB | 1.1/2.6 MB | 0.5/1.9 MB
2026.05.10 19:43:34 INFO  Progress (4): 4.3/6.3 MB | 1.5/12 MB | 1.1/2.6 MB | 0.5/1.9 MB
2026.05.10 19:43:34 INFO  Progress (4): 4.3/6.3 MB | 1.5/12 MB | 1.1/2.6 MB | 0.5/1.9 MB
2026.05.10 19:43:34 INFO  Progress (4): 4.3/6.3 MB | 1.5/12 MB | 1.1/2.6 MB | 0.5/1.9 MB
2026.05.10 19:43:34 INFO  Progress (4): 4.3/6.3 MB | 1.5/12 MB | 1.1/2.6 MB | 0.5/1.9 MB
2026.05.10 19:43:34 INFO  Progress (4): 4.3/6.3 MB | 1.5/12 MB | 1.2/2.6 MB | 0.5/1.9 MB
2026.05.10 19:43:34 INFO  Progress (4): 4.3/6.3 MB | 1.6/12 MB | 1.2/2.6 MB | 0.5/1.9 MB
2026.05.10 19:43:34 INFO  Progress (4): 4.3/6.3 MB | 1.6/12 MB | 1.2/2.6 MB | 0.5/1.9 MB
2026.05.10 19:43:34 INFO  Progress (4): 4.3/6.3 MB | 1.6/12 MB | 1.2/2.6 MB | 0.5/1.9 MB
2026.05.10 19:43:34 INFO  Progress (4): 4.3/6.3 MB | 1.6/12 MB | 1.2/2.6 MB | 0.5/1.9 MB
2026.05.10 19:43:34 INFO  Progress (4): 4.3/6.3 MB | 1.6/12 MB | 1.2/2.6 MB | 0.5/1.9 MB
2026.05.10 19:43:34 INFO  Progress (4): 4.3/6.3 MB | 1.6/12 MB | 1.2/2.6 MB | 0.5/1.9 MB
2026.05.10 19:43:34 INFO  Progress (4): 4.3/6.3 MB | 1.6/12 MB | 1.2/2.6 MB | 0.6/1.9 MB
2026.05.10 19:43:34 INFO  Progress (4): 4.3/6.3 MB | 1.6/12 MB | 1.2/2.6 MB | 0.6/1.9 MB
2026.05.10 19:43:34 INFO  Progress (4): 4.3/6.3 MB | 1.6/12 MB | 1.2/2.6 MB | 0.6/1.9 MB
2026.05.10 19:43:34 INFO  Progress (4): 4.3/6.3 MB | 1.6/12 MB | 1.2/2.6 MB | 0.6/1.9 MB
2026.05.10 19:43:34 INFO  Progress (4): 4.3/6.3 MB | 1.6/12 MB | 1.2/2.6 MB | 0.6/1.9 MB
2026.05.10 19:43:34 INFO  Progress (4): 4.3/6.3 MB | 1.6/12 MB | 1.2/2.6 MB | 0.6/1.9 MB
2026.05.10 19:43:34 INFO  Progress (4): 4.3/6.3 MB | 1.6/12 MB | 1.2/2.6 MB | 0.6/1.9 MB
2026.05.10 19:43:34 INFO  Progress (4): 4.3/6.3 MB | 1.6/12 MB | 1.2/2.6 MB | 0.6/1.9 MB
2026.05.10 19:43:34 INFO  Progress (4): 4.3/6.3 MB | 1.6/12 MB | 1.2/2.6 MB | 0.6/1.9 MB
2026.05.10 19:43:34 INFO  Progress (4): 4.3/6.3 MB | 1.6/12 MB | 1.2/2.6 MB | 0.6/1.9 MB
2026.05.10 19:43:34 INFO  Progress (4): 4.3/6.3 MB | 1.6/12 MB | 1.2/2.6 MB | 0.6/1.9 MB
2026.05.10 19:43:34 INFO  Progress (4): 4.3/6.3 MB | 1.6/12 MB | 1.2/2.6 MB | 0.6/1.9 MB
2026.05.10 19:43:34 INFO  Progress (4): 4.3/6.3 MB | 1.6/12 MB | 1.2/2.6 MB | 0.6/1.9 MB
2026.05.10 19:43:34 INFO  Progress (4): 4.4/6.3 MB | 1.6/12 MB | 1.2/2.6 MB | 0.6/1.9 MB
2026.05.10 19:43:34 INFO  Progress (4): 4.4/6.3 MB | 1.6/12 MB | 1.2/2.6 MB | 0.6/1.9 MB
2026.05.10 19:43:34 INFO  Progress (4): 4.4/6.3 MB | 1.6/12 MB | 1.2/2.6 MB | 0.6/1.9 MB
2026.05.10 19:43:34 INFO  Progress (4): 4.4/6.3 MB | 1.6/12 MB | 1.2/2.6 MB | 0.7/1.9 MB
2026.05.10 19:43:34 INFO  Progress (4): 4.4/6.3 MB | 1.6/12 MB | 1.2/2.6 MB | 0.7/1.9 MB
2026.05.10 19:43:34 INFO  Progress (4): 4.4/6.3 MB | 1.6/12 MB | 1.2/2.6 MB | 0.7/1.9 MB
2026.05.10 19:43:34 INFO  Progress (4): 4.4/6.3 MB | 1.6/12 MB | 1.2/2.6 MB | 0.7/1.9 MB
2026.05.10 19:43:34 INFO  Progress (5): 4.4/6.3 MB | 1.6/12 MB | 1.2/2.6 MB | 0.7/1.9 MB | 7.7/463 kB
2026.05.10 19:43:34 INFO  Progress (5): 4.4/6.3 MB | 1.6/12 MB | 1.2/2.6 MB | 0.7/1.9 MB | 12/463 kB 
2026.05.10 19:43:34 INFO  Progress (5): 4.4/6.3 MB | 1.6/12 MB | 1.2/2.6 MB | 0.7/1.9 MB | 12/463 kB
2026.05.10 19:43:34 INFO  Progress (5): 4.4/6.3 MB | 1.6/12 MB | 1.2/2.6 MB | 0.7/1.9 MB | 29/463 kB
2026.05.10 19:43:34 INFO  Progress (5): 4.4/6.3 MB | 1.6/12 MB | 1.2/2.6 MB | 0.7/1.9 MB | 29/463 kB
2026.05.10 19:43:34 INFO  Progress (5): 4.4/6.3 MB | 1.6/12 MB | 1.2/2.6 MB | 0.7/1.9 MB | 29/463 kB
2026.05.10 19:43:34 INFO  Progress (5): 4.4/6.3 MB | 1.6/12 MB | 1.2/2.6 MB | 0.7/1.9 MB | 29/463 kB
2026.05.10 19:43:34 INFO  Progress (5): 4.4/6.3 MB | 1.6/12 MB | 1.2/2.6 MB | 0.7/1.9 MB | 29/463 kB
2026.05.10 19:43:34 INFO  Progress (5): 4.4/6.3 MB | 1.6/12 MB | 1.2/2.6 MB | 0.7/1.9 MB | 45/463 kB
2026.05.10 19:43:34 INFO  Progress (5): 4.4/6.3 MB | 1.6/12 MB | 1.2/2.6 MB | 0.7/1.9 MB | 45/463 kB
2026.05.10 19:43:34 INFO  Progress (5): 4.4/6.3 MB | 1.6/12 MB | 1.3/2.6 MB | 0.7/1.9 MB | 45/463 kB
2026.05.10 19:43:34 INFO  Progress (5): 4.4/6.3 MB | 1.6/12 MB | 1.3/2.6 MB | 0.7/1.9 MB | 61/463 kB
2026.05.10 19:43:34 INFO  Progress (5): 4.4/6.3 MB | 1.6/12 MB | 1.3/2.6 MB | 0.7/1.9 MB | 78/463 kB
2026.05.10 19:43:34 INFO  Progress (5): 4.4/6.3 MB | 1.6/12 MB | 1.3/2.6 MB | 0.7/1.9 MB | 78/463 kB
2026.05.10 19:43:34 INFO  Progress (5): 4.4/6.3 MB | 1.6/12 MB | 1.3/2.6 MB | 0.7/1.9 MB | 94/463 kB
2026.05.10 19:43:34 INFO  Progress (5): 4.4/6.3 MB | 1.7/12 MB | 1.3/2.6 MB | 0.7/1.9 MB | 94/463 kB
2026.05.10 19:43:34 INFO  Progress (5): 4.4/6.3 MB | 1.7/12 MB | 1.3/2.6 MB | 0.7/1.9 MB | 111/463 kB
2026.05.10 19:43:34 INFO  Progress (5): 4.4/6.3 MB | 1.7/12 MB | 1.3/2.6 MB | 0.7/1.9 MB | 111/463 kB
2026.05.10 19:43:34 INFO  Progress (5): 4.4/6.3 MB | 1.7/12 MB | 1.3/2.6 MB | 0.7/1.9 MB | 127/463 kB
2026.05.10 19:43:34 INFO  Progress (5): 4.4/6.3 MB | 1.7/12 MB | 1.3/2.6 MB | 0.7/1.9 MB | 127/463 kB
2026.05.10 19:43:34 INFO  Progress (5): 4.4/6.3 MB | 1.7/12 MB | 1.3/2.6 MB | 0.7/1.9 MB | 143/463 kB
2026.05.10 19:43:34 INFO  Progress (5): 4.4/6.3 MB | 1.7/12 MB | 1.3/2.6 MB | 0.7/1.9 MB | 160/463 kB
2026.05.10 19:43:34 INFO  Progress (5): 4.4/6.3 MB | 1.7/12 MB | 1.3/2.6 MB | 0.7/1.9 MB | 176/463 kB
2026.05.10 19:43:34 INFO  Progress (5): 4.4/6.3 MB | 1.7/12 MB | 1.3/2.6 MB | 0.7/1.9 MB | 193/463 kB
2026.05.10 19:43:34 INFO  Progress (5): 4.4/6.3 MB | 1.7/12 MB | 1.3/2.6 MB | 0.7/1.9 MB | 209/463 kB
2026.05.10 19:43:34 INFO  Progress (5): 4.4/6.3 MB | 1.7/12 MB | 1.3/2.6 MB | 0.7/1.9 MB | 209/463 kB
2026.05.10 19:43:34 INFO  Progress (5): 4.4/6.3 MB | 1.7/12 MB | 1.3/2.6 MB | 0.7/1.9 MB | 209/463 kB
2026.05.10 19:43:34 INFO  Progress (5): 4.4/6.3 MB | 1.7/12 MB | 1.3/2.6 MB | 0.7/1.9 MB | 225/463 kB
2026.05.10 19:43:34 INFO  Progress (5): 4.4/6.3 MB | 1.7/12 MB | 1.3/2.6 MB | 0.7/1.9 MB | 225/463 kB
2026.05.10 19:43:34 INFO  Progress (5): 4.4/6.3 MB | 1.7/12 MB | 1.3/2.6 MB | 0.7/1.9 MB | 242/463 kB
2026.05.10 19:43:34 INFO  Progress (5): 4.4/6.3 MB | 1.7/12 MB | 1.3/2.6 MB | 0.7/1.9 MB | 258/463 kB
2026.05.10 19:43:34 INFO  Progress (5): 4.4/6.3 MB | 1.7/12 MB | 1.3/2.6 MB | 0.7/1.9 MB | 274/463 kB
2026.05.10 19:43:34 INFO  Progress (5): 4.4/6.3 MB | 1.7/12 MB | 1.4/2.6 MB | 0.7/1.9 MB | 274/463 kB
2026.05.10 19:43:34 INFO  Progress (5): 4.4/6.3 MB | 1.7/12 MB | 1.4/2.6 MB | 0.7/1.9 MB | 274/463 kB
2026.05.10 19:43:34 INFO  Progress (5): 4.4/6.3 MB | 1.7/12 MB | 1.4/2.6 MB | 0.7/1.9 MB | 291/463 kB
2026.05.10 19:43:34 INFO  Progress (5): 4.4/6.3 MB | 1.7/12 MB | 1.4/2.6 MB | 0.7/1.9 MB | 291/463 kB
2026.05.10 19:43:34 INFO  Progress (5): 4.4/6.3 MB | 1.7/12 MB | 1.4/2.6 MB | 0.7/1.9 MB | 307/463 kB
2026.05.10 19:43:34 INFO  Progress (5): 4.4/6.3 MB | 1.7/12 MB | 1.4/2.6 MB | 0.7/1.9 MB | 307/463 kB
2026.05.10 19:43:34 INFO  Progress (5): 4.4/6.3 MB | 1.7/12 MB | 1.4/2.6 MB | 0.7/1.9 MB | 324/463 kB
2026.05.10 19:43:34 INFO  Progress (5): 4.4/6.3 MB | 1.7/12 MB | 1.4/2.6 MB | 0.7/1.9 MB | 324/463 kB
2026.05.10 19:43:34 INFO  Progress (5): 4.4/6.3 MB | 1.7/12 MB | 1.4/2.6 MB | 0.7/1.9 MB | 340/463 kB
2026.05.10 19:43:34 INFO  Progress (5): 4.4/6.3 MB | 1.7/12 MB | 1.4/2.6 MB | 0.7/1.9 MB | 340/463 kB
2026.05.10 19:43:34 INFO  Progress (5): 4.4/6.3 MB | 1.7/12 MB | 1.4/2.6 MB | 0.7/1.9 MB | 356/463 kB
2026.05.10 19:43:34 INFO  Progress (5): 4.4/6.3 MB | 1.7/12 MB | 1.4/2.6 MB | 0.7/1.9 MB | 373/463 kB
2026.05.10 19:43:34 INFO  Progress (5): 4.4/6.3 MB | 1.7/12 MB | 1.4/2.6 MB | 0.7/1.9 MB | 373/463 kB
2026.05.10 19:43:34 INFO  Progress (5): 4.4/6.3 MB | 1.8/12 MB | 1.4/2.6 MB | 0.7/1.9 MB | 373/463 kB
2026.05.10 19:43:34 INFO  Progress (5): 4.4/6.3 MB | 1.8/12 MB | 1.4/2.6 MB | 0.7/1.9 MB | 373/463 kB
2026.05.10 19:43:34 INFO  Progress (5): 4.4/6.3 MB | 1.8/12 MB | 1.4/2.6 MB | 0.7/1.9 MB | 389/463 kB
2026.05.10 19:43:34 INFO  Progress (5): 4.4/6.3 MB | 1.8/12 MB | 1.4/2.6 MB | 0.7/1.9 MB | 389/463 kB
2026.05.10 19:43:34 INFO  Progress (5): 4.4/6.3 MB | 1.8/12 MB | 1.4/2.6 MB | 0.7/1.9 MB | 406/463 kB
2026.05.10 19:43:34 INFO  Progress (5): 4.4/6.3 MB | 1.8/12 MB | 1.4/2.6 MB | 0.7/1.9 MB | 406/463 kB
2026.05.10 19:43:34 INFO  Progress (5): 4.4/6.3 MB | 1.8/12 MB | 1.4/2.6 MB | 0.7/1.9 MB | 406/463 kB
2026.05.10 19:43:34 INFO  Progress (5): 4.4/6.3 MB | 1.8/12 MB | 1.4/2.6 MB | 0.7/1.9 MB | 422/463 kB
2026.05.10 19:43:34 INFO  Progress (5): 4.4/6.3 MB | 1.8/12 MB | 1.4/2.6 MB | 0.7/1.9 MB | 422/463 kB
2026.05.10 19:43:34 INFO  Progress (5): 4.4/6.3 MB | 1.8/12 MB | 1.4/2.6 MB | 0.7/1.9 MB | 438/463 kB
2026.05.10 19:43:34 INFO  Progress (5): 4.4/6.3 MB | 1.8/12 MB | 1.4/2.6 MB | 0.7/1.9 MB | 438/463 kB
2026.05.10 19:43:34 INFO  Progress (5): 4.4/6.3 MB | 1.8/12 MB | 1.4/2.6 MB | 0.7/1.9 MB | 438/463 kB
2026.05.10 19:43:34 INFO  Progress (5): 4.4/6.3 MB | 1.8/12 MB | 1.4/2.6 MB | 0.7/1.9 MB | 438/463 kB
2026.05.10 19:43:34 INFO  Progress (5): 4.4/6.3 MB | 1.8/12 MB | 1.4/2.6 MB | 0.7/1.9 MB | 438/463 kB
2026.05.10 19:43:34 INFO  Progress (5): 4.4/6.3 MB | 1.8/12 MB | 1.4/2.6 MB | 0.7/1.9 MB | 438/463 kB
2026.05.10 19:43:34 INFO  Progress (5): 4.4/6.3 MB | 1.8/12 MB | 1.4/2.6 MB | 0.7/1.9 MB | 455/463 kB
2026.05.10 19:43:34 INFO  Progress (5): 4.4/6.3 MB | 1.8/12 MB | 1.4/2.6 MB | 0.7/1.9 MB | 463 kB    
2026.05.10 19:43:34 INFO  Progress (5): 4.4/6.3 MB | 1.8/12 MB | 1.5/2.6 MB | 0.7/1.9 MB | 463 kB
2026.05.10 19:43:34 INFO  Progress (5): 4.4/6.3 MB | 1.8/12 MB | 1.5/2.6 MB | 0.7/1.9 MB | 463 kB
2026.05.10 19:43:34 INFO  Progress (5): 4.4/6.3 MB | 1.8/12 MB | 1.5/2.6 MB | 0.8/1.9 MB | 463 kB
2026.05.10 19:43:34 INFO  Progress (5): 4.4/6.3 MB | 1.8/12 MB | 1.5/2.6 MB | 0.8/1.9 MB | 463 kB
2026.05.10 19:43:34 INFO  Progress (5): 4.4/6.3 MB | 1.9/12 MB | 1.5/2.6 MB | 0.8/1.9 MB | 463 kB
2026.05.10 19:43:34 INFO                                                                         
2026.05.10 19:43:34 INFO  Downloaded from central: https://repo.maven.apache.org/maven2/org/scala-sbt/util-logging_2.13/1.8.0/util-logging_2.13-1.8.0.jar (463 kB at 139 kB/s)
2026.05.10 19:43:34 INFO  Downloading from central: https://repo.maven.apache.org/maven2/org/scala-sbt/collections_2.13/1.8.0/collections_2.13-1.8.0.jar
2026.05.10 19:43:34 INFO  Progress (4): 4.4/6.3 MB | 1.9/12 MB | 1.5/2.6 MB | 0.8/1.9 MB
2026.05.10 19:43:34 INFO  Progress (4): 4.4/6.3 MB | 1.9/12 MB | 1.5/2.6 MB | 0.8/1.9 MB
2026.05.10 19:43:34 INFO  Progress (4): 4.4/6.3 MB | 1.9/12 MB | 1.5/2.6 MB | 0.8/1.9 MB
2026.05.10 19:43:34 INFO  Progress (4): 4.4/6.3 MB | 1.9/12 MB | 1.5/2.6 MB | 0.8/1.9 MB
2026.05.10 19:43:34 INFO  Progress (4): 4.4/6.3 MB | 1.9/12 MB | 1.5/2.6 MB | 0.8/1.9 MB
2026.05.10 19:43:34 INFO  Progress (4): 4.4/6.3 MB | 1.9/12 MB | 1.5/2.6 MB | 0.8/1.9 MB
2026.05.10 19:43:34 INFO  Progress (4): 4.4/6.3 MB | 1.9/12 MB | 1.5/2.6 MB | 0.8/1.9 MB
2026.05.10 19:43:34 INFO  Progress (4): 4.4/6.3 MB | 1.9/12 MB | 1.5/2.6 MB | 0.9/1.9 MB
2026.05.10 19:43:34 INFO  Progress (4): 4.4/6.3 MB | 1.9/12 MB | 1.5/2.6 MB | 0.9/1.9 MB
2026.05.10 19:43:34 INFO  Progress (4): 4.4/6.3 MB | 1.9/12 MB | 1.5/2.6 MB | 0.9/1.9 MB
2026.05.10 19:43:34 INFO  Progress (4): 4.4/6.3 MB | 1.9/12 MB | 1.5/2.6 MB | 0.9/1.9 MB
2026.05.10 19:43:34 INFO  Progress (4): 4.4/6.3 MB | 1.9/12 MB | 1.5/2.6 MB | 0.9/1.9 MB
2026.05.10 19:43:34 INFO  Progress (4): 4.4/6.3 MB | 1.9/12 MB | 1.5/2.6 MB | 0.9/1.9 MB
2026.05.10 19:43:34 INFO  Progress (4): 4.4/6.3 MB | 1.9/12 MB | 1.5/2.6 MB | 0.9/1.9 MB
2026.05.10 19:43:34 INFO  Progress (4): 4.4/6.3 MB | 1.9/12 MB | 1.5/2.6 MB | 0.9/1.9 MB
2026.05.10 19:43:34 INFO  Progress (4): 4.4/6.3 MB | 1.9/12 MB | 1.5/2.6 MB | 0.9/1.9 MB
2026.05.10 19:43:34 INFO  Progress (4): 4.4/6.3 MB | 1.9/12 MB | 1.5/2.6 MB | 0.9/1.9 MB
2026.05.10 19:43:34 INFO  Progress (4): 4.4/6.3 MB | 1.9/12 MB | 1.5/2.6 MB | 1.0/1.9 MB
2026.05.10 19:43:34 INFO  Progress (4): 4.4/6.3 MB | 1.9/12 MB | 1.5/2.6 MB | 1.0/1.9 MB
2026.05.10 19:43:34 INFO  Progress (4): 4.4/6.3 MB | 1.9/12 MB | 1.5/2.6 MB | 1.0/1.9 MB
2026.05.10 19:43:34 INFO  Progress (4): 4.4/6.3 MB | 1.9/12 MB | 1.5/2.6 MB | 1.0/1.9 MB
2026.05.10 19:43:34 INFO  Progress (4): 4.4/6.3 MB | 1.9/12 MB | 1.5/2.6 MB | 1.0/1.9 MB
2026.05.10 19:43:34 INFO  Progress (4): 4.4/6.3 MB | 1.9/12 MB | 1.5/2.6 MB | 1.0/1.9 MB
2026.05.10 19:43:34 INFO  Progress (4): 4.4/6.3 MB | 1.9/12 MB | 1.5/2.6 MB | 1.0/1.9 MB
2026.05.10 19:43:34 INFO  Progress (4): 4.4/6.3 MB | 1.9/12 MB | 1.5/2.6 MB | 1.0/1.9 MB
2026.05.10 19:43:34 INFO  Progress (4): 4.4/6.3 MB | 1.9/12 MB | 1.5/2.6 MB | 1.1/1.9 MB
2026.05.10 19:43:34 INFO  Progress (4): 4.4/6.3 MB | 1.9/12 MB | 1.5/2.6 MB | 1.1/1.9 MB
2026.05.10 19:43:34 INFO  Progress (4): 4.5/6.3 MB | 1.9/12 MB | 1.5/2.6 MB | 1.1/1.9 MB
2026.05.10 19:43:34 INFO  Progress (4): 4.5/6.3 MB | 1.9/12 MB | 1.5/2.6 MB | 1.1/1.9 MB
2026.05.10 19:43:34 INFO  Progress (4): 4.5/6.3 MB | 1.9/12 MB | 1.5/2.6 MB | 1.1/1.9 MB
2026.05.10 19:43:34 INFO  Progress (4): 4.5/6.3 MB | 1.9/12 MB | 1.5/2.6 MB | 1.1/1.9 MB
2026.05.10 19:43:34 INFO  Progress (4): 4.5/6.3 MB | 1.9/12 MB | 1.5/2.6 MB | 1.1/1.9 MB
2026.05.10 19:43:34 INFO  Progress (4): 4.5/6.3 MB | 1.9/12 MB | 1.5/2.6 MB | 1.1/1.9 MB
2026.05.10 19:43:34 INFO  Progress (4): 4.5/6.3 MB | 1.9/12 MB | 1.5/2.6 MB | 1.1/1.9 MB
2026.05.10 19:43:34 INFO  Progress (4): 4.5/6.3 MB | 1.9/12 MB | 1.6/2.6 MB | 1.1/1.9 MB
2026.05.10 19:43:34 INFO  Progress (4): 4.5/6.3 MB | 1.9/12 MB | 1.6/2.6 MB | 1.1/1.9 MB
2026.05.10 19:43:34 INFO  Progress (4): 4.5/6.3 MB | 1.9/12 MB | 1.6/2.6 MB | 1.1/1.9 MB
2026.05.10 19:43:34 INFO  Progress (4): 4.5/6.3 MB | 2.0/12 MB | 1.6/2.6 MB | 1.1/1.9 MB
2026.05.10 19:43:34 INFO  Progress (4): 4.5/6.3 MB | 2.0/12 MB | 1.6/2.6 MB | 1.1/1.9 MB
2026.05.10 19:43:34 INFO  Progress (4): 4.5/6.3 MB | 2.0/12 MB | 1.6/2.6 MB | 1.1/1.9 MB
2026.05.10 19:43:34 INFO  Progress (4): 4.5/6.3 MB | 2.0/12 MB | 1.6/2.6 MB | 1.1/1.9 MB
2026.05.10 19:43:34 INFO  Progress (4): 4.5/6.3 MB | 2.0/12 MB | 1.6/2.6 MB | 1.1/1.9 MB
2026.05.10 19:43:34 INFO  Progress (4): 4.5/6.3 MB | 2.0/12 MB | 1.6/2.6 MB | 1.2/1.9 MB
2026.05.10 19:43:34 INFO  Progress (4): 4.5/6.3 MB | 2.0/12 MB | 1.6/2.6 MB | 1.2/1.9 MB
2026.05.10 19:43:34 INFO  Progress (4): 4.5/6.3 MB | 2.0/12 MB | 1.6/2.6 MB | 1.2/1.9 MB
2026.05.10 19:43:34 INFO  Progress (4): 4.5/6.3 MB | 2.0/12 MB | 1.6/2.6 MB | 1.2/1.9 MB
2026.05.10 19:43:34 INFO  Progress (4): 4.5/6.3 MB | 2.0/12 MB | 1.6/2.6 MB | 1.2/1.9 MB
2026.05.10 19:43:34 INFO  Progress (4): 4.5/6.3 MB | 2.0/12 MB | 1.6/2.6 MB | 1.2/1.9 MB
2026.05.10 19:43:34 INFO  Progress (4): 4.5/6.3 MB | 2.0/12 MB | 1.6/2.6 MB | 1.2/1.9 MB
2026.05.10 19:43:34 INFO  Progress (4): 4.5/6.3 MB | 2.0/12 MB | 1.6/2.6 MB | 1.2/1.9 MB
2026.05.10 19:43:34 INFO  Progress (4): 4.5/6.3 MB | 2.0/12 MB | 1.6/2.6 MB | 1.2/1.9 MB
2026.05.10 19:43:34 INFO  Progress (4): 4.5/6.3 MB | 2.0/12 MB | 1.6/2.6 MB | 1.2/1.9 MB
2026.05.10 19:43:34 INFO  Progress (4): 4.5/6.3 MB | 2.0/12 MB | 1.6/2.6 MB | 1.2/1.9 MB
2026.05.10 19:43:34 INFO  Progress (4): 4.5/6.3 MB | 2.0/12 MB | 1.6/2.6 MB | 1.2/1.9 MB
2026.05.10 19:43:34 INFO  Progress (4): 4.5/6.3 MB | 2.0/12 MB | 1.7/2.6 MB | 1.2/1.9 MB
2026.05.10 19:43:34 INFO  Progress (4): 4.5/6.3 MB | 2.0/12 MB | 1.7/2.6 MB | 1.2/1.9 MB
2026.05.10 19:43:34 INFO  Progress (4): 4.5/6.3 MB | 2.0/12 MB | 1.7/2.6 MB | 1.2/1.9 MB
2026.05.10 19:43:34 INFO  Progress (4): 4.5/6.3 MB | 2.0/12 MB | 1.7/2.6 MB | 1.2/1.9 MB
2026.05.10 19:43:34 INFO  Progress (4): 4.5/6.3 MB | 2.0/12 MB | 1.7/2.6 MB | 1.2/1.9 MB
2026.05.10 19:43:34 INFO  Progress (5): 4.5/6.3 MB | 2.0/12 MB | 1.7/2.6 MB | 1.2/1.9 MB | 7.7/365 kB
2026.05.10 19:43:34 INFO  Progress (5): 4.5/6.3 MB | 2.0/12 MB | 1.7/2.6 MB | 1.2/1.9 MB | 12/365 kB 
2026.05.10 19:43:34 INFO  Progress (5): 4.5/6.3 MB | 2.0/12 MB | 1.7/2.6 MB | 1.2/1.9 MB | 29/365 kB
2026.05.10 19:43:34 INFO  Progress (5): 4.5/6.3 MB | 2.0/12 MB | 1.7/2.6 MB | 1.2/1.9 MB | 45/365 kB
2026.05.10 19:43:35 INFO  Progress (5): 4.5/6.3 MB | 2.0/12 MB | 1.7/2.6 MB | 1.2/1.9 MB | 45/365 kB
2026.05.10 19:43:35 INFO  Progress (5): 4.5/6.3 MB | 2.0/12 MB | 1.7/2.6 MB | 1.2/1.9 MB | 61/365 kB
2026.05.10 19:43:35 INFO  Progress (5): 4.5/6.3 MB | 2.0/12 MB | 1.7/2.6 MB | 1.2/1.9 MB | 78/365 kB
2026.05.10 19:43:35 INFO  Progress (5): 4.5/6.3 MB | 2.0/12 MB | 1.7/2.6 MB | 1.3/1.9 MB | 78/365 kB
2026.05.10 19:43:35 INFO  Progress (5): 4.5/6.3 MB | 2.0/12 MB | 1.7/2.6 MB | 1.3/1.9 MB | 94/365 kB
2026.05.10 19:43:35 INFO  Progress (5): 4.5/6.3 MB | 2.0/12 MB | 1.7/2.6 MB | 1.3/1.9 MB | 111/365 kB
2026.05.10 19:43:35 INFO  Progress (5): 4.5/6.3 MB | 2.0/12 MB | 1.7/2.6 MB | 1.3/1.9 MB | 127/365 kB
2026.05.10 19:43:35 INFO  Progress (5): 4.5/6.3 MB | 2.0/12 MB | 1.7/2.6 MB | 1.3/1.9 MB | 143/365 kB
2026.05.10 19:43:35 INFO  Progress (5): 4.5/6.3 MB | 2.0/12 MB | 1.7/2.6 MB | 1.3/1.9 MB | 160/365 kB
2026.05.10 19:43:35 INFO  Progress (5): 4.5/6.3 MB | 2.0/12 MB | 1.7/2.6 MB | 1.3/1.9 MB | 160/365 kB
2026.05.10 19:43:35 INFO  Progress (5): 4.5/6.3 MB | 2.0/12 MB | 1.7/2.6 MB | 1.3/1.9 MB | 160/365 kB
2026.05.10 19:43:35 INFO  Progress (5): 4.5/6.3 MB | 2.0/12 MB | 1.7/2.6 MB | 1.3/1.9 MB | 176/365 kB
2026.05.10 19:43:35 INFO  Progress (5): 4.5/6.3 MB | 2.0/12 MB | 1.7/2.6 MB | 1.3/1.9 MB | 176/365 kB
2026.05.10 19:43:35 INFO  Progress (5): 4.5/6.3 MB | 2.0/12 MB | 1.7/2.6 MB | 1.3/1.9 MB | 193/365 kB
2026.05.10 19:43:35 INFO  Progress (5): 4.5/6.3 MB | 2.0/12 MB | 1.7/2.6 MB | 1.3/1.9 MB | 193/365 kB
2026.05.10 19:43:35 INFO  Progress (5): 4.5/6.3 MB | 2.0/12 MB | 1.7/2.6 MB | 1.3/1.9 MB | 193/365 kB
2026.05.10 19:43:35 INFO  Progress (5): 4.5/6.3 MB | 2.0/12 MB | 1.7/2.6 MB | 1.3/1.9 MB | 209/365 kB
2026.05.10 19:43:35 INFO  Progress (5): 4.5/6.3 MB | 2.0/12 MB | 1.7/2.6 MB | 1.3/1.9 MB | 209/365 kB
2026.05.10 19:43:35 INFO  Progress (5): 4.5/6.3 MB | 2.0/12 MB | 1.8/2.6 MB | 1.3/1.9 MB | 209/365 kB
2026.05.10 19:43:35 INFO  Progress (5): 4.5/6.3 MB | 2.0/12 MB | 1.8/2.6 MB | 1.3/1.9 MB | 209/365 kB
2026.05.10 19:43:35 INFO  Progress (5): 4.5/6.3 MB | 2.0/12 MB | 1.8/2.6 MB | 1.3/1.9 MB | 225/365 kB
2026.05.10 19:43:35 INFO  Progress (5): 4.5/6.3 MB | 2.0/12 MB | 1.8/2.6 MB | 1.3/1.9 MB | 225/365 kB
2026.05.10 19:43:35 INFO  Progress (5): 4.5/6.3 MB | 2.0/12 MB | 1.8/2.6 MB | 1.3/1.9 MB | 225/365 kB
2026.05.10 19:43:35 INFO  Progress (5): 4.5/6.3 MB | 2.0/12 MB | 1.8/2.6 MB | 1.3/1.9 MB | 225/365 kB
2026.05.10 19:43:35 INFO  Progress (5): 4.5/6.3 MB | 2.0/12 MB | 1.8/2.6 MB | 1.3/1.9 MB | 225/365 kB
2026.05.10 19:43:35 INFO  Progress (5): 4.5/6.3 MB | 2.0/12 MB | 1.8/2.6 MB | 1.3/1.9 MB | 242/365 kB
2026.05.10 19:43:35 INFO  Progress (5): 4.6/6.3 MB | 2.0/12 MB | 1.8/2.6 MB | 1.3/1.9 MB | 242/365 kB
2026.05.10 19:43:35 INFO  Progress (5): 4.6/6.3 MB | 2.0/12 MB | 1.8/2.6 MB | 1.3/1.9 MB | 242/365 kB
2026.05.10 19:43:35 INFO  Progress (5): 4.6/6.3 MB | 2.0/12 MB | 1.8/2.6 MB | 1.3/1.9 MB | 242/365 kB
2026.05.10 19:43:35 INFO  Progress (5): 4.6/6.3 MB | 2.0/12 MB | 1.8/2.6 MB | 1.3/1.9 MB | 242/365 kB
2026.05.10 19:43:35 INFO  Progress (5): 4.6/6.3 MB | 2.0/12 MB | 1.8/2.6 MB | 1.3/1.9 MB | 242/365 kB
2026.05.10 19:43:35 INFO  Progress (5): 4.6/6.3 MB | 2.0/12 MB | 1.8/2.6 MB | 1.3/1.9 MB | 242/365 kB
2026.05.10 19:43:35 INFO  Progress (5): 4.7/6.3 MB | 2.0/12 MB | 1.8/2.6 MB | 1.3/1.9 MB | 242/365 kB
2026.05.10 19:43:35 INFO  Progress (5): 4.7/6.3 MB | 2.0/12 MB | 1.8/2.6 MB | 1.3/1.9 MB | 242/365 kB
2026.05.10 19:43:35 INFO  Progress (5): 4.7/6.3 MB | 2.0/12 MB | 1.8/2.6 MB | 1.3/1.9 MB | 242/365 kB
2026.05.10 19:43:35 INFO  Progress (5): 4.7/6.3 MB | 2.0/12 MB | 1.8/2.6 MB | 1.3/1.9 MB | 242/365 kB
2026.05.10 19:43:35 INFO  Progress (5): 4.7/6.3 MB | 2.0/12 MB | 1.8/2.6 MB | 1.3/1.9 MB | 242/365 kB
2026.05.10 19:43:35 INFO  Progress (5): 4.7/6.3 MB | 2.0/12 MB | 1.8/2.6 MB | 1.3/1.9 MB | 242/365 kB
2026.05.10 19:43:35 INFO  Progress (5): 4.7/6.3 MB | 2.0/12 MB | 1.8/2.6 MB | 1.3/1.9 MB | 258/365 kB
2026.05.10 19:43:35 INFO  Progress (5): 4.7/6.3 MB | 2.0/12 MB | 1.8/2.6 MB | 1.3/1.9 MB | 258/365 kB
2026.05.10 19:43:35 INFO  Progress (5): 4.7/6.3 MB | 2.0/12 MB | 1.8/2.6 MB | 1.4/1.9 MB | 258/365 kB
2026.05.10 19:43:35 INFO  Progress (5): 4.7/6.3 MB | 2.0/12 MB | 1.8/2.6 MB | 1.4/1.9 MB | 258/365 kB
2026.05.10 19:43:35 INFO  Progress (5): 4.7/6.3 MB | 2.0/12 MB | 1.8/2.6 MB | 1.4/1.9 MB | 274/365 kB
2026.05.10 19:43:35 INFO  Progress (5): 4.7/6.3 MB | 2.0/12 MB | 1.8/2.6 MB | 1.4/1.9 MB | 274/365 kB
2026.05.10 19:43:35 INFO  Progress (5): 4.7/6.3 MB | 2.0/12 MB | 1.8/2.6 MB | 1.4/1.9 MB | 274/365 kB
2026.05.10 19:43:35 INFO  Progress (5): 4.7/6.3 MB | 2.0/12 MB | 1.8/2.6 MB | 1.4/1.9 MB | 274/365 kB
2026.05.10 19:43:35 INFO  Progress (5): 4.7/6.3 MB | 2.0/12 MB | 1.8/2.6 MB | 1.4/1.9 MB | 291/365 kB
2026.05.10 19:43:35 INFO  Progress (5): 4.7/6.3 MB | 2.0/12 MB | 1.8/2.6 MB | 1.4/1.9 MB | 307/365 kB
2026.05.10 19:43:35 INFO  Progress (5): 4.7/6.3 MB | 2.0/12 MB | 1.8/2.6 MB | 1.4/1.9 MB | 307/365 kB
2026.05.10 19:43:35 INFO  Progress (5): 4.7/6.3 MB | 2.0/12 MB | 1.9/2.6 MB | 1.4/1.9 MB | 307/365 kB
2026.05.10 19:43:35 INFO  Progress (5): 4.7/6.3 MB | 2.0/12 MB | 1.9/2.6 MB | 1.4/1.9 MB | 324/365 kB
2026.05.10 19:43:35 INFO  Progress (5): 4.7/6.3 MB | 2.0/12 MB | 1.9/2.6 MB | 1.4/1.9 MB | 340/365 kB
2026.05.10 19:43:35 INFO  Progress (5): 4.7/6.3 MB | 2.0/12 MB | 1.9/2.6 MB | 1.4/1.9 MB | 340/365 kB
2026.05.10 19:43:35 INFO  Progress (5): 4.7/6.3 MB | 2.0/12 MB | 1.9/2.6 MB | 1.4/1.9 MB | 340/365 kB
2026.05.10 19:43:35 INFO  Progress (5): 4.7/6.3 MB | 2.0/12 MB | 1.9/2.6 MB | 1.4/1.9 MB | 340/365 kB
2026.05.10 19:43:35 INFO  Progress (5): 4.7/6.3 MB | 2.1/12 MB | 1.9/2.6 MB | 1.4/1.9 MB | 340/365 kB
2026.05.10 19:43:35 INFO  Progress (5): 4.7/6.3 MB | 2.1/12 MB | 1.9/2.6 MB | 1.4/1.9 MB | 340/365 kB
2026.05.10 19:43:35 INFO  Progress (5): 4.7/6.3 MB | 2.1/12 MB | 1.9/2.6 MB | 1.4/1.9 MB | 340/365 kB
2026.05.10 19:43:35 INFO  Progress (5): 4.7/6.3 MB | 2.1/12 MB | 1.9/2.6 MB | 1.4/1.9 MB | 340/365 kB
2026.05.10 19:43:35 INFO  Progress (5): 4.7/6.3 MB | 2.1/12 MB | 1.9/2.6 MB | 1.4/1.9 MB | 340/365 kB
2026.05.10 19:43:35 INFO  Progress (5): 4.7/6.3 MB | 2.1/12 MB | 1.9/2.6 MB | 1.4/1.9 MB | 340/365 kB
2026.05.10 19:43:35 INFO  Progress (5): 4.7/6.3 MB | 2.1/12 MB | 1.9/2.6 MB | 1.5/1.9 MB | 340/365 kB
2026.05.10 19:43:35 INFO  Progress (5): 4.7/6.3 MB | 2.1/12 MB | 1.9/2.6 MB | 1.5/1.9 MB | 340/365 kB
2026.05.10 19:43:35 INFO  Progress (5): 4.7/6.3 MB | 2.1/12 MB | 1.9/2.6 MB | 1.5/1.9 MB | 340/365 kB
2026.05.10 19:43:35 INFO  Progress (5): 4.7/6.3 MB | 2.1/12 MB | 1.9/2.6 MB | 1.5/1.9 MB | 340/365 kB
2026.05.10 19:43:35 INFO  Progress (5): 4.7/6.3 MB | 2.1/12 MB | 1.9/2.6 MB | 1.5/1.9 MB | 340/365 kB
2026.05.10 19:43:35 INFO  Progress (5): 4.7/6.3 MB | 2.1/12 MB | 1.9/2.6 MB | 1.5/1.9 MB | 356/365 kB
2026.05.10 19:43:35 INFO  Progress (5): 4.7/6.3 MB | 2.1/12 MB | 1.9/2.6 MB | 1.5/1.9 MB | 365 kB    
2026.05.10 19:43:35 INFO  Progress (5): 4.8/6.3 MB | 2.1/12 MB | 1.9/2.6 MB | 1.5/1.9 MB | 365 kB
2026.05.10 19:43:35 INFO  Progress (5): 4.8/6.3 MB | 2.1/12 MB | 1.9/2.6 MB | 1.5/1.9 MB | 365 kB
2026.05.10 19:43:35 INFO  Progress (5): 4.8/6.3 MB | 2.2/12 MB | 1.9/2.6 MB | 1.5/1.9 MB | 365 kB
2026.05.10 19:43:35 INFO  Progress (5): 4.8/6.3 MB | 2.2/12 MB | 1.9/2.6 MB | 1.5/1.9 MB | 365 kB
2026.05.10 19:43:35 INFO  Progress (5): 4.8/6.3 MB | 2.2/12 MB | 1.9/2.6 MB | 1.5/1.9 MB | 365 kB
2026.05.10 19:43:35 INFO  Progress (5): 4.8/6.3 MB | 2.2/12 MB | 1.9/2.6 MB | 1.5/1.9 MB | 365 kB
2026.05.10 19:43:35 INFO  Progress (5): 4.8/6.3 MB | 2.2/12 MB | 1.9/2.6 MB | 1.5/1.9 MB | 365 kB
2026.05.10 19:43:35 INFO  Progress (5): 4.8/6.3 MB | 2.2/12 MB | 1.9/2.6 MB | 1.5/1.9 MB | 365 kB
2026.05.10 19:43:35 INFO  Progress (5): 4.8/6.3 MB | 2.3/12 MB | 1.9/2.6 MB | 1.5/1.9 MB | 365 kB
2026.05.10 19:43:35 INFO  Progress (5): 4.8/6.3 MB | 2.3/12 MB | 1.9/2.6 MB | 1.5/1.9 MB | 365 kB
2026.05.10 19:43:35 INFO  Progress (5): 4.8/6.3 MB | 2.3/12 MB | 1.9/2.6 MB | 1.5/1.9 MB | 365 kB
2026.05.10 19:43:35 INFO  Progress (5): 4.8/6.3 MB | 2.3/12 MB | 1.9/2.6 MB | 1.5/1.9 MB | 365 kB
2026.05.10 19:43:35 INFO  Progress (5): 4.8/6.3 MB | 2.3/12 MB | 1.9/2.6 MB | 1.5/1.9 MB | 365 kB
2026.05.10 19:43:35 INFO  Progress (5): 4.8/6.3 MB | 2.3/12 MB | 1.9/2.6 MB | 1.5/1.9 MB | 365 kB
2026.05.10 19:43:35 INFO  Progress (5): 4.8/6.3 MB | 2.4/12 MB | 1.9/2.6 MB | 1.5/1.9 MB | 365 kB
2026.05.10 19:43:35 INFO  Progress (5): 4.8/6.3 MB | 2.4/12 MB | 1.9/2.6 MB | 1.5/1.9 MB | 365 kB
2026.05.10 19:43:35 INFO  Progress (5): 4.8/6.3 MB | 2.4/12 MB | 1.9/2.6 MB | 1.5/1.9 MB | 365 kB
2026.05.10 19:43:35 INFO                                                                         
2026.05.10 19:43:35 INFO  Downloaded from central: https://repo.maven.apache.org/maven2/org/scala-sbt/collections_2.13/1.8.0/collections_2.13-1.8.0.jar (365 kB at 99 kB/s)
2026.05.10 19:43:35 INFO  Downloading from central: https://repo.maven.apache.org/maven2/org/scala-sbt/util-position_2.13/1.8.0/util-position_2.13-1.8.0.jar
2026.05.10 19:43:35 INFO  Progress (4): 4.8/6.3 MB | 2.4/12 MB | 1.9/2.6 MB | 1.5/1.9 MB
2026.05.10 19:43:35 INFO  Progress (4): 4.8/6.3 MB | 2.4/12 MB | 1.9/2.6 MB | 1.5/1.9 MB
2026.05.10 19:43:35 INFO  Progress (4): 4.8/6.3 MB | 2.4/12 MB | 1.9/2.6 MB | 1.5/1.9 MB
2026.05.10 19:43:35 INFO  Progress (4): 4.8/6.3 MB | 2.4/12 MB | 1.9/2.6 MB | 1.5/1.9 MB
2026.05.10 19:43:35 INFO  Progress (4): 4.8/6.3 MB | 2.4/12 MB | 1.9/2.6 MB | 1.5/1.9 MB
2026.05.10 19:43:35 INFO  Progress (4): 4.8/6.3 MB | 2.4/12 MB | 1.9/2.6 MB | 1.5/1.9 MB
2026.05.10 19:43:35 INFO  Progress (4): 4.8/6.3 MB | 2.4/12 MB | 1.9/2.6 MB | 1.5/1.9 MB
2026.05.10 19:43:35 INFO  Progress (4): 4.9/6.3 MB | 2.4/12 MB | 1.9/2.6 MB | 1.5/1.9 MB
2026.05.10 19:43:35 INFO  Progress (4): 4.9/6.3 MB | 2.4/12 MB | 1.9/2.6 MB | 1.5/1.9 MB
2026.05.10 19:43:35 INFO  Progress (4): 4.9/6.3 MB | 2.4/12 MB | 1.9/2.6 MB | 1.5/1.9 MB
2026.05.10 19:43:35 INFO  Progress (4): 4.9/6.3 MB | 2.4/12 MB | 1.9/2.6 MB | 1.5/1.9 MB
2026.05.10 19:43:35 INFO  Progress (4): 4.9/6.3 MB | 2.4/12 MB | 1.9/2.6 MB | 1.5/1.9 MB
2026.05.10 19:43:35 INFO  Progress (4): 4.9/6.3 MB | 2.4/12 MB | 1.9/2.6 MB | 1.5/1.9 MB
2026.05.10 19:43:35 INFO  Progress (4): 4.9/6.3 MB | 2.4/12 MB | 1.9/2.6 MB | 1.5/1.9 MB
2026.05.10 19:43:35 INFO  Progress (4): 4.9/6.3 MB | 2.4/12 MB | 1.9/2.6 MB | 1.5/1.9 MB
2026.05.10 19:43:35 INFO  Progress (4): 4.9/6.3 MB | 2.4/12 MB | 1.9/2.6 MB | 1.5/1.9 MB
2026.05.10 19:43:35 INFO  Progress (4): 5.0/6.3 MB | 2.4/12 MB | 1.9/2.6 MB | 1.5/1.9 MB
2026.05.10 19:43:35 INFO  Progress (4): 5.0/6.3 MB | 2.4/12 MB | 1.9/2.6 MB | 1.5/1.9 MB
2026.05.10 19:43:35 INFO  Progress (4): 5.0/6.3 MB | 2.4/12 MB | 1.9/2.6 MB | 1.5/1.9 MB
2026.05.10 19:43:35 INFO  Progress (4): 5.0/6.3 MB | 2.4/12 MB | 2.0/2.6 MB | 1.5/1.9 MB
2026.05.10 19:43:35 INFO  Progress (4): 5.0/6.3 MB | 2.4/12 MB | 2.0/2.6 MB | 1.5/1.9 MB
2026.05.10 19:43:35 INFO  Progress (4): 5.0/6.3 MB | 2.4/12 MB | 2.0/2.6 MB | 1.5/1.9 MB
2026.05.10 19:43:35 INFO  Progress (4): 5.0/6.3 MB | 2.4/12 MB | 2.0/2.6 MB | 1.5/1.9 MB
2026.05.10 19:43:35 INFO  Progress (4): 5.0/6.3 MB | 2.4/12 MB | 2.0/2.6 MB | 1.5/1.9 MB
2026.05.10 19:43:35 INFO  Progress (4): 5.0/6.3 MB | 2.4/12 MB | 2.0/2.6 MB | 1.5/1.9 MB
2026.05.10 19:43:35 INFO  Progress (4): 5.0/6.3 MB | 2.4/12 MB | 2.0/2.6 MB | 1.5/1.9 MB
2026.05.10 19:43:35 INFO  Progress (4): 5.0/6.3 MB | 2.5/12 MB | 2.0/2.6 MB | 1.5/1.9 MB
2026.05.10 19:43:35 INFO  Progress (4): 5.0/6.3 MB | 2.5/12 MB | 2.0/2.6 MB | 1.5/1.9 MB
2026.05.10 19:43:35 INFO  Progress (4): 5.0/6.3 MB | 2.5/12 MB | 2.0/2.6 MB | 1.5/1.9 MB
2026.05.10 19:43:35 INFO  Progress (4): 5.1/6.3 MB | 2.5/12 MB | 2.0/2.6 MB | 1.5/1.9 MB
2026.05.10 19:43:35 INFO  Progress (4): 5.1/6.3 MB | 2.5/12 MB | 2.0/2.6 MB | 1.5/1.9 MB
2026.05.10 19:43:35 INFO  Progress (4): 5.1/6.3 MB | 2.5/12 MB | 2.0/2.6 MB | 1.5/1.9 MB
2026.05.10 19:43:35 INFO  Progress (4): 5.1/6.3 MB | 2.5/12 MB | 2.0/2.6 MB | 1.5/1.9 MB
2026.05.10 19:43:35 INFO  Progress (4): 5.1/6.3 MB | 2.5/12 MB | 2.0/2.6 MB | 1.5/1.9 MB
2026.05.10 19:43:35 INFO  Progress (4): 5.1/6.3 MB | 2.5/12 MB | 2.0/2.6 MB | 1.6/1.9 MB
2026.05.10 19:43:35 INFO  Progress (4): 5.1/6.3 MB | 2.5/12 MB | 2.0/2.6 MB | 1.6/1.9 MB
2026.05.10 19:43:35 INFO  Progress (4): 5.1/6.3 MB | 2.5/12 MB | 2.0/2.6 MB | 1.6/1.9 MB
2026.05.10 19:43:35 INFO  Progress (4): 5.1/6.3 MB | 2.5/12 MB | 2.0/2.6 MB | 1.6/1.9 MB
2026.05.10 19:43:35 INFO  Progress (4): 5.1/6.3 MB | 2.5/12 MB | 2.0/2.6 MB | 1.6/1.9 MB
2026.05.10 19:43:35 INFO  Progress (4): 5.1/6.3 MB | 2.5/12 MB | 2.0/2.6 MB | 1.6/1.9 MB
2026.05.10 19:43:35 INFO  Progress (4): 5.2/6.3 MB | 2.5/12 MB | 2.0/2.6 MB | 1.6/1.9 MB
2026.05.10 19:43:35 INFO  Progress (4): 5.2/6.3 MB | 2.5/12 MB | 2.0/2.6 MB | 1.6/1.9 MB
2026.05.10 19:43:35 INFO  Progress (4): 5.2/6.3 MB | 2.5/12 MB | 2.0/2.6 MB | 1.6/1.9 MB
2026.05.10 19:43:35 INFO  Progress (4): 5.2/6.3 MB | 2.5/12 MB | 2.0/2.6 MB | 1.6/1.9 MB
2026.05.10 19:43:35 INFO  Progress (4): 5.2/6.3 MB | 2.5/12 MB | 2.0/2.6 MB | 1.6/1.9 MB
2026.05.10 19:43:35 INFO  Progress (4): 5.2/6.3 MB | 2.5/12 MB | 2.0/2.6 MB | 1.6/1.9 MB
2026.05.10 19:43:35 INFO  Progress (4): 5.2/6.3 MB | 2.5/12 MB | 2.0/2.6 MB | 1.6/1.9 MB
2026.05.10 19:43:35 INFO  Progress (4): 5.3/6.3 MB | 2.5/12 MB | 2.0/2.6 MB | 1.6/1.9 MB
2026.05.10 19:43:35 INFO  Progress (4): 5.3/6.3 MB | 2.5/12 MB | 2.0/2.6 MB | 1.6/1.9 MB
2026.05.10 19:43:35 INFO  Progress (4): 5.3/6.3 MB | 2.5/12 MB | 2.0/2.6 MB | 1.6/1.9 MB
2026.05.10 19:43:35 INFO  Progress (4): 5.3/6.3 MB | 2.5/12 MB | 2.0/2.6 MB | 1.6/1.9 MB
2026.05.10 19:43:35 INFO  Progress (4): 5.3/6.3 MB | 2.5/12 MB | 2.0/2.6 MB | 1.6/1.9 MB
2026.05.10 19:43:35 INFO  Progress (4): 5.3/6.3 MB | 2.5/12 MB | 2.0/2.6 MB | 1.6/1.9 MB
2026.05.10 19:43:35 INFO  Progress (4): 5.3/6.3 MB | 2.5/12 MB | 2.0/2.6 MB | 1.6/1.9 MB
2026.05.10 19:43:35 INFO  Progress (4): 5.3/6.3 MB | 2.5/12 MB | 2.0/2.6 MB | 1.6/1.9 MB
2026.05.10 19:43:35 INFO  Progress (4): 5.4/6.3 MB | 2.5/12 MB | 2.0/2.6 MB | 1.6/1.9 MB
2026.05.10 19:43:35 INFO  Progress (4): 5.4/6.3 MB | 2.5/12 MB | 2.0/2.6 MB | 1.6/1.9 MB
2026.05.10 19:43:35 INFO  Progress (4): 5.4/6.3 MB | 2.5/12 MB | 2.0/2.6 MB | 1.6/1.9 MB
2026.05.10 19:43:35 INFO  Progress (4): 5.4/6.3 MB | 2.5/12 MB | 2.0/2.6 MB | 1.6/1.9 MB
2026.05.10 19:43:35 INFO  Progress (4): 5.4/6.3 MB | 2.5/12 MB | 2.0/2.6 MB | 1.6/1.9 MB
2026.05.10 19:43:35 INFO  Progress (4): 5.4/6.3 MB | 2.5/12 MB | 2.0/2.6 MB | 1.6/1.9 MB
2026.05.10 19:43:35 INFO  Progress (4): 5.5/6.3 MB | 2.5/12 MB | 2.0/2.6 MB | 1.6/1.9 MB
2026.05.10 19:43:35 INFO  Progress (4): 5.5/6.3 MB | 2.5/12 MB | 2.0/2.6 MB | 1.6/1.9 MB
2026.05.10 19:43:35 INFO  Progress (4): 5.5/6.3 MB | 2.5/12 MB | 2.0/2.6 MB | 1.6/1.9 MB
2026.05.10 19:43:35 INFO  Progress (4): 5.5/6.3 MB | 2.5/12 MB | 2.0/2.6 MB | 1.6/1.9 MB
2026.05.10 19:43:35 INFO  Progress (4): 5.5/6.3 MB | 2.5/12 MB | 2.0/2.6 MB | 1.6/1.9 MB
2026.05.10 19:43:35 INFO  Progress (4): 5.5/6.3 MB | 2.5/12 MB | 2.0/2.6 MB | 1.6/1.9 MB
2026.05.10 19:43:35 INFO  Progress (4): 5.5/6.3 MB | 2.5/12 MB | 2.0/2.6 MB | 1.7/1.9 MB
2026.05.10 19:43:35 INFO  Progress (4): 5.5/6.3 MB | 2.5/12 MB | 2.0/2.6 MB | 1.7/1.9 MB
2026.05.10 19:43:35 INFO  Progress (4): 5.5/6.3 MB | 2.5/12 MB | 2.0/2.6 MB | 1.7/1.9 MB
2026.05.10 19:43:35 INFO  Progress (4): 5.5/6.3 MB | 2.5/12 MB | 2.0/2.6 MB | 1.7/1.9 MB
2026.05.10 19:43:35 INFO  Progress (4): 5.5/6.3 MB | 2.5/12 MB | 2.0/2.6 MB | 1.7/1.9 MB
2026.05.10 19:43:35 INFO  Progress (4): 5.5/6.3 MB | 2.5/12 MB | 2.0/2.6 MB | 1.7/1.9 MB
2026.05.10 19:43:35 INFO  Progress (4): 5.6/6.3 MB | 2.5/12 MB | 2.0/2.6 MB | 1.7/1.9 MB
2026.05.10 19:43:35 INFO  Progress (4): 5.6/6.3 MB | 2.5/12 MB | 2.0/2.6 MB | 1.7/1.9 MB
2026.05.10 19:43:35 INFO  Progress (4): 5.6/6.3 MB | 2.5/12 MB | 2.0/2.6 MB | 1.7/1.9 MB
2026.05.10 19:43:35 INFO  Progress (4): 5.6/6.3 MB | 2.5/12 MB | 2.0/2.6 MB | 1.7/1.9 MB
2026.05.10 19:43:35 INFO  Progress (4): 5.6/6.3 MB | 2.5/12 MB | 2.0/2.6 MB | 1.7/1.9 MB
2026.05.10 19:43:35 INFO  Progress (4): 5.6/6.3 MB | 2.5/12 MB | 2.0/2.6 MB | 1.7/1.9 MB
2026.05.10 19:43:35 INFO  Progress (4): 5.6/6.3 MB | 2.5/12 MB | 2.0/2.6 MB | 1.7/1.9 MB
2026.05.10 19:43:35 INFO  Progress (4): 5.6/6.3 MB | 2.5/12 MB | 2.0/2.6 MB | 1.7/1.9 MB
2026.05.10 19:43:35 INFO  Progress (4): 5.6/6.3 MB | 2.5/12 MB | 2.0/2.6 MB | 1.7/1.9 MB
2026.05.10 19:43:35 INFO  Progress (4): 5.6/6.3 MB | 2.5/12 MB | 2.0/2.6 MB | 1.7/1.9 MB
2026.05.10 19:43:35 INFO  Progress (4): 5.6/6.3 MB | 2.5/12 MB | 2.0/2.6 MB | 1.7/1.9 MB
2026.05.10 19:43:35 INFO  Progress (4): 5.6/6.3 MB | 2.5/12 MB | 2.1/2.6 MB | 1.7/1.9 MB
2026.05.10 19:43:35 INFO  Progress (4): 5.6/6.3 MB | 2.5/12 MB | 2.1/2.6 MB | 1.7/1.9 MB
2026.05.10 19:43:35 INFO  Progress (4): 5.6/6.3 MB | 2.5/12 MB | 2.1/2.6 MB | 1.7/1.9 MB
2026.05.10 19:43:35 INFO  Progress (4): 5.6/6.3 MB | 2.5/12 MB | 2.1/2.6 MB | 1.7/1.9 MB
2026.05.10 19:43:35 INFO  Progress (4): 5.7/6.3 MB | 2.5/12 MB | 2.1/2.6 MB | 1.7/1.9 MB
2026.05.10 19:43:35 INFO  Progress (4): 5.7/6.3 MB | 2.5/12 MB | 2.1/2.6 MB | 1.7/1.9 MB
2026.05.10 19:43:35 INFO  Progress (4): 5.7/6.3 MB | 2.5/12 MB | 2.1/2.6 MB | 1.7/1.9 MB
2026.05.10 19:43:35 INFO  Progress (4): 5.7/6.3 MB | 2.5/12 MB | 2.1/2.6 MB | 1.7/1.9 MB
2026.05.10 19:43:35 INFO  Progress (4): 5.7/6.3 MB | 2.5/12 MB | 2.1/2.6 MB | 1.8/1.9 MB
2026.05.10 19:43:35 INFO  Progress (4): 5.7/6.3 MB | 2.5/12 MB | 2.1/2.6 MB | 1.8/1.9 MB
2026.05.10 19:43:35 INFO  Progress (4): 5.7/6.3 MB | 2.5/12 MB | 2.1/2.6 MB | 1.8/1.9 MB
2026.05.10 19:43:35 INFO  Progress (4): 5.7/6.3 MB | 2.5/12 MB | 2.1/2.6 MB | 1.8/1.9 MB
2026.05.10 19:43:35 INFO  Progress (4): 5.7/6.3 MB | 2.5/12 MB | 2.1/2.6 MB | 1.8/1.9 MB
2026.05.10 19:43:35 INFO  Progress (4): 5.7/6.3 MB | 2.6/12 MB | 2.1/2.6 MB | 1.8/1.9 MB
2026.05.10 19:43:35 INFO  Progress (4): 5.7/6.3 MB | 2.6/12 MB | 2.1/2.6 MB | 1.8/1.9 MB
2026.05.10 19:43:35 INFO  Progress (4): 5.7/6.3 MB | 2.6/12 MB | 2.1/2.6 MB | 1.8/1.9 MB
2026.05.10 19:43:35 INFO  Progress (4): 5.7/6.3 MB | 2.6/12 MB | 2.1/2.6 MB | 1.8/1.9 MB
2026.05.10 19:43:35 INFO  Progress (4): 5.7/6.3 MB | 2.6/12 MB | 2.1/2.6 MB | 1.8/1.9 MB
2026.05.10 19:43:35 INFO  Progress (4): 5.7/6.3 MB | 2.6/12 MB | 2.1/2.6 MB | 1.8/1.9 MB
2026.05.10 19:43:35 INFO  Progress (4): 5.8/6.3 MB | 2.6/12 MB | 2.1/2.6 MB | 1.8/1.9 MB
2026.05.10 19:43:35 INFO  Progress (4): 5.8/6.3 MB | 2.6/12 MB | 2.1/2.6 MB | 1.8/1.9 MB
2026.05.10 19:43:35 INFO  Progress (4): 5.8/6.3 MB | 2.6/12 MB | 2.1/2.6 MB | 1.8/1.9 MB
2026.05.10 19:43:35 INFO  Progress (4): 5.8/6.3 MB | 2.6/12 MB | 2.1/2.6 MB | 1.8/1.9 MB
2026.05.10 19:43:35 INFO  Progress (4): 5.8/6.3 MB | 2.6/12 MB | 2.1/2.6 MB | 1.8/1.9 MB
2026.05.10 19:43:35 INFO  Progress (4): 5.8/6.3 MB | 2.6/12 MB | 2.1/2.6 MB | 1.8/1.9 MB
2026.05.10 19:43:35 INFO  Progress (4): 5.8/6.3 MB | 2.6/12 MB | 2.1/2.6 MB | 1.8/1.9 MB
2026.05.10 19:43:35 INFO  Progress (4): 5.8/6.3 MB | 2.6/12 MB | 2.1/2.6 MB | 1.8/1.9 MB
2026.05.10 19:43:35 INFO  Progress (4): 5.8/6.3 MB | 2.6/12 MB | 2.1/2.6 MB | 1.9/1.9 MB
2026.05.10 19:43:35 INFO  Progress (4): 5.8/6.3 MB | 2.6/12 MB | 2.1/2.6 MB | 1.9 MB    
2026.05.10 19:43:35 INFO  Progress (4): 5.8/6.3 MB | 2.6/12 MB | 2.1/2.6 MB | 1.9 MB
2026.05.10 19:43:35 INFO  Progress (4): 5.8/6.3 MB | 2.6/12 MB | 2.1/2.6 MB | 1.9 MB
2026.05.10 19:43:35 INFO  Progress (4): 5.8/6.3 MB | 2.6/12 MB | 2.1/2.6 MB | 1.9 MB
2026.05.10 19:43:35 INFO  Progress (4): 5.8/6.3 MB | 2.6/12 MB | 2.1/2.6 MB | 1.9 MB
2026.05.10 19:43:35 INFO  Progress (4): 5.8/6.3 MB | 2.6/12 MB | 2.1/2.6 MB | 1.9 MB
2026.05.10 19:43:35 INFO  Progress (4): 5.9/6.3 MB | 2.6/12 MB | 2.1/2.6 MB | 1.9 MB
2026.05.10 19:43:35 INFO  Progress (4): 5.9/6.3 MB | 2.6/12 MB | 2.1/2.6 MB | 1.9 MB
2026.05.10 19:43:35 INFO  Progress (4): 5.9/6.3 MB | 2.6/12 MB | 2.1/2.6 MB | 1.9 MB
2026.05.10 19:43:35 INFO  Progress (4): 5.9/6.3 MB | 2.6/12 MB | 2.1/2.6 MB | 1.9 MB
2026.05.10 19:43:35 INFO  Progress (4): 5.9/6.3 MB | 2.6/12 MB | 2.1/2.6 MB | 1.9 MB
2026.05.10 19:43:35 INFO  Progress (4): 5.9/6.3 MB | 2.6/12 MB | 2.1/2.6 MB | 1.9 MB
2026.05.10 19:43:35 INFO                                                            
2026.05.10 19:43:35 INFO  Downloaded from central: https://repo.maven.apache.org/maven2/net/java/dev/jna/jna/5.12.0/jna-5.12.0.jar (1.9 MB at 486 kB/s)
2026.05.10 19:43:35 INFO  Progress (3): 5.9/6.3 MB | 2.6/12 MB | 2.2/2.6 MB
2026.05.10 19:43:35 INFO                                                   
2026.05.10 19:43:35 INFO  Downloading from central: https://repo.maven.apache.org/maven2/org/scala-sbt/core-macros_2.13/1.8.0/core-macros_2.13-1.8.0.jar
2026.05.10 19:43:35 INFO  Progress (3): 5.9/6.3 MB | 2.6/12 MB | 2.2/2.6 MB
2026.05.10 19:43:35 INFO  Progress (3): 5.9/6.3 MB | 2.7/12 MB | 2.2/2.6 MB
2026.05.10 19:43:35 INFO  Progress (3): 5.9/6.3 MB | 2.7/12 MB | 2.2/2.6 MB
2026.05.10 19:43:35 INFO  Progress (3): 6.0/6.3 MB | 2.7/12 MB | 2.2/2.6 MB
2026.05.10 19:43:35 INFO  Progress (3): 6.0/6.3 MB | 2.7/12 MB | 2.2/2.6 MB
2026.05.10 19:43:35 INFO  Progress (3): 6.0/6.3 MB | 2.7/12 MB | 2.2/2.6 MB
2026.05.10 19:43:35 INFO  Progress (3): 6.0/6.3 MB | 2.7/12 MB | 2.2/2.6 MB
2026.05.10 19:43:35 INFO  Progress (3): 6.0/6.3 MB | 2.7/12 MB | 2.2/2.6 MB
2026.05.10 19:43:35 INFO  Progress (4): 6.0/6.3 MB | 2.7/12 MB | 2.2/2.6 MB | 7.7/28 kB
2026.05.10 19:43:35 INFO  Progress (4): 6.0/6.3 MB | 2.7/12 MB | 2.2/2.6 MB | 7.7/28 kB
2026.05.10 19:43:35 INFO  Progress (4): 6.0/6.3 MB | 2.7/12 MB | 2.2/2.6 MB | 24/28 kB 
2026.05.10 19:43:35 INFO  Progress (4): 6.0/6.3 MB | 2.7/12 MB | 2.2/2.6 MB | 28 kB   
2026.05.10 19:43:35 INFO  Progress (4): 6.0/6.3 MB | 2.7/12 MB | 2.2/2.6 MB | 28 kB
2026.05.10 19:43:35 INFO  Progress (4): 6.0/6.3 MB | 2.7/12 MB | 2.2/2.6 MB | 28 kB
2026.05.10 19:43:35 INFO  Progress (4): 6.0/6.3 MB | 2.7/12 MB | 2.2/2.6 MB | 28 kB
2026.05.10 19:43:35 INFO  Progress (4): 6.0/6.3 MB | 2.7/12 MB | 2.2/2.6 MB | 28 kB
2026.05.10 19:43:35 INFO                                                           
2026.05.10 19:43:35 INFO  Downloaded from central: https://repo.maven.apache.org/maven2/org/scala-sbt/util-position_2.13/1.8.0/util-position_2.13-1.8.0.jar (28 kB at 7.3 kB/s)
2026.05.10 19:43:35 INFO  Downloading from central: https://repo.maven.apache.org/maven2/org/jline/jline-terminal/3.19.0/jline-terminal-3.19.0.jar
2026.05.10 19:43:35 INFO  Progress (3): 6.1/6.3 MB | 2.7/12 MB | 2.2/2.6 MB
2026.05.10 19:43:35 INFO  Progress (3): 6.1/6.3 MB | 2.7/12 MB | 2.2/2.6 MB
2026.05.10 19:43:35 INFO  Progress (3): 6.1/6.3 MB | 2.7/12 MB | 2.2/2.6 MB
2026.05.10 19:43:35 INFO  Progress (3): 6.1/6.3 MB | 2.7/12 MB | 2.2/2.6 MB
2026.05.10 19:43:35 INFO  Progress (3): 6.1/6.3 MB | 2.7/12 MB | 2.2/2.6 MB
2026.05.10 19:43:35 INFO  Progress (3): 6.1/6.3 MB | 2.7/12 MB | 2.2/2.6 MB
2026.05.10 19:43:35 INFO  Progress (3): 6.1/6.3 MB | 2.7/12 MB | 2.2/2.6 MB
2026.05.10 19:43:35 INFO  Progress (3): 6.1/6.3 MB | 2.7/12 MB | 2.2/2.6 MB
2026.05.10 19:43:35 INFO  Progress (3): 6.1/6.3 MB | 2.7/12 MB | 2.2/2.6 MB
2026.05.10 19:43:35 INFO  Progress (3): 6.1/6.3 MB | 2.7/12 MB | 2.2/2.6 MB
2026.05.10 19:43:35 INFO  Progress (3): 6.2/6.3 MB | 2.7/12 MB | 2.2/2.6 MB
2026.05.10 19:43:35 INFO  Progress (3): 6.2/6.3 MB | 2.7/12 MB | 2.2/2.6 MB
2026.05.10 19:43:35 INFO  Progress (3): 6.2/6.3 MB | 2.7/12 MB | 2.2/2.6 MB
2026.05.10 19:43:35 INFO  Progress (3): 6.2/6.3 MB | 2.7/12 MB | 2.2/2.6 MB
2026.05.10 19:43:35 INFO  Progress (3): 6.2/6.3 MB | 2.7/12 MB | 2.2/2.6 MB
2026.05.10 19:43:35 INFO  Progress (3): 6.2/6.3 MB | 2.7/12 MB | 2.2/2.6 MB
2026.05.10 19:43:35 INFO  Progress (3): 6.2/6.3 MB | 2.8/12 MB | 2.2/2.6 MB
2026.05.10 19:43:35 INFO  Progress (3): 6.2/6.3 MB | 2.8/12 MB | 2.2/2.6 MB
2026.05.10 19:43:35 INFO  Progress (3): 6.2/6.3 MB | 2.8/12 MB | 2.2/2.6 MB
2026.05.10 19:43:35 INFO  Progress (3): 6.2/6.3 MB | 2.8/12 MB | 2.2/2.6 MB
2026.05.10 19:43:35 INFO  Progress (3): 6.3/6.3 MB | 2.8/12 MB | 2.2/2.6 MB
2026.05.10 19:43:35 INFO  Progress (3): 6.3/6.3 MB | 2.8/12 MB | 2.2/2.6 MB
2026.05.10 19:43:35 INFO  Progress (3): 6.3/6.3 MB | 2.8/12 MB | 2.2/2.6 MB
2026.05.10 19:43:35 INFO  Progress (3): 6.3/6.3 MB | 2.8/12 MB | 2.2/2.6 MB
2026.05.10 19:43:35 INFO  Progress (3): 6.3/6.3 MB | 2.8/12 MB | 2.2/2.6 MB
2026.05.10 19:43:35 INFO  Progress (3): 6.3 MB | 2.8/12 MB | 2.2/2.6 MB    
2026.05.10 19:43:35 INFO  Progress (3): 6.3 MB | 2.8/12 MB | 2.2/2.6 MB
2026.05.10 19:43:35 INFO  Progress (3): 6.3 MB | 2.8/12 MB | 2.3/2.6 MB
2026.05.10 19:43:35 INFO  Progress (3): 6.3 MB | 2.8/12 MB | 2.3/2.6 MB
2026.05.10 19:43:35 INFO  Progress (3): 6.3 MB | 2.8/12 MB | 2.3/2.6 MB
2026.05.10 19:43:35 INFO  Progress (3): 6.3 MB | 2.8/12 MB | 2.3/2.6 MB
2026.05.10 19:43:35 INFO  Progress (3): 6.3 MB | 2.8/12 MB | 2.3/2.6 MB
2026.05.10 19:43:35 INFO  Progress (3): 6.3 MB | 2.8/12 MB | 2.3/2.6 MB
2026.05.10 19:43:35 INFO  Progress (3): 6.3 MB | 2.9/12 MB | 2.3/2.6 MB
2026.05.10 19:43:35 INFO  Progress (3): 6.3 MB | 2.9/12 MB | 2.3/2.6 MB
2026.05.10 19:43:35 INFO  Progress (3): 6.3 MB | 2.9/12 MB | 2.3/2.6 MB
2026.05.10 19:43:35 INFO  Progress (3): 6.3 MB | 2.9/12 MB | 2.3/2.6 MB
2026.05.10 19:43:35 INFO  Progress (3): 6.3 MB | 2.9/12 MB | 2.3/2.6 MB
2026.05.10 19:43:35 INFO  Progress (3): 6.3 MB | 2.9/12 MB | 2.3/2.6 MB
2026.05.10 19:43:35 INFO  Progress (3): 6.3 MB | 2.9/12 MB | 2.3/2.6 MB
2026.05.10 19:43:35 INFO  Progress (3): 6.3 MB | 2.9/12 MB | 2.3/2.6 MB
2026.05.10 19:43:35 INFO  Progress (3): 6.3 MB | 2.9/12 MB | 2.4/2.6 MB
2026.05.10 19:43:35 INFO  Progress (3): 6.3 MB | 2.9/12 MB | 2.4/2.6 MB
2026.05.10 19:43:35 INFO  Progress (4): 6.3 MB | 2.9/12 MB | 2.4/2.6 MB | 8.2/228 kB
2026.05.10 19:43:35 INFO  Progress (4): 6.3 MB | 2.9/12 MB | 2.4/2.6 MB | 25/228 kB 
2026.05.10 19:43:35 INFO  Progress (4): 6.3 MB | 2.9/12 MB | 2.4/2.6 MB | 41/228 kB
2026.05.10 19:43:35 INFO  Progress (4): 6.3 MB | 2.9/12 MB | 2.4/2.6 MB | 57/228 kB
2026.05.10 19:43:35 INFO  Progress (4): 6.3 MB | 2.9/12 MB | 2.4/2.6 MB | 74/228 kB
2026.05.10 19:43:35 INFO                                                           
2026.05.10 19:43:35 INFO  Downloaded from central: https://repo.maven.apache.org/maven2/com/github/luben/zstd-jni/1.5.2-5/zstd-jni-1.5.2-5.jar (6.3 MB at 1.5 MB/s)
2026.05.10 19:43:35 INFO  Downloading from central: https://repo.maven.apache.org/maven2/org/scala-lang/scala-reflect/2.13.8/scala-reflect-2.13.8.jar
2026.05.10 19:43:35 INFO  Progress (3): 2.9/12 MB | 2.4/2.6 MB | 90/228 kB
2026.05.10 19:43:35 INFO  Progress (3): 2.9/12 MB | 2.4/2.6 MB | 106/228 kB
2026.05.10 19:43:35 INFO  Progress (3): 2.9/12 MB | 2.4/2.6 MB | 123/228 kB
2026.05.10 19:43:35 INFO  Progress (3): 3.0/12 MB | 2.4/2.6 MB | 123/228 kB
2026.05.10 19:43:35 INFO  Progress (3): 3.0/12 MB | 2.4/2.6 MB | 131/228 kB
2026.05.10 19:43:35 INFO  Progress (3): 3.0/12 MB | 2.4/2.6 MB | 147/228 kB
2026.05.10 19:43:35 INFO  Progress (3): 3.0/12 MB | 2.4/2.6 MB | 147/228 kB
2026.05.10 19:43:35 INFO  Progress (3): 3.0/12 MB | 2.4/2.6 MB | 164/228 kB
2026.05.10 19:43:35 INFO  Progress (3): 3.0/12 MB | 2.4/2.6 MB | 180/228 kB
2026.05.10 19:43:35 INFO  Progress (3): 3.0/12 MB | 2.4/2.6 MB | 197/228 kB
2026.05.10 19:43:35 INFO  Progress (3): 3.0/12 MB | 2.4/2.6 MB | 197/228 kB
2026.05.10 19:43:35 INFO  Progress (4): 3.0/12 MB | 2.4/2.6 MB | 197/228 kB | 7.7/87 kB
2026.05.10 19:43:35 INFO  Progress (4): 3.0/12 MB | 2.4/2.6 MB | 197/228 kB | 16/87 kB 
2026.05.10 19:43:35 INFO  Progress (4): 3.0/12 MB | 2.4/2.6 MB | 197/228 kB | 16/87 kB
2026.05.10 19:43:35 INFO  Progress (4): 3.0/12 MB | 2.4/2.6 MB | 213/228 kB | 16/87 kB
2026.05.10 19:43:35 INFO  Progress (4): 3.0/12 MB | 2.4/2.6 MB | 213/228 kB | 25/87 kB
2026.05.10 19:43:35 INFO  Progress (4): 3.0/12 MB | 2.4/2.6 MB | 213/228 kB | 25/87 kB
2026.05.10 19:43:35 INFO  Progress (4): 3.0/12 MB | 2.4/2.6 MB | 228 kB | 25/87 kB    
2026.05.10 19:43:35 INFO  Progress (4): 3.0/12 MB | 2.4/2.6 MB | 228 kB | 41/87 kB
2026.05.10 19:43:35 INFO  Progress (4): 3.0/12 MB | 2.4/2.6 MB | 228 kB | 41/87 kB
2026.05.10 19:43:35 INFO  Progress (4): 3.0/12 MB | 2.4/2.6 MB | 228 kB | 57/87 kB
2026.05.10 19:43:35 INFO  Progress (4): 3.0/12 MB | 2.4/2.6 MB | 228 kB | 57/87 kB
2026.05.10 19:43:35 INFO  Progress (4): 3.0/12 MB | 2.4/2.6 MB | 228 kB | 57/87 kB
2026.05.10 19:43:35 INFO  Progress (4): 3.0/12 MB | 2.4/2.6 MB | 228 kB | 57/87 kB
2026.05.10 19:43:35 INFO  Progress (4): 3.0/12 MB | 2.4/2.6 MB | 228 kB | 57/87 kB
2026.05.10 19:43:35 INFO  Progress (4): 3.0/12 MB | 2.4/2.6 MB | 228 kB | 57/87 kB
2026.05.10 19:43:35 INFO  Progress (4): 3.1/12 MB | 2.4/2.6 MB | 228 kB | 57/87 kB
2026.05.10 19:43:35 INFO                                                          
2026.05.10 19:43:35 INFO  Downloaded from central: https://repo.maven.apache.org/maven2/org/jline/jline-terminal/3.19.0/jline-terminal-3.19.0.jar (228 kB at 55 kB/s)
2026.05.10 19:43:35 INFO  Downloading from central: https://repo.maven.apache.org/maven2/org/scala-sbt/util-relation_2.13/1.8.0/util-relation_2.13-1.8.0.jar
2026.05.10 19:43:35 INFO  Progress (3): 3.1/12 MB | 2.4/2.6 MB | 57/87 kB
2026.05.10 19:43:35 INFO  Progress (3): 3.1/12 MB | 2.4/2.6 MB | 57/87 kB
2026.05.10 19:43:35 INFO  Progress (3): 3.1/12 MB | 2.4/2.6 MB | 57/87 kB
2026.05.10 19:43:35 INFO  Progress (3): 3.1/12 MB | 2.4/2.6 MB | 57/87 kB
2026.05.10 19:43:35 INFO  Progress (3): 3.1/12 MB | 2.4/2.6 MB | 57/87 kB
2026.05.10 19:43:35 INFO  Progress (3): 3.1/12 MB | 2.4/2.6 MB | 57/87 kB
2026.05.10 19:43:35 INFO  Progress (3): 3.1/12 MB | 2.4/2.6 MB | 74/87 kB
2026.05.10 19:43:35 INFO  Progress (3): 3.1/12 MB | 2.4/2.6 MB | 87 kB   
2026.05.10 19:43:35 INFO  Progress (3): 3.1/12 MB | 2.5/2.6 MB | 87 kB
2026.05.10 19:43:35 INFO  Progress (3): 3.1/12 MB | 2.5/2.6 MB | 87 kB
2026.05.10 19:43:35 INFO  Progress (3): 3.1/12 MB | 2.5/2.6 MB | 87 kB
2026.05.10 19:43:35 INFO                                              
2026.05.10 19:43:35 INFO  Downloaded from central: https://repo.maven.apache.org/maven2/org/scala-sbt/core-macros_2.13/1.8.0/core-macros_2.13-1.8.0.jar (87 kB at 21 kB/s)
2026.05.10 19:43:35 INFO  Downloading from central: https://repo.maven.apache.org/maven2/org/scala-sbt/zinc-persist_2.13/1.8.0/zinc-persist_2.13-1.8.0.jar
2026.05.10 19:43:35 INFO  Progress (2): 3.2/12 MB | 2.5/2.6 MB
2026.05.10 19:43:35 INFO  Progress (2): 3.2/12 MB | 2.5/2.6 MB
2026.05.10 19:43:35 INFO  Progress (2): 3.2/12 MB | 2.5/2.6 MB
2026.05.10 19:43:35 INFO  Progress (3): 3.2/12 MB | 2.5/2.6 MB | 0/3.8 MB
2026.05.10 19:43:35 INFO  Progress (3): 3.2/12 MB | 2.5/2.6 MB | 0/3.8 MB
2026.05.10 19:43:35 INFO  Progress (3): 3.2/12 MB | 2.5/2.6 MB | 0/3.8 MB
2026.05.10 19:43:35 INFO  Progress (3): 3.2/12 MB | 2.5/2.6 MB | 0/3.8 MB
2026.05.10 19:43:35 INFO  Progress (3): 3.2/12 MB | 2.5/2.6 MB | 0/3.8 MB
2026.05.10 19:43:35 INFO  Progress (3): 3.2/12 MB | 2.5/2.6 MB | 0/3.8 MB
2026.05.10 19:43:35 INFO  Progress (3): 3.2/12 MB | 2.5/2.6 MB | 0.1/3.8 MB
2026.05.10 19:43:35 INFO  Progress (3): 3.2/12 MB | 2.5/2.6 MB | 0.1/3.8 MB
2026.05.10 19:43:35 INFO  Progress (3): 3.2/12 MB | 2.5/2.6 MB | 0.1/3.8 MB
2026.05.10 19:43:35 INFO  Progress (3): 3.2/12 MB | 2.5/2.6 MB | 0.1/3.8 MB
2026.05.10 19:43:35 INFO  Progress (3): 3.2/12 MB | 2.5/2.6 MB | 0.1/3.8 MB
2026.05.10 19:43:35 INFO  Progress (3): 3.2/12 MB | 2.5/2.6 MB | 0.1/3.8 MB
2026.05.10 19:43:35 INFO  Progress (3): 3.2/12 MB | 2.5/2.6 MB | 0.1/3.8 MB
2026.05.10 19:43:35 INFO  Progress (3): 3.2/12 MB | 2.5/2.6 MB | 0.1/3.8 MB
2026.05.10 19:43:35 INFO  Progress (3): 3.2/12 MB | 2.5/2.6 MB | 0.1/3.8 MB
2026.05.10 19:43:35 INFO  Progress (3): 3.2/12 MB | 2.5/2.6 MB | 0.1/3.8 MB
2026.05.10 19:43:35 INFO  Progress (3): 3.2/12 MB | 2.5/2.6 MB | 0.1/3.8 MB
2026.05.10 19:43:35 INFO  Progress (3): 3.2/12 MB | 2.5/2.6 MB | 0.2/3.8 MB
2026.05.10 19:43:35 INFO  Progress (3): 3.2/12 MB | 2.5/2.6 MB | 0.2/3.8 MB
2026.05.10 19:43:35 INFO  Progress (3): 3.2/12 MB | 2.5/2.6 MB | 0.2/3.8 MB
2026.05.10 19:43:35 INFO  Progress (3): 3.2/12 MB | 2.5/2.6 MB | 0.2/3.8 MB
2026.05.10 19:43:35 INFO  Progress (3): 3.3/12 MB | 2.5/2.6 MB | 0.2/3.8 MB
2026.05.10 19:43:35 INFO  Progress (3): 3.3/12 MB | 2.5/2.6 MB | 0.2/3.8 MB
2026.05.10 19:43:35 INFO  Progress (3): 3.3/12 MB | 2.5/2.6 MB | 0.2/3.8 MB
2026.05.10 19:43:35 INFO  Progress (4): 3.3/12 MB | 2.5/2.6 MB | 0.2/3.8 MB | 3.2/15 kB
2026.05.10 19:43:35 INFO  Progress (4): 3.3/12 MB | 2.5/2.6 MB | 0.2/3.8 MB | 15 kB    
2026.05.10 19:43:35 INFO  Progress (4): 3.3/12 MB | 2.5/2.6 MB | 0.2/3.8 MB | 15 kB
2026.05.10 19:43:35 INFO  Progress (4): 3.3/12 MB | 2.5/2.6 MB | 0.2/3.8 MB | 15 kB
2026.05.10 19:43:35 INFO  Progress (4): 3.3/12 MB | 2.6/2.6 MB | 0.2/3.8 MB | 15 kB
2026.05.10 19:43:35 INFO  Progress (4): 3.3/12 MB | 2.6/2.6 MB | 0.3/3.8 MB | 15 kB
2026.05.10 19:43:35 INFO  Progress (4): 3.3/12 MB | 2.6/2.6 MB | 0.3/3.8 MB | 15 kB
2026.05.10 19:43:35 INFO  Progress (4): 3.3/12 MB | 2.6/2.6 MB | 0.3/3.8 MB | 15 kB
2026.05.10 19:43:35 INFO                                                           
2026.05.10 19:43:35 INFO  Downloaded from central: https://repo.maven.apache.org/maven2/org/scala-sbt/util-relation_2.13/1.8.0/util-relation_2.13-1.8.0.jar (15 kB at 3.6 kB/s)
2026.05.10 19:43:35 INFO  Downloading from central: https://repo.maven.apache.org/maven2/org/scala-sbt/zinc-compile-core_2.13/1.8.0/zinc-compile-core_2.13-1.8.0.jar
2026.05.10 19:43:35 INFO  Progress (3): 3.3/12 MB | 2.6/2.6 MB | 0.3/3.8 MB
2026.05.10 19:43:35 INFO  Progress (3): 3.3/12 MB | 2.6/2.6 MB | 0.3/3.8 MB
2026.05.10 19:43:35 INFO  Progress (3): 3.3/12 MB | 2.6/2.6 MB | 0.3/3.8 MB
2026.05.10 19:43:35 INFO  Progress (3): 3.3/12 MB | 2.6/2.6 MB | 0.3/3.8 MB
2026.05.10 19:43:35 INFO  Progress (3): 3.3/12 MB | 2.6/2.6 MB | 0.3/3.8 MB
2026.05.10 19:43:35 INFO  Progress (3): 3.3/12 MB | 2.6/2.6 MB | 0.3/3.8 MB
2026.05.10 19:43:35 INFO  Progress (3): 3.3/12 MB | 2.6/2.6 MB | 0.4/3.8 MB
2026.05.10 19:43:35 INFO  Progress (3): 3.3/12 MB | 2.6/2.6 MB | 0.4/3.8 MB
2026.05.10 19:43:35 INFO  Progress (3): 3.3/12 MB | 2.6/2.6 MB | 0.4/3.8 MB
2026.05.10 19:43:35 INFO  Progress (3): 3.3/12 MB | 2.6/2.6 MB | 0.4/3.8 MB
2026.05.10 19:43:35 INFO  Progress (3): 3.3/12 MB | 2.6/2.6 MB | 0.4/3.8 MB
2026.05.10 19:43:35 INFO  Progress (3): 3.3/12 MB | 2.6/2.6 MB | 0.4/3.8 MB
2026.05.10 19:43:35 INFO  Progress (3): 3.3/12 MB | 2.6/2.6 MB | 0.4/3.8 MB
2026.05.10 19:43:35 INFO  Progress (3): 3.4/12 MB | 2.6/2.6 MB | 0.4/3.8 MB
2026.05.10 19:43:35 INFO  Progress (3): 3.4/12 MB | 2.6/2.6 MB | 0.4/3.8 MB
2026.05.10 19:43:35 INFO  Progress (3): 3.4/12 MB | 2.6/2.6 MB | 0.4/3.8 MB
2026.05.10 19:43:35 INFO  Progress (3): 3.4/12 MB | 2.6 MB | 0.4/3.8 MB    
2026.05.10 19:43:35 INFO  Progress (4): 3.4/12 MB | 2.6 MB | 0.4/3.8 MB | 7.7/270 kB
2026.05.10 19:43:35 INFO  Progress (4): 3.4/12 MB | 2.6 MB | 0.4/3.8 MB | 16/270 kB 
2026.05.10 19:43:35 INFO  Progress (4): 3.4/12 MB | 2.6 MB | 0.4/3.8 MB | 25/270 kB
2026.05.10 19:43:35 INFO  Progress (4): 3.4/12 MB | 2.6 MB | 0.4/3.8 MB | 25/270 kB
2026.05.10 19:43:35 INFO  Progress (4): 3.4/12 MB | 2.6 MB | 0.4/3.8 MB | 25/270 kB
2026.05.10 19:43:35 INFO  Progress (4): 3.4/12 MB | 2.6 MB | 0.5/3.8 MB | 25/270 kB
2026.05.10 19:43:35 INFO  Progress (4): 3.4/12 MB | 2.6 MB | 0.5/3.8 MB | 41/270 kB
2026.05.10 19:43:35 INFO  Progress (4): 3.4/12 MB | 2.6 MB | 0.5/3.8 MB | 41/270 kB
2026.05.10 19:43:35 INFO  Progress (4): 3.4/12 MB | 2.6 MB | 0.5/3.8 MB | 41/270 kB
2026.05.10 19:43:35 INFO  Progress (4): 3.4/12 MB | 2.6 MB | 0.5/3.8 MB | 41/270 kB
2026.05.10 19:43:35 INFO  Progress (4): 3.4/12 MB | 2.6 MB | 0.5/3.8 MB | 57/270 kB
2026.05.10 19:43:35 INFO  Progress (4): 3.4/12 MB | 2.6 MB | 0.5/3.8 MB | 57/270 kB
2026.05.10 19:43:35 INFO  Progress (4): 3.4/12 MB | 2.6 MB | 0.5/3.8 MB | 57/270 kB
2026.05.10 19:43:35 INFO  Progress (4): 3.4/12 MB | 2.6 MB | 0.5/3.8 MB | 74/270 kB
2026.05.10 19:43:35 INFO  Progress (4): 3.4/12 MB | 2.6 MB | 0.5/3.8 MB | 74/270 kB
2026.05.10 19:43:35 INFO  Progress (4): 3.4/12 MB | 2.6 MB | 0.5/3.8 MB | 74/270 kB
2026.05.10 19:43:35 INFO                                                           
2026.05.10 19:43:35 INFO  Downloaded from central: https://repo.maven.apache.org/maven2/org/scala-sbt/zinc-persist-core-assembly/1.8.0/zinc-persist-core-assembly-1.8.0.jar (2.6 MB at 608 kB/s)
2026.05.10 19:43:35 INFO  Downloading from central: https://repo.maven.apache.org/maven2/org/scala-lang/modules/scala-parser-combinators_2.13/1.1.2/scala-parser-combinators_2.13-1.1.2.jar
2026.05.10 19:43:35 INFO  Progress (3): 3.4/12 MB | 0.5/3.8 MB | 74/270 kB
2026.05.10 19:43:35 INFO  Progress (3): 3.4/12 MB | 0.5/3.8 MB | 90/270 kB
2026.05.10 19:43:35 INFO  Progress (3): 3.4/12 MB | 0.6/3.8 MB | 90/270 kB
2026.05.10 19:43:35 INFO  Progress (3): 3.4/12 MB | 0.6/3.8 MB | 90/270 kB
2026.05.10 19:43:35 INFO  Progress (3): 3.4/12 MB | 0.6/3.8 MB | 90/270 kB
2026.05.10 19:43:35 INFO  Progress (3): 3.4/12 MB | 0.6/3.8 MB | 106/270 kB
2026.05.10 19:43:35 INFO  Progress (3): 3.4/12 MB | 0.6/3.8 MB | 106/270 kB
2026.05.10 19:43:35 INFO  Progress (3): 3.4/12 MB | 0.6/3.8 MB | 106/270 kB
2026.05.10 19:43:35 INFO  Progress (4): 3.4/12 MB | 0.6/3.8 MB | 106/270 kB | 7.7/254 kB
2026.05.10 19:43:35 INFO  Progress (4): 3.4/12 MB | 0.6/3.8 MB | 106/270 kB | 12/254 kB 
2026.05.10 19:43:35 INFO  Progress (4): 3.4/12 MB | 0.6/3.8 MB | 123/270 kB | 12/254 kB
2026.05.10 19:43:35 INFO  Progress (4): 3.4/12 MB | 0.6/3.8 MB | 123/270 kB | 29/254 kB
2026.05.10 19:43:35 INFO  Progress (4): 3.4/12 MB | 0.6/3.8 MB | 123/270 kB | 45/254 kB
2026.05.10 19:43:35 INFO  Progress (4): 3.4/12 MB | 0.6/3.8 MB | 123/270 kB | 61/254 kB
2026.05.10 19:43:35 INFO  Progress (4): 3.4/12 MB | 0.6/3.8 MB | 123/270 kB | 78/254 kB
2026.05.10 19:43:35 INFO  Progress (4): 3.4/12 MB | 0.6/3.8 MB | 123/270 kB | 78/254 kB
2026.05.10 19:43:35 INFO  Progress (4): 3.4/12 MB | 0.6/3.8 MB | 123/270 kB | 94/254 kB
2026.05.10 19:43:35 INFO  Progress (4): 3.4/12 MB | 0.6/3.8 MB | 123/270 kB | 111/254 kB
2026.05.10 19:43:35 INFO  Progress (4): 3.4/12 MB | 0.6/3.8 MB | 123/270 kB | 127/254 kB
2026.05.10 19:43:35 INFO  Progress (4): 3.4/12 MB | 0.6/3.8 MB | 123/270 kB | 143/254 kB
2026.05.10 19:43:35 INFO  Progress (4): 3.4/12 MB | 0.6/3.8 MB | 123/270 kB | 160/254 kB
2026.05.10 19:43:35 INFO  Progress (4): 3.5/12 MB | 0.6/3.8 MB | 123/270 kB | 160/254 kB
2026.05.10 19:43:35 INFO  Progress (4): 3.5/12 MB | 0.6/3.8 MB | 123/270 kB | 176/254 kB
2026.05.10 19:43:35 INFO  Progress (4): 3.5/12 MB | 0.6/3.8 MB | 123/270 kB | 193/254 kB
2026.05.10 19:43:35 INFO  Progress (4): 3.5/12 MB | 0.6/3.8 MB | 123/270 kB | 193/254 kB
2026.05.10 19:43:35 INFO  Progress (4): 3.5/12 MB | 0.6/3.8 MB | 139/270 kB | 193/254 kB
2026.05.10 19:43:35 INFO  Progress (4): 3.5/12 MB | 0.6/3.8 MB | 139/270 kB | 209/254 kB
2026.05.10 19:43:35 INFO  Progress (4): 3.5/12 MB | 0.6/3.8 MB | 139/270 kB | 225/254 kB
2026.05.10 19:43:35 INFO  Progress (4): 3.5/12 MB | 0.6/3.8 MB | 139/270 kB | 242/254 kB
2026.05.10 19:43:35 INFO  Progress (4): 3.5/12 MB | 0.6/3.8 MB | 139/270 kB | 254 kB    
2026.05.10 19:43:35 INFO  Progress (4): 3.5/12 MB | 0.7/3.8 MB | 139/270 kB | 254 kB
2026.05.10 19:43:35 INFO  Progress (4): 3.5/12 MB | 0.7/3.8 MB | 139/270 kB | 254 kB
2026.05.10 19:43:35 INFO  Progress (4): 3.5/12 MB | 0.7/3.8 MB | 156/270 kB | 254 kB
2026.05.10 19:43:35 INFO  Progress (4): 3.5/12 MB | 0.7/3.8 MB | 156/270 kB | 254 kB
2026.05.10 19:43:35 INFO  Progress (4): 3.5/12 MB | 0.7/3.8 MB | 156/270 kB | 254 kB
2026.05.10 19:43:35 INFO                                                            
2026.05.10 19:43:35 INFO  Downloaded from central: https://repo.maven.apache.org/maven2/org/scala-sbt/zinc-compile-core_2.13/1.8.0/zinc-compile-core_2.13-1.8.0.jar (254 kB at 58 kB/s)
2026.05.10 19:43:35 INFO  Downloading from central: https://repo.maven.apache.org/maven2/net/openhft/zero-allocation-hashing/0.10.1/zero-allocation-hashing-0.10.1.jar
2026.05.10 19:43:35 INFO  Progress (3): 3.5/12 MB | 0.7/3.8 MB | 156/270 kB
2026.05.10 19:43:35 INFO  Progress (3): 3.5/12 MB | 0.7/3.8 MB | 172/270 kB
2026.05.10 19:43:35 INFO  Progress (3): 3.5/12 MB | 0.7/3.8 MB | 172/270 kB
2026.05.10 19:43:35 INFO  Progress (3): 3.5/12 MB | 0.7/3.8 MB | 172/270 kB
2026.05.10 19:43:35 INFO  Progress (3): 3.5/12 MB | 0.7/3.8 MB | 188/270 kB
2026.05.10 19:43:35 INFO  Progress (3): 3.5/12 MB | 0.7/3.8 MB | 188/270 kB
2026.05.10 19:43:35 INFO  Progress (3): 3.5/12 MB | 0.7/3.8 MB | 188/270 kB
2026.05.10 19:43:35 INFO  Progress (3): 3.5/12 MB | 0.8/3.8 MB | 188/270 kB
2026.05.10 19:43:35 INFO  Progress (3): 3.5/12 MB | 0.8/3.8 MB | 205/270 kB
2026.05.10 19:43:35 INFO  Progress (3): 3.5/12 MB | 0.8/3.8 MB | 205/270 kB
2026.05.10 19:43:35 INFO  Progress (3): 3.5/12 MB | 0.8/3.8 MB | 205/270 kB
2026.05.10 19:43:35 INFO  Progress (3): 3.5/12 MB | 0.8/3.8 MB | 221/270 kB
2026.05.10 19:43:35 INFO  Progress (3): 3.5/12 MB | 0.8/3.8 MB | 221/270 kB
2026.05.10 19:43:35 INFO  Progress (3): 3.5/12 MB | 0.8/3.8 MB | 221/270 kB
2026.05.10 19:43:35 INFO  Progress (3): 3.5/12 MB | 0.8/3.8 MB | 238/270 kB
2026.05.10 19:43:35 INFO  Progress (3): 3.5/12 MB | 0.8/3.8 MB | 238/270 kB
2026.05.10 19:43:35 INFO  Progress (3): 3.5/12 MB | 0.8/3.8 MB | 238/270 kB
2026.05.10 19:43:35 INFO  Progress (3): 3.5/12 MB | 0.8/3.8 MB | 254/270 kB
2026.05.10 19:43:35 INFO  Progress (3): 3.5/12 MB | 0.8/3.8 MB | 254/270 kB
2026.05.10 19:43:35 INFO  Progress (3): 3.5/12 MB | 0.8/3.8 MB | 254/270 kB
2026.05.10 19:43:35 INFO  Progress (3): 3.5/12 MB | 0.9/3.8 MB | 254/270 kB
2026.05.10 19:43:35 INFO  Progress (3): 3.5/12 MB | 0.9/3.8 MB | 270 kB    
2026.05.10 19:43:35 INFO  Progress (3): 3.5/12 MB | 0.9/3.8 MB | 270 kB
2026.05.10 19:43:35 INFO  Progress (3): 3.5/12 MB | 0.9/3.8 MB | 270 kB
2026.05.10 19:43:35 INFO  Progress (3): 3.5/12 MB | 0.9/3.8 MB | 270 kB
2026.05.10 19:43:35 INFO  Progress (3): 3.5/12 MB | 0.9/3.8 MB | 270 kB
2026.05.10 19:43:35 INFO  Progress (3): 3.6/12 MB | 0.9/3.8 MB | 270 kB
2026.05.10 19:43:35 INFO  Progress (3): 3.6/12 MB | 0.9/3.8 MB | 270 kB
2026.05.10 19:43:35 INFO                                               
2026.05.10 19:43:35 INFO  Downloaded from central: https://repo.maven.apache.org/maven2/org/scala-sbt/zinc-persist_2.13/1.8.0/zinc-persist_2.13-1.8.0.jar (270 kB at 61 kB/s)
2026.05.10 19:43:35 INFO  Downloading from central: https://repo.maven.apache.org/maven2/org/scala-sbt/util-control_2.13/1.8.0/util-control_2.13-1.8.0.jar
2026.05.10 19:43:35 INFO  Progress (2): 3.6/12 MB | 0.9/3.8 MB
2026.05.10 19:43:35 INFO  Progress (2): 3.6/12 MB | 0.9/3.8 MB
2026.05.10 19:43:35 INFO  Progress (2): 3.6/12 MB | 1.0/3.8 MB
2026.05.10 19:43:35 INFO  Progress (2): 3.6/12 MB | 1.0/3.8 MB
2026.05.10 19:43:35 INFO  Progress (2): 3.6/12 MB | 1.0/3.8 MB
2026.05.10 19:43:35 INFO  Progress (2): 3.6/12 MB | 1.0/3.8 MB
2026.05.10 19:43:35 INFO  Progress (2): 3.6/12 MB | 1.0/3.8 MB
2026.05.10 19:43:35 INFO  Progress (2): 3.6/12 MB | 1.0/3.8 MB
2026.05.10 19:43:35 INFO  Progress (2): 3.6/12 MB | 1.0/3.8 MB
2026.05.10 19:43:35 INFO  Progress (2): 3.6/12 MB | 1.0/3.8 MB
2026.05.10 19:43:35 INFO  Progress (2): 3.6/12 MB | 1.1/3.8 MB
2026.05.10 19:43:35 INFO  Progress (2): 3.6/12 MB | 1.1/3.8 MB
2026.05.10 19:43:35 INFO  Progress (2): 3.6/12 MB | 1.1/3.8 MB
2026.05.10 19:43:35 INFO  Progress (2): 3.6/12 MB | 1.1/3.8 MB
2026.05.10 19:43:35 INFO  Progress (2): 3.6/12 MB | 1.1/3.8 MB
2026.05.10 19:43:35 INFO  Progress (2): 3.6/12 MB | 1.1/3.8 MB
2026.05.10 19:43:35 INFO  Progress (2): 3.6/12 MB | 1.1/3.8 MB
2026.05.10 19:43:35 INFO  Progress (2): 3.6/12 MB | 1.1/3.8 MB
2026.05.10 19:43:35 INFO  Progress (2): 3.7/12 MB | 1.1/3.8 MB
2026.05.10 19:43:35 INFO  Progress (2): 3.7/12 MB | 1.2/3.8 MB
2026.05.10 19:43:35 INFO  Progress (3): 3.7/12 MB | 1.2/3.8 MB | 7.7/225 kB
2026.05.10 19:43:35 INFO  Progress (3): 3.7/12 MB | 1.2/3.8 MB | 16/225 kB 
2026.05.10 19:43:35 INFO  Progress (3): 3.7/12 MB | 1.2/3.8 MB | 16/225 kB
2026.05.10 19:43:35 INFO  Progress (3): 3.7/12 MB | 1.2/3.8 MB | 16/225 kB
2026.05.10 19:43:35 INFO  Progress (3): 3.7/12 MB | 1.2/3.8 MB | 16/225 kB
2026.05.10 19:43:35 INFO  Progress (3): 3.7/12 MB | 1.2/3.8 MB | 16/225 kB
2026.05.10 19:43:35 INFO  Progress (3): 3.7/12 MB | 1.2/3.8 MB | 16/225 kB
2026.05.10 19:43:35 INFO  Progress (3): 3.7/12 MB | 1.2/3.8 MB | 16/225 kB
2026.05.10 19:43:35 INFO  Progress (3): 3.7/12 MB | 1.2/3.8 MB | 16/225 kB
2026.05.10 19:43:35 INFO  Progress (3): 3.7/12 MB | 1.2/3.8 MB | 25/225 kB
2026.05.10 19:43:35 INFO  Progress (3): 3.7/12 MB | 1.3/3.8 MB | 25/225 kB
2026.05.10 19:43:35 INFO  Progress (3): 3.7/12 MB | 1.3/3.8 MB | 25/225 kB
2026.05.10 19:43:35 INFO  Progress (3): 3.7/12 MB | 1.3/3.8 MB | 25/225 kB
2026.05.10 19:43:35 INFO  Progress (3): 3.7/12 MB | 1.3/3.8 MB | 41/225 kB
2026.05.10 19:43:35 INFO  Progress (3): 3.7/12 MB | 1.3/3.8 MB | 41/225 kB
2026.05.10 19:43:35 INFO  Progress (4): 3.7/12 MB | 1.3/3.8 MB | 41/225 kB | 7.7/60 kB
2026.05.10 19:43:35 INFO  Progress (4): 3.7/12 MB | 1.3/3.8 MB | 41/225 kB | 16/60 kB 
2026.05.10 19:43:35 INFO  Progress (4): 3.7/12 MB | 1.3/3.8 MB | 41/225 kB | 25/60 kB
2026.05.10 19:43:35 INFO  Progress (4): 3.7/12 MB | 1.3/3.8 MB | 41/225 kB | 41/60 kB
2026.05.10 19:43:35 INFO  Progress (4): 3.7/12 MB | 1.3/3.8 MB | 41/225 kB | 57/60 kB
2026.05.10 19:43:35 INFO  Progress (4): 3.7/12 MB | 1.3/3.8 MB | 41/225 kB | 60 kB   
2026.05.10 19:43:35 INFO  Progress (4): 3.7/12 MB | 1.3/3.8 MB | 41/225 kB | 60 kB
2026.05.10 19:43:35 INFO  Progress (4): 3.7/12 MB | 1.3/3.8 MB | 41/225 kB | 60 kB
2026.05.10 19:43:35 INFO  Progress (4): 3.7/12 MB | 1.3/3.8 MB | 41/225 kB | 60 kB
2026.05.10 19:43:35 INFO  Progress (4): 3.7/12 MB | 1.3/3.8 MB | 57/225 kB | 60 kB
2026.05.10 19:43:35 INFO                                                          
2026.05.10 19:43:35 INFO  Downloaded from central: https://repo.maven.apache.org/maven2/net/openhft/zero-allocation-hashing/0.10.1/zero-allocation-hashing-0.10.1.jar (60 kB at 13 kB/s)
2026.05.10 19:43:35 INFO  Downloading from central: https://repo.maven.apache.org/maven2/org/scala-sbt/zinc-classfile_2.13/1.8.0/zinc-classfile_2.13-1.8.0.jar
2026.05.10 19:43:35 INFO  Progress (3): 3.7/12 MB | 1.3/3.8 MB | 57/225 kB
2026.05.10 19:43:36 INFO  Progress (3): 3.7/12 MB | 1.4/3.8 MB | 57/225 kB
2026.05.10 19:43:36 INFO  Progress (3): 3.7/12 MB | 1.4/3.8 MB | 57/225 kB
2026.05.10 19:43:36 INFO  Progress (3): 3.7/12 MB | 1.4/3.8 MB | 57/225 kB
2026.05.10 19:43:36 INFO  Progress (3): 3.7/12 MB | 1.4/3.8 MB | 57/225 kB
2026.05.10 19:43:36 INFO  Progress (3): 3.8/12 MB | 1.4/3.8 MB | 57/225 kB
2026.05.10 19:43:36 INFO  Progress (3): 3.8/12 MB | 1.4/3.8 MB | 74/225 kB
2026.05.10 19:43:36 INFO  Progress (3): 3.8/12 MB | 1.4/3.8 MB | 74/225 kB
2026.05.10 19:43:36 INFO  Progress (3): 3.8/12 MB | 1.4/3.8 MB | 74/225 kB
2026.05.10 19:43:36 INFO  Progress (3): 3.8/12 MB | 1.4/3.8 MB | 74/225 kB
2026.05.10 19:43:36 INFO  Progress (3): 3.8/12 MB | 1.4/3.8 MB | 74/225 kB
2026.05.10 19:43:36 INFO  Progress (3): 3.8/12 MB | 1.5/3.8 MB | 74/225 kB
2026.05.10 19:43:36 INFO  Progress (3): 3.8/12 MB | 1.5/3.8 MB | 90/225 kB
2026.05.10 19:43:36 INFO  Progress (3): 3.8/12 MB | 1.5/3.8 MB | 90/225 kB
2026.05.10 19:43:36 INFO  Progress (3): 3.8/12 MB | 1.5/3.8 MB | 90/225 kB
2026.05.10 19:43:36 INFO  Progress (3): 3.8/12 MB | 1.5/3.8 MB | 90/225 kB
2026.05.10 19:43:36 INFO  Progress (3): 3.8/12 MB | 1.5/3.8 MB | 90/225 kB
2026.05.10 19:43:36 INFO  Progress (3): 3.8/12 MB | 1.5/3.8 MB | 90/225 kB
2026.05.10 19:43:36 INFO  Progress (3): 3.8/12 MB | 1.5/3.8 MB | 90/225 kB
2026.05.10 19:43:36 INFO  Progress (3): 3.8/12 MB | 1.5/3.8 MB | 106/225 kB
2026.05.10 19:43:36 INFO  Progress (3): 3.8/12 MB | 1.5/3.8 MB | 106/225 kB
2026.05.10 19:43:36 INFO  Progress (3): 3.8/12 MB | 1.6/3.8 MB | 106/225 kB
2026.05.10 19:43:36 INFO  Progress (3): 3.8/12 MB | 1.6/3.8 MB | 106/225 kB
2026.05.10 19:43:36 INFO  Progress (3): 3.8/12 MB | 1.6/3.8 MB | 106/225 kB
2026.05.10 19:43:36 INFO  Progress (3): 3.8/12 MB | 1.6/3.8 MB | 106/225 kB
2026.05.10 19:43:36 INFO  Progress (3): 3.8/12 MB | 1.6/3.8 MB | 106/225 kB
2026.05.10 19:43:36 INFO  Progress (3): 3.8/12 MB | 1.6/3.8 MB | 123/225 kB
2026.05.10 19:43:36 INFO  Progress (3): 3.8/12 MB | 1.6/3.8 MB | 123/225 kB
2026.05.10 19:43:36 INFO  Progress (3): 3.8/12 MB | 1.6/3.8 MB | 123/225 kB
2026.05.10 19:43:36 INFO  Progress (4): 3.8/12 MB | 1.6/3.8 MB | 123/225 kB | 3.2/19 kB
2026.05.10 19:43:36 INFO  Progress (4): 3.8/12 MB | 1.6/3.8 MB | 123/225 kB | 3.2/19 kB
2026.05.10 19:43:36 INFO  Progress (4): 3.9/12 MB | 1.6/3.8 MB | 123/225 kB | 3.2/19 kB
2026.05.10 19:43:36 INFO  Progress (4): 3.9/12 MB | 1.6/3.8 MB | 123/225 kB | 19 kB    
2026.05.10 19:43:36 INFO  Progress (4): 3.9/12 MB | 1.6/3.8 MB | 139/225 kB | 19 kB
2026.05.10 19:43:36 INFO  Progress (4): 3.9/12 MB | 1.6/3.8 MB | 139/225 kB | 19 kB
2026.05.10 19:43:36 INFO  Progress (4): 3.9/12 MB | 1.7/3.8 MB | 139/225 kB | 19 kB
2026.05.10 19:43:36 INFO  Progress (4): 3.9/12 MB | 1.7/3.8 MB | 139/225 kB | 19 kB
2026.05.10 19:43:36 INFO                                                           
2026.05.10 19:43:36 INFO  Downloaded from central: https://repo.maven.apache.org/maven2/org/scala-sbt/util-control_2.13/1.8.0/util-control_2.13-1.8.0.jar (19 kB at 4.2 kB/s)
2026.05.10 19:43:36 INFO  Progress (3): 3.9/12 MB | 1.7/3.8 MB | 139/225 kB
2026.05.10 19:43:36 INFO  Progress (3): 3.9/12 MB | 1.7/3.8 MB | 139/225 kB
2026.05.10 19:43:36 INFO  Progress (3): 3.9/12 MB | 1.7/3.8 MB | 139/225 kB
2026.05.10 19:43:36 INFO  Progress (3): 3.9/12 MB | 1.7/3.8 MB | 139/225 kB
2026.05.10 19:43:36 INFO  Progress (3): 3.9/12 MB | 1.7/3.8 MB | 156/225 kB
2026.05.10 19:43:36 INFO  Progress (3): 3.9/12 MB | 1.7/3.8 MB | 156/225 kB
2026.05.10 19:43:36 INFO  Progress (3): 3.9/12 MB | 1.7/3.8 MB | 156/225 kB
2026.05.10 19:43:36 INFO  Progress (3): 3.9/12 MB | 1.7/3.8 MB | 156/225 kB
2026.05.10 19:43:36 INFO  Progress (3): 3.9/12 MB | 1.8/3.8 MB | 156/225 kB
2026.05.10 19:43:36 INFO  Progress (3): 3.9/12 MB | 1.8/3.8 MB | 156/225 kB
2026.05.10 19:43:36 INFO  Progress (3): 3.9/12 MB | 1.8/3.8 MB | 156/225 kB
2026.05.10 19:43:36 INFO  Progress (3): 3.9/12 MB | 1.8/3.8 MB | 172/225 kB
2026.05.10 19:43:36 INFO  Progress (3): 3.9/12 MB | 1.8/3.8 MB | 172/225 kB
2026.05.10 19:43:36 INFO  Progress (3): 3.9/12 MB | 1.8/3.8 MB | 172/225 kB
2026.05.10 19:43:36 INFO  Progress (3): 3.9/12 MB | 1.8/3.8 MB | 172/225 kB
2026.05.10 19:43:36 INFO  Progress (3): 3.9/12 MB | 1.8/3.8 MB | 172/225 kB
2026.05.10 19:43:36 INFO  Progress (3): 3.9/12 MB | 1.8/3.8 MB | 172/225 kB
2026.05.10 19:43:36 INFO  Progress (3): 3.9/12 MB | 1.8/3.8 MB | 188/225 kB
2026.05.10 19:43:36 INFO  Progress (3): 3.9/12 MB | 1.9/3.8 MB | 188/225 kB
2026.05.10 19:43:36 INFO  Progress (3): 4.0/12 MB | 1.9/3.8 MB | 188/225 kB
2026.05.10 19:43:36 INFO  Progress (3): 4.0/12 MB | 1.9/3.8 MB | 188/225 kB
2026.05.10 19:43:36 INFO  Progress (3): 4.0/12 MB | 1.9/3.8 MB | 188/225 kB
2026.05.10 19:43:36 INFO  Progress (3): 4.0/12 MB | 1.9/3.8 MB | 188/225 kB
2026.05.10 19:43:36 INFO  Progress (3): 4.0/12 MB | 1.9/3.8 MB | 205/225 kB
2026.05.10 19:43:36 INFO  Progress (3): 4.0/12 MB | 1.9/3.8 MB | 205/225 kB
2026.05.10 19:43:36 INFO  Progress (3): 4.0/12 MB | 1.9/3.8 MB | 205/225 kB
2026.05.10 19:43:36 INFO  Progress (3): 4.0/12 MB | 1.9/3.8 MB | 205/225 kB
2026.05.10 19:43:36 INFO  Progress (3): 4.0/12 MB | 1.9/3.8 MB | 205/225 kB
2026.05.10 19:43:36 INFO  Progress (3): 4.0/12 MB | 2.0/3.8 MB | 205/225 kB
2026.05.10 19:43:36 INFO  Progress (3): 4.0/12 MB | 2.0/3.8 MB | 205/225 kB
2026.05.10 19:43:36 INFO  Progress (3): 4.0/12 MB | 2.0/3.8 MB | 221/225 kB
2026.05.10 19:43:36 INFO  Progress (3): 4.0/12 MB | 2.0/3.8 MB | 221/225 kB
2026.05.10 19:43:36 INFO  Progress (3): 4.0/12 MB | 2.0/3.8 MB | 225 kB    
2026.05.10 19:43:36 INFO  Progress (3): 4.0/12 MB | 2.0/3.8 MB | 225 kB
2026.05.10 19:43:36 INFO  Progress (3): 4.0/12 MB | 2.0/3.8 MB | 225 kB
2026.05.10 19:43:36 INFO  Progress (3): 4.0/12 MB | 2.0/3.8 MB | 225 kB
2026.05.10 19:43:36 INFO  Progress (3): 4.0/12 MB | 2.0/3.8 MB | 225 kB
2026.05.10 19:43:36 INFO  Progress (3): 4.0/12 MB | 2.0/3.8 MB | 225 kB
2026.05.10 19:43:36 INFO                                               
2026.05.10 19:43:36 INFO  Downloaded from central: https://repo.maven.apache.org/maven2/org/scala-lang/modules/scala-parser-combinators_2.13/1.1.2/scala-parser-combinators_2.13-1.1.2.jar (225 kB at 48 kB/s)
2026.05.10 19:43:36 INFO  Progress (3): 4.0/12 MB | 2.0/3.8 MB | 7.7/108 kB
2026.05.10 19:43:36 INFO  Progress (3): 4.0/12 MB | 2.0/3.8 MB | 16/108 kB 
2026.05.10 19:43:36 INFO  Progress (3): 4.0/12 MB | 2.0/3.8 MB | 25/108 kB
2026.05.10 19:43:36 INFO  Progress (3): 4.0/12 MB | 2.0/3.8 MB | 41/108 kB
2026.05.10 19:43:36 INFO  Progress (3): 4.0/12 MB | 2.0/3.8 MB | 41/108 kB
2026.05.10 19:43:36 INFO  Progress (3): 4.0/12 MB | 2.0/3.8 MB | 57/108 kB
2026.05.10 19:43:36 INFO  Progress (3): 4.0/12 MB | 2.1/3.8 MB | 57/108 kB
2026.05.10 19:43:36 INFO  Progress (3): 4.0/12 MB | 2.1/3.8 MB | 57/108 kB
2026.05.10 19:43:36 INFO  Progress (3): 4.0/12 MB | 2.1/3.8 MB | 74/108 kB
2026.05.10 19:43:36 INFO  Progress (3): 4.0/12 MB | 2.1/3.8 MB | 90/108 kB
2026.05.10 19:43:36 INFO  Progress (3): 4.0/12 MB | 2.1/3.8 MB | 90/108 kB
2026.05.10 19:43:36 INFO  Progress (3): 4.0/12 MB | 2.1/3.8 MB | 90/108 kB
2026.05.10 19:43:36 INFO  Progress (3): 4.0/12 MB | 2.1/3.8 MB | 106/108 kB
2026.05.10 19:43:36 INFO  Progress (3): 4.0/12 MB | 2.1/3.8 MB | 108 kB    
2026.05.10 19:43:36 INFO  Progress (3): 4.0/12 MB | 2.1/3.8 MB | 108 kB
2026.05.10 19:43:36 INFO  Progress (3): 4.1/12 MB | 2.1/3.8 MB | 108 kB
2026.05.10 19:43:36 INFO  Progress (3): 4.1/12 MB | 2.1/3.8 MB | 108 kB
2026.05.10 19:43:36 INFO  Progress (3): 4.1/12 MB | 2.1/3.8 MB | 108 kB
2026.05.10 19:43:36 INFO  Progress (3): 4.1/12 MB | 2.1/3.8 MB | 108 kB
2026.05.10 19:43:36 INFO  Progress (3): 4.1/12 MB | 2.2/3.8 MB | 108 kB
2026.05.10 19:43:36 INFO                                               
2026.05.10 19:43:36 INFO  Downloaded from central: https://repo.maven.apache.org/maven2/org/scala-sbt/zinc-classfile_2.13/1.8.0/zinc-classfile_2.13-1.8.0.jar (108 kB at 23 kB/s)
2026.05.10 19:43:36 INFO  Progress (2): 4.1/12 MB | 2.2/3.8 MB
2026.05.10 19:43:36 INFO  Progress (2): 4.1/12 MB | 2.2/3.8 MB
2026.05.10 19:43:36 INFO  Progress (2): 4.1/12 MB | 2.2/3.8 MB
2026.05.10 19:43:36 INFO  Progress (2): 4.1/12 MB | 2.2/3.8 MB
2026.05.10 19:43:36 INFO  Progress (2): 4.1/12 MB | 2.2/3.8 MB
2026.05.10 19:43:36 INFO  Progress (2): 4.1/12 MB | 2.2/3.8 MB
2026.05.10 19:43:36 INFO  Progress (2): 4.1/12 MB | 2.2/3.8 MB
2026.05.10 19:43:36 INFO  Progress (2): 4.1/12 MB | 2.3/3.8 MB
2026.05.10 19:43:36 INFO  Progress (2): 4.1/12 MB | 2.3/3.8 MB
2026.05.10 19:43:36 INFO  Progress (2): 4.1/12 MB | 2.3/3.8 MB
2026.05.10 19:43:36 INFO  Progress (2): 4.1/12 MB | 2.3/3.8 MB
2026.05.10 19:43:36 INFO  Progress (2): 4.1/12 MB | 2.3/3.8 MB
2026.05.10 19:43:36 INFO  Progress (2): 4.2/12 MB | 2.3/3.8 MB
2026.05.10 19:43:36 INFO  Progress (2): 4.2/12 MB | 2.3/3.8 MB
2026.05.10 19:43:36 INFO  Progress (2): 4.2/12 MB | 2.3/3.8 MB
2026.05.10 19:43:36 INFO  Progress (2): 4.2/12 MB | 2.3/3.8 MB
2026.05.10 19:43:36 INFO  Progress (2): 4.2/12 MB | 2.3/3.8 MB
2026.05.10 19:43:36 INFO  Progress (2): 4.2/12 MB | 2.4/3.8 MB
2026.05.10 19:43:36 INFO  Progress (2): 4.2/12 MB | 2.4/3.8 MB
2026.05.10 19:43:36 INFO  Progress (2): 4.2/12 MB | 2.4/3.8 MB
2026.05.10 19:43:36 INFO  Progress (2): 4.2/12 MB | 2.4/3.8 MB
2026.05.10 19:43:36 INFO  Progress (2): 4.2/12 MB | 2.4/3.8 MB
2026.05.10 19:43:36 INFO  Progress (2): 4.2/12 MB | 2.4/3.8 MB
2026.05.10 19:43:36 INFO  Progress (2): 4.2/12 MB | 2.4/3.8 MB
2026.05.10 19:43:36 INFO  Progress (2): 4.2/12 MB | 2.5/3.8 MB
2026.05.10 19:43:36 INFO  Progress (2): 4.2/12 MB | 2.5/3.8 MB
2026.05.10 19:43:36 INFO  Progress (2): 4.2/12 MB | 2.5/3.8 MB
2026.05.10 19:43:36 INFO  Progress (2): 4.2/12 MB | 2.5/3.8 MB
2026.05.10 19:43:36 INFO  Progress (2): 4.2/12 MB | 2.5/3.8 MB
2026.05.10 19:43:36 INFO  Progress (2): 4.2/12 MB | 2.5/3.8 MB
2026.05.10 19:43:36 INFO  Progress (2): 4.2/12 MB | 2.5/3.8 MB
2026.05.10 19:43:36 INFO  Progress (2): 4.2/12 MB | 2.5/3.8 MB
2026.05.10 19:43:36 INFO  Progress (2): 4.3/12 MB | 2.5/3.8 MB
2026.05.10 19:43:36 INFO  Progress (2): 4.3/12 MB | 2.5/3.8 MB
2026.05.10 19:43:36 INFO  Progress (2): 4.3/12 MB | 2.5/3.8 MB
2026.05.10 19:43:36 INFO  Progress (2): 4.3/12 MB | 2.5/3.8 MB
2026.05.10 19:43:36 INFO  Progress (2): 4.3/12 MB | 2.6/3.8 MB
2026.05.10 19:43:36 INFO  Progress (2): 4.3/12 MB | 2.6/3.8 MB
2026.05.10 19:43:36 INFO  Progress (2): 4.3/12 MB | 2.6/3.8 MB
2026.05.10 19:43:36 INFO  Progress (2): 4.3/12 MB | 2.6/3.8 MB
2026.05.10 19:43:36 INFO  Progress (2): 4.3/12 MB | 2.6/3.8 MB
2026.05.10 19:43:36 INFO  Progress (2): 4.3/12 MB | 2.6/3.8 MB
2026.05.10 19:43:36 INFO  Progress (2): 4.3/12 MB | 2.6/3.8 MB
2026.05.10 19:43:36 INFO  Progress (2): 4.3/12 MB | 2.6/3.8 MB
2026.05.10 19:43:36 INFO  Progress (2): 4.3/12 MB | 2.6/3.8 MB
2026.05.10 19:43:36 INFO  Progress (2): 4.3/12 MB | 2.6/3.8 MB
2026.05.10 19:43:36 INFO  Progress (2): 4.3/12 MB | 2.7/3.8 MB
2026.05.10 19:43:36 INFO  Progress (2): 4.3/12 MB | 2.7/3.8 MB
2026.05.10 19:43:36 INFO  Progress (2): 4.4/12 MB | 2.7/3.8 MB
2026.05.10 19:43:36 INFO  Progress (2): 4.4/12 MB | 2.7/3.8 MB
2026.05.10 19:43:36 INFO  Progress (2): 4.4/12 MB | 2.7/3.8 MB
2026.05.10 19:43:36 INFO  Progress (2): 4.4/12 MB | 2.7/3.8 MB
2026.05.10 19:43:36 INFO  Progress (2): 4.4/12 MB | 2.7/3.8 MB
2026.05.10 19:43:36 INFO  Progress (2): 4.4/12 MB | 2.7/3.8 MB
2026.05.10 19:43:36 INFO  Progress (2): 4.4/12 MB | 2.7/3.8 MB
2026.05.10 19:43:36 INFO  Progress (2): 4.4/12 MB | 2.7/3.8 MB
2026.05.10 19:43:36 INFO  Progress (2): 4.4/12 MB | 2.7/3.8 MB
2026.05.10 19:43:36 INFO  Progress (2): 4.4/12 MB | 2.7/3.8 MB
2026.05.10 19:43:36 INFO  Progress (2): 4.4/12 MB | 2.8/3.8 MB
2026.05.10 19:43:36 INFO  Progress (2): 4.4/12 MB | 2.8/3.8 MB
2026.05.10 19:43:36 INFO  Progress (2): 4.5/12 MB | 2.8/3.8 MB
2026.05.10 19:43:36 INFO  Progress (2): 4.5/12 MB | 2.8/3.8 MB
2026.05.10 19:43:36 INFO  Progress (2): 4.5/12 MB | 2.8/3.8 MB
2026.05.10 19:43:36 INFO  Progress (2): 4.5/12 MB | 2.8/3.8 MB
2026.05.10 19:43:36 INFO  Progress (2): 4.5/12 MB | 2.8/3.8 MB
2026.05.10 19:43:36 INFO  Progress (2): 4.5/12 MB | 2.8/3.8 MB
2026.05.10 19:43:36 INFO  Progress (2): 4.5/12 MB | 2.9/3.8 MB
2026.05.10 19:43:36 INFO  Progress (2): 4.5/12 MB | 2.9/3.8 MB
2026.05.10 19:43:36 INFO  Progress (2): 4.5/12 MB | 2.9/3.8 MB
2026.05.10 19:43:36 INFO  Progress (2): 4.5/12 MB | 2.9/3.8 MB
2026.05.10 19:43:36 INFO  Progress (2): 4.5/12 MB | 2.9/3.8 MB
2026.05.10 19:43:36 INFO  Progress (2): 4.5/12 MB | 2.9/3.8 MB
2026.05.10 19:43:36 INFO  Progress (2): 4.5/12 MB | 2.9/3.8 MB
2026.05.10 19:43:36 INFO  Progress (2): 4.5/12 MB | 2.9/3.8 MB
2026.05.10 19:43:36 INFO  Progress (2): 4.5/12 MB | 3.0/3.8 MB
2026.05.10 19:43:36 INFO  Progress (2): 4.5/12 MB | 3.0/3.8 MB
2026.05.10 19:43:36 INFO  Progress (2): 4.5/12 MB | 3.0/3.8 MB
2026.05.10 19:43:36 INFO  Progress (2): 4.5/12 MB | 3.0/3.8 MB
2026.05.10 19:43:36 INFO  Progress (2): 4.5/12 MB | 3.0/3.8 MB
2026.05.10 19:43:36 INFO  Progress (2): 4.5/12 MB | 3.0/3.8 MB
2026.05.10 19:43:36 INFO  Progress (2): 4.5/12 MB | 3.0/3.8 MB
2026.05.10 19:43:36 INFO  Progress (2): 4.5/12 MB | 3.1/3.8 MB
2026.05.10 19:43:36 INFO  Progress (2): 4.5/12 MB | 3.1/3.8 MB
2026.05.10 19:43:36 INFO  Progress (2): 4.5/12 MB | 3.1/3.8 MB
2026.05.10 19:43:36 INFO  Progress (2): 4.6/12 MB | 3.1/3.8 MB
2026.05.10 19:43:36 INFO  Progress (2): 4.6/12 MB | 3.1/3.8 MB
2026.05.10 19:43:36 INFO  Progress (2): 4.6/12 MB | 3.1/3.8 MB
2026.05.10 19:43:36 INFO  Progress (2): 4.6/12 MB | 3.1/3.8 MB
2026.05.10 19:43:36 INFO  Progress (2): 4.6/12 MB | 3.1/3.8 MB
2026.05.10 19:43:36 INFO  Progress (2): 4.6/12 MB | 3.1/3.8 MB
2026.05.10 19:43:36 INFO  Progress (2): 4.6/12 MB | 3.2/3.8 MB
2026.05.10 19:43:36 INFO  Progress (2): 4.6/12 MB | 3.2/3.8 MB
2026.05.10 19:43:36 INFO  Progress (2): 4.6/12 MB | 3.2/3.8 MB
2026.05.10 19:43:36 INFO  Progress (2): 4.6/12 MB | 3.2/3.8 MB
2026.05.10 19:43:36 INFO  Progress (2): 4.6/12 MB | 3.2/3.8 MB
2026.05.10 19:43:36 INFO  Progress (2): 4.6/12 MB | 3.2/3.8 MB
2026.05.10 19:43:36 INFO  Progress (2): 4.6/12 MB | 3.2/3.8 MB
2026.05.10 19:43:36 INFO  Progress (2): 4.6/12 MB | 3.2/3.8 MB
2026.05.10 19:43:36 INFO  Progress (2): 4.6/12 MB | 3.2/3.8 MB
2026.05.10 19:43:36 INFO  Progress (2): 4.6/12 MB | 3.3/3.8 MB
2026.05.10 19:43:36 INFO  Progress (2): 4.6/12 MB | 3.3/3.8 MB
2026.05.10 19:43:36 INFO  Progress (2): 4.6/12 MB | 3.3/3.8 MB
2026.05.10 19:43:36 INFO  Progress (2): 4.6/12 MB | 3.3/3.8 MB
2026.05.10 19:43:36 INFO  Progress (2): 4.6/12 MB | 3.3/3.8 MB
2026.05.10 19:43:36 INFO  Progress (2): 4.6/12 MB | 3.3/3.8 MB
2026.05.10 19:43:36 INFO  Progress (2): 4.7/12 MB | 3.3/3.8 MB
2026.05.10 19:43:36 INFO  Progress (2): 4.7/12 MB | 3.3/3.8 MB
2026.05.10 19:43:36 INFO  Progress (2): 4.7/12 MB | 3.4/3.8 MB
2026.05.10 19:43:36 INFO  Progress (2): 4.7/12 MB | 3.4/3.8 MB
2026.05.10 19:43:36 INFO  Progress (2): 4.7/12 MB | 3.4/3.8 MB
2026.05.10 19:43:36 INFO  Progress (2): 4.7/12 MB | 3.4/3.8 MB
2026.05.10 19:43:36 INFO  Progress (2): 4.7/12 MB | 3.4/3.8 MB
2026.05.10 19:43:36 INFO  Progress (2): 4.7/12 MB | 3.4/3.8 MB
2026.05.10 19:43:36 INFO  Progress (2): 4.7/12 MB | 3.4/3.8 MB
2026.05.10 19:43:36 INFO  Progress (2): 4.7/12 MB | 3.4/3.8 MB
2026.05.10 19:43:36 INFO  Progress (2): 4.7/12 MB | 3.4/3.8 MB
2026.05.10 19:43:36 INFO  Progress (2): 4.7/12 MB | 3.5/3.8 MB
2026.05.10 19:43:36 INFO  Progress (2): 4.7/12 MB | 3.5/3.8 MB
2026.05.10 19:43:36 INFO  Progress (2): 4.7/12 MB | 3.5/3.8 MB
2026.05.10 19:43:36 INFO  Progress (2): 4.7/12 MB | 3.5/3.8 MB
2026.05.10 19:43:36 INFO  Progress (2): 4.7/12 MB | 3.5/3.8 MB
2026.05.10 19:43:36 INFO  Progress (2): 4.7/12 MB | 3.5/3.8 MB
2026.05.10 19:43:36 INFO  Progress (2): 4.7/12 MB | 3.5/3.8 MB
2026.05.10 19:43:36 INFO  Progress (2): 4.7/12 MB | 3.5/3.8 MB
2026.05.10 19:43:36 INFO  Progress (2): 4.8/12 MB | 3.5/3.8 MB
2026.05.10 19:43:36 INFO  Progress (2): 4.8/12 MB | 3.5/3.8 MB
2026.05.10 19:43:36 INFO  Progress (2): 4.8/12 MB | 3.6/3.8 MB
2026.05.10 19:43:36 INFO  Progress (2): 4.8/12 MB | 3.6/3.8 MB
2026.05.10 19:43:36 INFO  Progress (2): 4.8/12 MB | 3.6/3.8 MB
2026.05.10 19:43:36 INFO  Progress (2): 4.8/12 MB | 3.6/3.8 MB
2026.05.10 19:43:36 INFO  Progress (2): 4.8/12 MB | 3.6/3.8 MB
2026.05.10 19:43:36 INFO  Progress (2): 4.8/12 MB | 3.6/3.8 MB
2026.05.10 19:43:36 INFO  Progress (2): 4.8/12 MB | 3.6/3.8 MB
2026.05.10 19:43:36 INFO  Progress (2): 4.8/12 MB | 3.6/3.8 MB
2026.05.10 19:43:36 INFO  Progress (2): 4.8/12 MB | 3.6/3.8 MB
2026.05.10 19:43:36 INFO  Progress (2): 4.8/12 MB | 3.7/3.8 MB
2026.05.10 19:43:36 INFO  Progress (2): 4.8/12 MB | 3.7/3.8 MB
2026.05.10 19:43:36 INFO  Progress (2): 4.8/12 MB | 3.7/3.8 MB
2026.05.10 19:43:36 INFO  Progress (2): 4.8/12 MB | 3.7/3.8 MB
2026.05.10 19:43:36 INFO  Progress (2): 4.8/12 MB | 3.7/3.8 MB
2026.05.10 19:43:36 INFO  Progress (2): 4.8/12 MB | 3.7/3.8 MB
2026.05.10 19:43:36 INFO  Progress (2): 4.8/12 MB | 3.7/3.8 MB
2026.05.10 19:43:36 INFO  Progress (2): 4.8/12 MB | 3.7/3.8 MB
2026.05.10 19:43:36 INFO  Progress (2): 4.9/12 MB | 3.7/3.8 MB
2026.05.10 19:43:36 INFO  Progress (2): 4.9/12 MB | 3.8/3.8 MB
2026.05.10 19:43:36 INFO  Progress (2): 4.9/12 MB | 3.8 MB    
2026.05.10 19:43:36 INFO  Progress (2): 4.9/12 MB | 3.8 MB
2026.05.10 19:43:36 INFO                                  
2026.05.10 19:43:36 INFO  Downloaded from central: https://repo.maven.apache.org/maven2/org/scala-lang/scala-reflect/2.13.8/scala-reflect-2.13.8.jar (3.8 MB at 750 kB/s)
2026.05.10 19:43:36 INFO  Progress (1): 4.9/12 MB
2026.05.10 19:43:36 INFO  Progress (1): 4.9/12 MB
2026.05.10 19:43:36 INFO  Progress (1): 4.9/12 MB
2026.05.10 19:43:36 INFO  Progress (1): 4.9/12 MB
2026.05.10 19:43:36 INFO  Progress (1): 4.9/12 MB
2026.05.10 19:43:36 INFO  Progress (1): 5.0/12 MB
2026.05.10 19:43:36 INFO  Progress (1): 5.0/12 MB
2026.05.10 19:43:36 INFO  Progress (1): 5.0/12 MB
2026.05.10 19:43:36 INFO  Progress (1): 5.0/12 MB
2026.05.10 19:43:36 INFO  Progress (1): 5.0/12 MB
2026.05.10 19:43:36 INFO  Progress (1): 5.0/12 MB
2026.05.10 19:43:36 INFO  Progress (1): 5.1/12 MB
2026.05.10 19:43:36 INFO  Progress (1): 5.1/12 MB
2026.05.10 19:43:36 INFO  Progress (1): 5.1/12 MB
2026.05.10 19:43:36 INFO  Progress (1): 5.1/12 MB
2026.05.10 19:43:36 INFO  Progress (1): 5.1/12 MB
2026.05.10 19:43:36 INFO  Progress (1): 5.1/12 MB
2026.05.10 19:43:36 INFO  Progress (1): 5.2/12 MB
2026.05.10 19:43:36 INFO  Progress (1): 5.2/12 MB
2026.05.10 19:43:36 INFO  Progress (1): 5.2/12 MB
2026.05.10 19:43:36 INFO  Progress (1): 5.2/12 MB
2026.05.10 19:43:36 INFO  Progress (1): 5.2/12 MB
2026.05.10 19:43:36 INFO  Progress (1): 5.2/12 MB
2026.05.10 19:43:36 INFO  Progress (1): 5.3/12 MB
2026.05.10 19:43:36 INFO  Progress (1): 5.3/12 MB
2026.05.10 19:43:37 INFO  Progress (1): 5.3/12 MB
2026.05.10 19:43:37 INFO  Progress (1): 5.3/12 MB
2026.05.10 19:43:37 INFO  Progress (1): 5.3/12 MB
2026.05.10 19:43:37 INFO  Progress (1): 5.3/12 MB
2026.05.10 19:43:37 INFO  Progress (1): 5.4/12 MB
2026.05.10 19:43:37 INFO  Progress (1): 5.4/12 MB
2026.05.10 19:43:37 INFO  Progress (1): 5.4/12 MB
2026.05.10 19:43:37 INFO  Progress (1): 5.4/12 MB
2026.05.10 19:43:37 INFO  Progress (1): 5.4/12 MB
2026.05.10 19:43:37 INFO  Progress (1): 5.4/12 MB
2026.05.10 19:43:37 INFO  Progress (1): 5.5/12 MB
2026.05.10 19:43:37 INFO  Progress (1): 5.5/12 MB
2026.05.10 19:43:37 INFO  Progress (1): 5.5/12 MB
2026.05.10 19:43:37 INFO  Progress (1): 5.5/12 MB
2026.05.10 19:43:37 INFO  Progress (1): 5.5/12 MB
2026.05.10 19:43:37 INFO  Progress (1): 5.5/12 MB
2026.05.10 19:43:37 INFO  Progress (1): 5.6/12 MB
2026.05.10 19:43:37 INFO  Progress (1): 5.6/12 MB
2026.05.10 19:43:37 INFO  Progress (1): 5.6/12 MB
2026.05.10 19:43:37 INFO  Progress (1): 5.6/12 MB
2026.05.10 19:43:37 INFO  Progress (1): 5.6/12 MB
2026.05.10 19:43:37 INFO  Progress (1): 5.6/12 MB
2026.05.10 19:43:37 INFO  Progress (1): 5.7/12 MB
2026.05.10 19:43:37 INFO  Progress (1): 5.7/12 MB
2026.05.10 19:43:37 INFO  Progress (1): 5.7/12 MB
2026.05.10 19:43:37 INFO  Progress (1): 5.7/12 MB
2026.05.10 19:43:37 INFO  Progress (1): 5.7/12 MB
2026.05.10 19:43:38 INFO  Progress (1): 5.7/12 MB
2026.05.10 19:43:38 INFO  Progress (1): 5.8/12 MB
2026.05.10 19:43:38 INFO  Progress (1): 5.8/12 MB
2026.05.10 19:43:38 INFO  Progress (1): 5.8/12 MB
2026.05.10 19:43:38 INFO  Progress (1): 5.8/12 MB
2026.05.10 19:43:38 INFO  Progress (1): 5.8/12 MB
2026.05.10 19:43:38 INFO  Progress (1): 5.8/12 MB
2026.05.10 19:43:38 INFO  Progress (1): 5.9/12 MB
2026.05.10 19:43:38 INFO  Progress (1): 5.9/12 MB
2026.05.10 19:43:38 INFO  Progress (1): 5.9/12 MB
2026.05.10 19:43:38 INFO  Progress (1): 5.9/12 MB
2026.05.10 19:43:38 INFO  Progress (1): 5.9/12 MB
2026.05.10 19:43:38 INFO  Progress (1): 5.9/12 MB
2026.05.10 19:43:38 INFO  Progress (1): 5.9/12 MB
2026.05.10 19:43:38 INFO  Progress (1): 6.0/12 MB
2026.05.10 19:43:38 INFO  Progress (1): 6.0/12 MB
2026.05.10 19:43:38 INFO  Progress (1): 6.0/12 MB
2026.05.10 19:43:38 INFO  Progress (1): 6.0/12 MB
2026.05.10 19:43:38 INFO  Progress (1): 6.0/12 MB
2026.05.10 19:43:38 INFO  Progress (1): 6.0/12 MB
2026.05.10 19:43:38 INFO  Progress (1): 6.1/12 MB
2026.05.10 19:43:38 INFO  Progress (1): 6.1/12 MB
2026.05.10 19:43:38 INFO  Progress (1): 6.1/12 MB
2026.05.10 19:43:38 INFO  Progress (1): 6.1/12 MB
2026.05.10 19:43:38 INFO  Progress (1): 6.1/12 MB
2026.05.10 19:43:38 INFO  Progress (1): 6.1/12 MB
2026.05.10 19:43:38 INFO  Progress (1): 6.2/12 MB
2026.05.10 19:43:38 INFO  Progress (1): 6.2/12 MB
2026.05.10 19:43:38 INFO  Progress (1): 6.2/12 MB
2026.05.10 19:43:38 INFO  Progress (1): 6.2/12 MB
2026.05.10 19:43:38 INFO  Progress (1): 6.2/12 MB
2026.05.10 19:43:38 INFO  Progress (1): 6.2/12 MB
2026.05.10 19:43:38 INFO  Progress (1): 6.3/12 MB
2026.05.10 19:43:38 INFO  Progress (1): 6.3/12 MB
2026.05.10 19:43:38 INFO  Progress (1): 6.3/12 MB
2026.05.10 19:43:38 INFO  Progress (1): 6.3/12 MB
2026.05.10 19:43:40 INFO  Progress (1): 6.3/12 MB
2026.05.10 19:43:40 INFO  Progress (1): 6.3/12 MB
2026.05.10 19:43:40 INFO  Progress (1): 6.4/12 MB
2026.05.10 19:43:40 INFO  Progress (1): 6.4/12 MB
2026.05.10 19:43:40 INFO  Progress (1): 6.4/12 MB
2026.05.10 19:43:40 INFO  Progress (1): 6.4/12 MB
2026.05.10 19:43:40 INFO  Progress (1): 6.4/12 MB
2026.05.10 19:43:40 INFO  Progress (1): 6.4/12 MB
2026.05.10 19:43:40 INFO  Progress (1): 6.5/12 MB
2026.05.10 19:43:40 INFO  Progress (1): 6.5/12 MB
2026.05.10 19:43:40 INFO  Progress (1): 6.5/12 MB
2026.05.10 19:43:40 INFO  Progress (1): 6.5/12 MB
2026.05.10 19:43:40 INFO  Progress (1): 6.5/12 MB
2026.05.10 19:43:40 INFO  Progress (1): 6.5/12 MB
2026.05.10 19:43:40 INFO  Progress (1): 6.6/12 MB
2026.05.10 19:43:40 INFO  Progress (1): 6.6/12 MB
2026.05.10 19:43:40 INFO  Progress (1): 6.6/12 MB
2026.05.10 19:43:40 INFO  Progress (1): 6.6/12 MB
2026.05.10 19:43:40 INFO  Progress (1): 6.6/12 MB
2026.05.10 19:43:40 INFO  Progress (1): 6.6/12 MB
2026.05.10 19:43:40 INFO  Progress (1): 6.7/12 MB
2026.05.10 19:43:40 INFO  Progress (1): 6.7/12 MB
2026.05.10 19:43:40 INFO  Progress (1): 6.7/12 MB
2026.05.10 19:43:40 INFO  Progress (1): 6.7/12 MB
2026.05.10 19:43:40 INFO  Progress (1): 6.7/12 MB
2026.05.10 19:43:40 INFO  Progress (1): 6.7/12 MB
2026.05.10 19:43:40 INFO  Progress (1): 6.8/12 MB
2026.05.10 19:43:40 INFO  Progress (1): 6.8/12 MB
2026.05.10 19:43:40 INFO  Progress (1): 6.8/12 MB
2026.05.10 19:43:40 INFO  Progress (1): 6.8/12 MB
2026.05.10 19:43:40 INFO  Progress (1): 6.8/12 MB
2026.05.10 19:43:40 INFO  Progress (1): 6.8/12 MB
2026.05.10 19:43:40 INFO  Progress (1): 6.9/12 MB
2026.05.10 19:43:40 INFO  Progress (1): 6.9/12 MB
2026.05.10 19:43:40 INFO  Progress (1): 6.9/12 MB
2026.05.10 19:43:40 INFO  Progress (1): 6.9/12 MB
2026.05.10 19:43:40 INFO  Progress (1): 6.9/12 MB
2026.05.10 19:43:40 INFO  Progress (1): 6.9/12 MB
2026.05.10 19:43:40 INFO  Progress (1): 6.9/12 MB
2026.05.10 19:43:40 INFO  Progress (1): 7.0/12 MB
2026.05.10 19:43:40 INFO  Progress (1): 7.0/12 MB
2026.05.10 19:43:40 INFO  Progress (1): 7.0/12 MB
2026.05.10 19:43:40 INFO  Progress (1): 7.0/12 MB
2026.05.10 19:43:40 INFO  Progress (1): 7.0/12 MB
2026.05.10 19:43:40 INFO  Progress (1): 7.0/12 MB
2026.05.10 19:43:40 INFO  Progress (1): 7.0/12 MB
2026.05.10 19:43:40 INFO  Progress (1): 7.1/12 MB
2026.05.10 19:43:40 INFO  Progress (1): 7.1/12 MB
2026.05.10 19:43:40 INFO  Progress (1): 7.1/12 MB
2026.05.10 19:43:40 INFO  Progress (1): 7.1/12 MB
2026.05.10 19:43:40 INFO  Progress (1): 7.1/12 MB
2026.05.10 19:43:40 INFO  Progress (1): 7.1/12 MB
2026.05.10 19:43:40 INFO  Progress (1): 7.2/12 MB
2026.05.10 19:43:40 INFO  Progress (1): 7.2/12 MB
2026.05.10 19:43:40 INFO  Progress (1): 7.2/12 MB
2026.05.10 19:43:40 INFO  Progress (1): 7.2/12 MB
2026.05.10 19:43:40 INFO  Progress (1): 7.2/12 MB
2026.05.10 19:43:40 INFO  Progress (1): 7.2/12 MB
2026.05.10 19:43:40 INFO  Progress (1): 7.3/12 MB
2026.05.10 19:43:40 INFO  Progress (1): 7.3/12 MB
2026.05.10 19:43:40 INFO  Progress (1): 7.3/12 MB
2026.05.10 19:43:40 INFO  Progress (1): 7.3/12 MB
2026.05.10 19:43:40 INFO  Progress (1): 7.3/12 MB
2026.05.10 19:43:40 INFO  Progress (1): 7.3/12 MB
2026.05.10 19:43:40 INFO  Progress (1): 7.4/12 MB
2026.05.10 19:43:40 INFO  Progress (1): 7.4/12 MB
2026.05.10 19:43:40 INFO  Progress (1): 7.4/12 MB
2026.05.10 19:43:40 INFO  Progress (1): 7.4/12 MB
2026.05.10 19:43:40 INFO  Progress (1): 7.4/12 MB
2026.05.10 19:43:40 INFO  Progress (1): 7.4/12 MB
2026.05.10 19:43:40 INFO  Progress (1): 7.5/12 MB
2026.05.10 19:43:40 INFO  Progress (1): 7.5/12 MB
2026.05.10 19:43:40 INFO  Progress (1): 7.5/12 MB
2026.05.10 19:43:40 INFO  Progress (1): 7.5/12 MB
2026.05.10 19:43:40 INFO  Progress (1): 7.5/12 MB
2026.05.10 19:43:40 INFO  Progress (1): 7.5/12 MB
2026.05.10 19:43:40 INFO  Progress (1): 7.6/12 MB
2026.05.10 19:43:40 INFO  Progress (1): 7.6/12 MB
2026.05.10 19:43:40 INFO  Progress (1): 7.6/12 MB
2026.05.10 19:43:40 INFO  Progress (1): 7.6/12 MB
2026.05.10 19:43:40 INFO  Progress (1): 7.6/12 MB
2026.05.10 19:43:40 INFO  Progress (1): 7.6/12 MB
2026.05.10 19:43:40 INFO  Progress (1): 7.7/12 MB
2026.05.10 19:43:40 INFO  Progress (1): 7.7/12 MB
2026.05.10 19:43:40 INFO  Progress (1): 7.7/12 MB
2026.05.10 19:43:40 INFO  Progress (1): 7.7/12 MB
2026.05.10 19:43:40 INFO  Progress (1): 7.7/12 MB
2026.05.10 19:43:40 INFO  Progress (1): 7.7/12 MB
2026.05.10 19:43:40 INFO  Progress (1): 7.8/12 MB
2026.05.10 19:43:40 INFO  Progress (1): 7.8/12 MB
2026.05.10 19:43:40 INFO  Progress (1): 7.8/12 MB
2026.05.10 19:43:40 INFO  Progress (1): 7.8/12 MB
2026.05.10 19:43:40 INFO  Progress (1): 7.8/12 MB
2026.05.10 19:43:40 INFO  Progress (1): 7.8/12 MB
2026.05.10 19:43:40 INFO  Progress (1): 7.9/12 MB
2026.05.10 19:43:40 INFO  Progress (1): 7.9/12 MB
2026.05.10 19:43:40 INFO  Progress (1): 7.9/12 MB
2026.05.10 19:43:40 INFO  Progress (1): 7.9/12 MB
2026.05.10 19:43:40 INFO  Progress (1): 7.9/12 MB
2026.05.10 19:43:40 INFO  Progress (1): 7.9/12 MB
2026.05.10 19:43:40 INFO  Progress (1): 8.0/12 MB
2026.05.10 19:43:40 INFO  Progress (1): 8.0/12 MB
2026.05.10 19:43:40 INFO  Progress (1): 8.0/12 MB
2026.05.10 19:43:40 INFO  Progress (1): 8.0/12 MB
2026.05.10 19:43:40 INFO  Progress (1): 8.0/12 MB
2026.05.10 19:43:40 INFO  Progress (1): 8.0/12 MB
2026.05.10 19:43:41 INFO  Progress (1): 8.0/12 MB
2026.05.10 19:43:41 INFO  Progress (1): 8.1/12 MB
2026.05.10 19:43:41 INFO  Progress (1): 8.1/12 MB
2026.05.10 19:43:41 INFO  Progress (1): 8.1/12 MB
2026.05.10 19:43:41 INFO  Progress (1): 8.1/12 MB
2026.05.10 19:43:41 INFO  Progress (1): 8.1/12 MB
2026.05.10 19:43:41 INFO  Progress (1): 8.1/12 MB
2026.05.10 19:43:41 INFO  Progress (1): 8.2/12 MB
2026.05.10 19:43:41 INFO  Progress (1): 8.2/12 MB
2026.05.10 19:43:41 INFO  Progress (1): 8.2/12 MB
2026.05.10 19:43:41 INFO  Progress (1): 8.2/12 MB
2026.05.10 19:43:41 INFO  Progress (1): 8.2/12 MB
2026.05.10 19:43:41 INFO  Progress (1): 8.2/12 MB
2026.05.10 19:43:41 INFO  Progress (1): 8.3/12 MB
2026.05.10 19:43:41 INFO  Progress (1): 8.3/12 MB
2026.05.10 19:43:41 INFO  Progress (1): 8.3/12 MB
2026.05.10 19:43:41 INFO  Progress (1): 8.3/12 MB
2026.05.10 19:43:41 INFO  Progress (1): 8.3/12 MB
2026.05.10 19:43:41 INFO  Progress (1): 8.3/12 MB
2026.05.10 19:43:41 INFO  Progress (1): 8.4/12 MB
2026.05.10 19:43:41 INFO  Progress (1): 8.4/12 MB
2026.05.10 19:43:41 INFO  Progress (1): 8.4/12 MB
2026.05.10 19:43:41 INFO  Progress (1): 8.4/12 MB
2026.05.10 19:43:41 INFO  Progress (1): 8.4/12 MB
2026.05.10 19:43:41 INFO  Progress (1): 8.4/12 MB
2026.05.10 19:43:41 INFO  Progress (1): 8.5/12 MB
2026.05.10 19:43:41 INFO  Progress (1): 8.5/12 MB
2026.05.10 19:43:41 INFO  Progress (1): 8.5/12 MB
2026.05.10 19:43:41 INFO  Progress (1): 8.5/12 MB
2026.05.10 19:43:41 INFO  Progress (1): 8.5/12 MB
2026.05.10 19:43:41 INFO  Progress (1): 8.5/12 MB
2026.05.10 19:43:41 INFO  Progress (1): 8.6/12 MB
2026.05.10 19:43:41 INFO  Progress (1): 8.6/12 MB
2026.05.10 19:43:41 INFO  Progress (1): 8.6/12 MB
2026.05.10 19:43:41 INFO  Progress (1): 8.6/12 MB
2026.05.10 19:43:41 INFO  Progress (1): 8.6/12 MB
2026.05.10 19:43:41 INFO  Progress (1): 8.6/12 MB
2026.05.10 19:43:41 INFO  Progress (1): 8.7/12 MB
2026.05.10 19:43:41 INFO  Progress (1): 8.7/12 MB
2026.05.10 19:43:41 INFO  Progress (1): 8.7/12 MB
2026.05.10 19:43:41 INFO  Progress (1): 8.7/12 MB
2026.05.10 19:43:41 INFO  Progress (1): 8.7/12 MB
2026.05.10 19:43:41 INFO  Progress (1): 8.7/12 MB
2026.05.10 19:43:41 INFO  Progress (1): 8.8/12 MB
2026.05.10 19:43:41 INFO  Progress (1): 8.8/12 MB
2026.05.10 19:43:41 INFO  Progress (1): 8.8/12 MB
2026.05.10 19:43:41 INFO  Progress (1): 8.8/12 MB
2026.05.10 19:43:41 INFO  Progress (1): 8.8/12 MB
2026.05.10 19:43:41 INFO  Progress (1): 8.8/12 MB
2026.05.10 19:43:41 INFO  Progress (1): 8.9/12 MB
2026.05.10 19:43:41 INFO  Progress (1): 8.9/12 MB
2026.05.10 19:43:41 INFO  Progress (1): 8.9/12 MB
2026.05.10 19:43:41 INFO  Progress (1): 8.9/12 MB
2026.05.10 19:43:41 INFO  Progress (1): 8.9/12 MB
2026.05.10 19:43:41 INFO  Progress (1): 8.9/12 MB
2026.05.10 19:43:41 INFO  Progress (1): 9.0/12 MB
2026.05.10 19:43:41 INFO  Progress (1): 9.0/12 MB
2026.05.10 19:43:41 INFO  Progress (1): 9.0/12 MB
2026.05.10 19:43:41 INFO  Progress (1): 9.0/12 MB
2026.05.10 19:43:41 INFO  Progress (1): 9.0/12 MB
2026.05.10 19:43:41 INFO  Progress (1): 9.0/12 MB
2026.05.10 19:43:41 INFO  Progress (1): 9.0/12 MB
2026.05.10 19:43:41 INFO  Progress (1): 9.1/12 MB
2026.05.10 19:43:41 INFO  Progress (1): 9.1/12 MB
2026.05.10 19:43:41 INFO  Progress (1): 9.1/12 MB
2026.05.10 19:43:41 INFO  Progress (1): 9.1/12 MB
2026.05.10 19:43:41 INFO  Progress (1): 9.1/12 MB
2026.05.10 19:43:41 INFO  Progress (1): 9.1/12 MB
2026.05.10 19:43:41 INFO  Progress (1): 9.2/12 MB
2026.05.10 19:43:41 INFO  Progress (1): 9.2/12 MB
2026.05.10 19:43:41 INFO  Progress (1): 9.2/12 MB
2026.05.10 19:43:41 INFO  Progress (1): 9.2/12 MB
2026.05.10 19:43:41 INFO  Progress (1): 9.2/12 MB
2026.05.10 19:43:41 INFO  Progress (1): 9.2/12 MB
2026.05.10 19:43:41 INFO  Progress (1): 9.3/12 MB
2026.05.10 19:43:41 INFO  Progress (1): 9.3/12 MB
2026.05.10 19:43:41 INFO  Progress (1): 9.3/12 MB
2026.05.10 19:43:41 INFO  Progress (1): 9.3/12 MB
2026.05.10 19:43:41 INFO  Progress (1): 9.3/12 MB
2026.05.10 19:43:41 INFO  Progress (1): 9.3/12 MB
2026.05.10 19:43:41 INFO  Progress (1): 9.4/12 MB
2026.05.10 19:43:41 INFO  Progress (1): 9.4/12 MB
2026.05.10 19:43:41 INFO  Progress (1): 9.4/12 MB
2026.05.10 19:43:41 INFO  Progress (1): 9.4/12 MB
2026.05.10 19:43:41 INFO  Progress (1): 9.4/12 MB
2026.05.10 19:43:41 INFO  Progress (1): 9.4/12 MB
2026.05.10 19:43:41 INFO  Progress (1): 9.5/12 MB
2026.05.10 19:43:41 INFO  Progress (1): 9.5/12 MB
2026.05.10 19:43:41 INFO  Progress (1): 9.5/12 MB
2026.05.10 19:43:41 INFO  Progress (1): 9.5/12 MB
2026.05.10 19:43:41 INFO  Progress (1): 9.5/12 MB
2026.05.10 19:43:41 INFO  Progress (1): 9.5/12 MB
2026.05.10 19:43:41 INFO  Progress (1): 9.6/12 MB
2026.05.10 19:43:41 INFO  Progress (1): 9.6/12 MB
2026.05.10 19:43:41 INFO  Progress (1): 9.6/12 MB
2026.05.10 19:43:41 INFO  Progress (1): 9.6/12 MB
2026.05.10 19:43:41 INFO  Progress (1): 9.6/12 MB
2026.05.10 19:43:41 INFO  Progress (1): 9.6/12 MB
2026.05.10 19:43:41 INFO  Progress (1): 9.7/12 MB
2026.05.10 19:43:41 INFO  Progress (1): 9.7/12 MB
2026.05.10 19:43:41 INFO  Progress (1): 9.7/12 MB
2026.05.10 19:43:41 INFO  Progress (1): 9.7/12 MB
2026.05.10 19:43:41 INFO  Progress (1): 9.7/12 MB
2026.05.10 19:43:41 INFO  Progress (1): 9.7/12 MB
2026.05.10 19:43:41 INFO  Progress (1): 9.8/12 MB
2026.05.10 19:43:41 INFO  Progress (1): 9.8/12 MB
2026.05.10 19:43:41 INFO  Progress (1): 9.8/12 MB
2026.05.10 19:43:41 INFO  Progress (1): 9.8/12 MB
2026.05.10 19:43:41 INFO  Progress (1): 9.8/12 MB
2026.05.10 19:43:41 INFO  Progress (1): 9.8/12 MB
2026.05.10 19:43:41 INFO  Progress (1): 9.9/12 MB
2026.05.10 19:43:41 INFO  Progress (1): 9.9/12 MB
2026.05.10 19:43:41 INFO  Progress (1): 9.9/12 MB
2026.05.10 19:43:41 INFO  Progress (1): 9.9/12 MB
2026.05.10 19:43:41 INFO  Progress (1): 9.9/12 MB
2026.05.10 19:43:42 INFO  Progress (1): 9.9/12 MB
2026.05.10 19:43:42 INFO  Progress (1): 9.9/12 MB
2026.05.10 19:43:42 INFO  Progress (1): 10.0/12 MB
2026.05.10 19:43:42 INFO  Progress (1): 10.0/12 MB
2026.05.10 19:43:42 INFO  Progress (1): 10.0/12 MB
2026.05.10 19:43:42 INFO  Progress (1): 10/12 MB  
2026.05.10 19:43:42 INFO  Progress (1): 10/12 MB
2026.05.10 19:43:42 INFO  Progress (1): 10/12 MB
2026.05.10 19:43:42 INFO  Progress (1): 10/12 MB
2026.05.10 19:43:42 INFO  Progress (1): 10/12 MB
2026.05.10 19:43:42 INFO  Progress (1): 10/12 MB
2026.05.10 19:43:42 INFO  Progress (1): 10/12 MB
2026.05.10 19:43:42 INFO  Progress (1): 10/12 MB
2026.05.10 19:43:42 INFO  Progress (1): 10/12 MB
2026.05.10 19:43:42 INFO  Progress (1): 10/12 MB
2026.05.10 19:43:42 INFO  Progress (1): 10/12 MB
2026.05.10 19:43:42 INFO  Progress (1): 10/12 MB
2026.05.10 19:43:42 INFO  Progress (1): 10/12 MB
2026.05.10 19:43:42 INFO  Progress (1): 10/12 MB
2026.05.10 19:43:42 INFO  Progress (1): 10/12 MB
2026.05.10 19:43:42 INFO  Progress (1): 10/12 MB
2026.05.10 19:43:42 INFO  Progress (1): 10/12 MB
2026.05.10 19:43:42 INFO  Progress (1): 10/12 MB
2026.05.10 19:43:42 INFO  Progress (1): 10/12 MB
2026.05.10 19:43:42 INFO  Progress (1): 10/12 MB
2026.05.10 19:43:42 INFO  Progress (1): 10/12 MB
2026.05.10 19:43:42 INFO  Progress (1): 10/12 MB
2026.05.10 19:43:42 INFO  Progress (1): 10/12 MB
2026.05.10 19:43:42 INFO  Progress (1): 10/12 MB
2026.05.10 19:43:42 INFO  Progress (1): 10/12 MB
2026.05.10 19:43:42 INFO  Progress (1): 10/12 MB
2026.05.10 19:43:42 INFO  Progress (1): 10/12 MB
2026.05.10 19:43:42 INFO  Progress (1): 10/12 MB
2026.05.10 19:43:42 INFO  Progress (1): 10/12 MB
2026.05.10 19:43:42 INFO  Progress (1): 10/12 MB
2026.05.10 19:43:42 INFO  Progress (1): 11/12 MB
2026.05.10 19:43:42 INFO  Progress (1): 11/12 MB
2026.05.10 19:43:42 INFO  Progress (1): 11/12 MB
2026.05.10 19:43:42 INFO  Progress (1): 11/12 MB
2026.05.10 19:43:42 INFO  Progress (1): 11/12 MB
2026.05.10 19:43:42 INFO  Progress (1): 11/12 MB
2026.05.10 19:43:42 INFO  Progress (1): 11/12 MB
2026.05.10 19:43:42 INFO  Progress (1): 11/12 MB
2026.05.10 19:43:42 INFO  Progress (1): 11/12 MB
2026.05.10 19:43:42 INFO  Progress (1): 11/12 MB
2026.05.10 19:43:42 INFO  Progress (1): 11/12 MB
2026.05.10 19:43:42 INFO  Progress (1): 11/12 MB
2026.05.10 19:43:42 INFO  Progress (1): 11/12 MB
2026.05.10 19:43:42 INFO  Progress (1): 11/12 MB
2026.05.10 19:43:42 INFO  Progress (1): 11/12 MB
2026.05.10 19:43:42 INFO  Progress (1): 11/12 MB
2026.05.10 19:43:42 INFO  Progress (1): 11/12 MB
2026.05.10 19:43:42 INFO  Progress (1): 11/12 MB
2026.05.10 19:43:42 INFO  Progress (1): 11/12 MB
2026.05.10 19:43:42 INFO  Progress (1): 11/12 MB
2026.05.10 19:43:42 INFO  Progress (1): 11/12 MB
2026.05.10 19:43:42 INFO  Progress (1): 11/12 MB
2026.05.10 19:43:42 INFO  Progress (1): 11/12 MB
2026.05.10 19:43:42 INFO  Progress (1): 11/12 MB
2026.05.10 19:43:42 INFO  Progress (1): 11/12 MB
2026.05.10 19:43:42 INFO  Progress (1): 11/12 MB
2026.05.10 19:43:42 INFO  Progress (1): 11/12 MB
2026.05.10 19:43:42 INFO  Progress (1): 11/12 MB
2026.05.10 19:43:42 INFO  Progress (1): 11/12 MB
2026.05.10 19:43:42 INFO  Progress (1): 11/12 MB
2026.05.10 19:43:42 INFO  Progress (1): 11/12 MB
2026.05.10 19:43:42 INFO  Progress (1): 11/12 MB
2026.05.10 19:43:42 INFO  Progress (1): 11/12 MB
2026.05.10 19:43:42 INFO  Progress (1): 11/12 MB
2026.05.10 19:43:42 INFO  Progress (1): 11/12 MB
2026.05.10 19:43:42 INFO  Progress (1): 11/12 MB
2026.05.10 19:43:42 INFO  Progress (1): 11/12 MB
2026.05.10 19:43:42 INFO  Progress (1): 11/12 MB
2026.05.10 19:43:42 INFO  Progress (1): 11/12 MB
2026.05.10 19:43:42 INFO  Progress (1): 11/12 MB
2026.05.10 19:43:42 INFO  Progress (1): 11/12 MB
2026.05.10 19:43:42 INFO  Progress (1): 11/12 MB
2026.05.10 19:43:42 INFO  Progress (1): 11/12 MB
2026.05.10 19:43:42 INFO  Progress (1): 11/12 MB
2026.05.10 19:43:42 INFO  Progress (1): 11/12 MB
2026.05.10 19:43:42 INFO  Progress (1): 11/12 MB
2026.05.10 19:43:42 INFO  Progress (1): 11/12 MB
2026.05.10 19:43:42 INFO  Progress (1): 11/12 MB
2026.05.10 19:43:42 INFO  Progress (1): 11/12 MB
2026.05.10 19:43:42 INFO  Progress (1): 11/12 MB
2026.05.10 19:43:42 INFO  Progress (1): 11/12 MB
2026.05.10 19:43:42 INFO  Progress (1): 11/12 MB
2026.05.10 19:43:42 INFO  Progress (1): 11/12 MB
2026.05.10 19:43:42 INFO  Progress (1): 11/12 MB
2026.05.10 19:43:42 INFO  Progress (1): 11/12 MB
2026.05.10 19:43:42 INFO  Progress (1): 11/12 MB
2026.05.10 19:43:42 INFO  Progress (1): 11/12 MB
2026.05.10 19:43:42 INFO  Progress (1): 11/12 MB
2026.05.10 19:43:42 INFO  Progress (1): 11/12 MB
2026.05.10 19:43:42 INFO  Progress (1): 11/12 MB
2026.05.10 19:43:42 INFO  Progress (1): 11/12 MB
2026.05.10 19:43:42 INFO  Progress (1): 12/12 MB
2026.05.10 19:43:42 INFO  Progress (1): 12/12 MB
2026.05.10 19:43:42 INFO  Progress (1): 12/12 MB
2026.05.10 19:43:42 INFO  Progress (1): 12/12 MB
2026.05.10 19:43:42 INFO  Progress (1): 12/12 MB
2026.05.10 19:43:42 INFO  Progress (1): 12/12 MB
2026.05.10 19:43:42 INFO  Progress (1): 12/12 MB
2026.05.10 19:43:42 INFO  Progress (1): 12/12 MB
2026.05.10 19:43:42 INFO  Progress (1): 12/12 MB
2026.05.10 19:43:42 INFO  Progress (1): 12/12 MB
2026.05.10 19:43:42 INFO  Progress (1): 12/12 MB
2026.05.10 19:43:42 INFO  Progress (1): 12/12 MB
2026.05.10 19:43:42 INFO  Progress (1): 12/12 MB
2026.05.10 19:43:42 INFO  Progress (1): 12/12 MB
2026.05.10 19:43:42 INFO  Progress (1): 12/12 MB
2026.05.10 19:43:42 INFO  Progress (1): 12/12 MB
2026.05.10 19:43:42 INFO  Progress (1): 12/12 MB
2026.05.10 19:43:42 INFO  Progress (1): 12/12 MB
2026.05.10 19:43:42 INFO  Progress (1): 12/12 MB
2026.05.10 19:43:42 INFO  Progress (1): 12/12 MB
2026.05.10 19:43:42 INFO  Progress (1): 12/12 MB
2026.05.10 19:43:42 INFO  Progress (1): 12/12 MB
2026.05.10 19:43:42 INFO  Progress (1): 12/12 MB
2026.05.10 19:43:42 INFO  Progress (1): 12/12 MB
2026.05.10 19:43:42 INFO  Progress (1): 12/12 MB
2026.05.10 19:43:42 INFO  Progress (1): 12/12 MB
2026.05.10 19:43:42 INFO  Progress (1): 12/12 MB
2026.05.10 19:43:42 INFO  Progress (1): 12/12 MB
2026.05.10 19:43:42 INFO  Progress (1): 12/12 MB
2026.05.10 19:43:42 INFO  Progress (1): 12/12 MB
2026.05.10 19:43:42 INFO  Progress (1): 12/12 MB
2026.05.10 19:43:42 INFO  Progress (1): 12/12 MB
2026.05.10 19:43:42 INFO  Progress (1): 12/12 MB
2026.05.10 19:43:42 INFO  Progress (1): 12/12 MB
2026.05.10 19:43:42 INFO  Progress (1): 12/12 MB
2026.05.10 19:43:42 INFO  Progress (1): 12/12 MB
2026.05.10 19:43:42 INFO  Progress (1): 12/12 MB
2026.05.10 19:43:42 INFO  Progress (1): 12 MB   
2026.05.10 19:43:42 INFO                     
2026.05.10 19:43:42 INFO  Downloaded from central: https://repo.maven.apache.org/maven2/org/scala-lang/scala-compiler/2.13.8/scala-compiler-2.13.8.jar (12 MB at 1.1 MB/s)
2026.05.10 19:43:43 INFO  [ERROR] org.scala-lang:scala([0-9]?)-library is missing from project dependencies
2026.05.10 19:43:43 INFO  [ERROR] org.scala-lang:scala([0-9]?)-library is missing from project dependencies
2026.05.10 19:43:43 INFO  [INFO] Resolving artifact: org.junit.jupiter:junit-jupiter-params:jar:6.0.3:test (sources = false)
2026.05.10 19:43:43 INFO  [INFO] SUCCESS: org.junit.jupiter:junit-jupiter-params:jar:6.0.3:test (sources = false)
2026.05.10 19:43:43 INFO  [INFO] Resolving artifact: org.junit.jupiter:junit-jupiter-params:jar:6.0.3:test (sources = true)
2026.05.10 19:43:43 INFO  Downloading from central: https://repo.maven.apache.org/maven2/org/junit/jupiter/junit-jupiter-params/6.0.3/junit-jupiter-params-6.0.3-sources.jar
2026.05.10 19:43:43 INFO  Progress (1): 7.7/140 kB
2026.05.10 19:43:43 INFO  Progress (1): 15/140 kB 
2026.05.10 19:43:43 INFO  Progress (1): 32/140 kB
2026.05.10 19:43:43 INFO  Progress (1): 48/140 kB
2026.05.10 19:43:43 INFO  Progress (1): 65/140 kB
2026.05.10 19:43:43 INFO  Progress (1): 81/140 kB
2026.05.10 19:43:43 INFO  Progress (1): 97/140 kB
2026.05.10 19:43:43 INFO  Progress (1): 114/140 kB
2026.05.10 19:43:43 INFO  Progress (1): 130/140 kB
2026.05.10 19:43:43 INFO  Progress (1): 140 kB    
2026.05.10 19:43:43 INFO                      
2026.05.10 19:43:43 INFO  Downloaded from central: https://repo.maven.apache.org/maven2/org/junit/jupiter/junit-jupiter-params/6.0.3/junit-jupiter-params-6.0.3-sources.jar (140 kB at 719 kB/s)
2026.05.10 19:43:43 INFO  [INFO] SUCCESS: org.junit.jupiter:junit-jupiter-params:jar:6.0.3:test (sources = true)
2026.05.10 19:43:43 INFO  [INFO] Resolving artifact: com.jayway.jsonpath:json-path:jar:2.10.0:test (sources = false)
2026.05.10 19:43:43 INFO  [INFO] SUCCESS: com.jayway.jsonpath:json-path:jar:2.10.0:test (sources = false)
2026.05.10 19:43:43 INFO  [INFO] Resolving artifact: com.jayway.jsonpath:json-path:jar:2.10.0:test (sources = true)
2026.05.10 19:43:43 INFO  Downloading from central: https://repo.maven.apache.org/maven2/com/jayway/jsonpath/json-path/2.10.0/json-path-2.10.0-sources.jar
2026.05.10 19:43:43 INFO  Progress (1): 7.7/135 kB
2026.05.10 19:43:43 INFO  Progress (1): 11/135 kB 
2026.05.10 19:43:43 INFO  Progress (1): 28/135 kB
2026.05.10 19:43:43 INFO  Progress (1): 44/135 kB
2026.05.10 19:43:43 INFO  Progress (1): 61/135 kB
2026.05.10 19:43:43 INFO  Progress (1): 77/135 kB
2026.05.10 19:43:43 INFO  Progress (1): 93/135 kB
2026.05.10 19:43:43 INFO  Progress (1): 110/135 kB
2026.05.10 19:43:43 INFO  Progress (1): 126/135 kB
2026.05.10 19:43:43 INFO  Progress (1): 135 kB    
2026.05.10 19:43:43 INFO                      
2026.05.10 19:43:43 INFO  Downloaded from central: https://repo.maven.apache.org/maven2/com/jayway/jsonpath/json-path/2.10.0/json-path-2.10.0-sources.jar (135 kB at 935 kB/s)
2026.05.10 19:43:43 INFO  [INFO] SUCCESS: com.jayway.jsonpath:json-path:jar:2.10.0:test (sources = true)
2026.05.10 19:43:43 INFO  [INFO] Resolving artifact: org.springframework.boot:spring-boot-tomcat:jar:4.0.6:compile (sources = false)
2026.05.10 19:43:43 INFO  [INFO] SUCCESS: org.springframework.boot:spring-boot-tomcat:jar:4.0.6:compile (sources = false)
2026.05.10 19:43:43 INFO  [INFO] Resolving artifact: org.springframework.boot:spring-boot-tomcat:jar:4.0.6:compile (sources = true)
2026.05.10 19:43:43 INFO  Downloading from central: https://repo.maven.apache.org/maven2/org/springframework/boot/spring-boot-tomcat/4.0.6/spring-boot-tomcat-4.0.6-sources.jar
2026.05.10 19:43:43 INFO  Progress (1): 7.7/79 kB
2026.05.10 19:43:43 INFO  Progress (1): 12/79 kB 
2026.05.10 19:43:43 INFO  Progress (1): 29/79 kB
2026.05.10 19:43:43 INFO  Progress (1): 45/79 kB
2026.05.10 19:43:43 INFO  Progress (1): 61/79 kB
2026.05.10 19:43:43 INFO  Progress (1): 78/79 kB
2026.05.10 19:43:43 INFO  Progress (1): 79 kB   
2026.05.10 19:43:43 INFO                     
2026.05.10 19:43:43 INFO  Downloaded from central: https://repo.maven.apache.org/maven2/org/springframework/boot/spring-boot-tomcat/4.0.6/spring-boot-tomcat-4.0.6-sources.jar (79 kB at 642 kB/s)
2026.05.10 19:43:43 INFO  [INFO] SUCCESS: org.springframework.boot:spring-boot-tomcat:jar:4.0.6:compile (sources = true)
2026.05.10 19:43:43 INFO  [INFO] Resolving artifact: jakarta.xml.bind:jakarta.xml.bind-api:jar:4.0.4:test (sources = false)
2026.05.10 19:43:43 INFO  [INFO] SUCCESS: jakarta.xml.bind:jakarta.xml.bind-api:jar:4.0.4:test (sources = false)
2026.05.10 19:43:43 INFO  [INFO] Resolving artifact: jakarta.xml.bind:jakarta.xml.bind-api:jar:4.0.4:test (sources = true)
2026.05.10 19:43:43 INFO  [INFO] SUCCESS: jakarta.xml.bind:jakarta.xml.bind-api:jar:4.0.4:test (sources = true)
2026.05.10 19:43:43 INFO  [INFO] Resolving artifact: org.springframework.boot:spring-boot-http-converter:jar:4.0.6:compile (sources = false)
2026.05.10 19:43:43 INFO  [INFO] SUCCESS: org.springframework.boot:spring-boot-http-converter:jar:4.0.6:compile (sources = false)
2026.05.10 19:43:43 INFO  [INFO] Resolving artifact: org.springframework.boot:spring-boot-http-converter:jar:4.0.6:compile (sources = true)
2026.05.10 19:43:43 INFO  Downloading from central: https://repo.maven.apache.org/maven2/org/springframework/boot/spring-boot-http-converter/4.0.6/spring-boot-http-converter-4.0.6-sources.jar
2026.05.10 19:43:43 INFO  Progress (1): 7.7/25 kB
2026.05.10 19:43:43 INFO  Progress (1): 15/25 kB 
2026.05.10 19:43:43 INFO  Progress (1): 25 kB   
2026.05.10 19:43:43 INFO                     
2026.05.10 19:43:43 INFO  Downloaded from central: https://repo.maven.apache.org/maven2/org/springframework/boot/spring-boot-http-converter/4.0.6/spring-boot-http-converter-4.0.6-sources.jar (25 kB at 256 kB/s)
2026.05.10 19:43:43 INFO  [INFO] SUCCESS: org.springframework.boot:spring-boot-http-converter:jar:4.0.6:compile (sources = true)
2026.05.10 19:43:43 INFO  [INFO] Resolving artifact: org.hamcrest:hamcrest:jar:3.0:test (sources = false)
2026.05.10 19:43:43 INFO  [INFO] SUCCESS: org.hamcrest:hamcrest:jar:3.0:test (sources = false)
2026.05.10 19:43:43 INFO  [INFO] Resolving artifact: org.hamcrest:hamcrest:jar:3.0:test (sources = true)
2026.05.10 19:43:43 INFO  [INFO] SUCCESS: org.hamcrest:hamcrest:jar:3.0:test (sources = true)
2026.05.10 19:43:43 INFO  [INFO] Resolving artifact: org.springframework:spring-context:jar:7.0.7:compile (sources = false)
2026.05.10 19:43:43 INFO  [INFO] SUCCESS: org.springframework:spring-context:jar:7.0.7:compile (sources = false)
2026.05.10 19:43:43 INFO  [INFO] Resolving artifact: org.springframework:spring-context:jar:7.0.7:compile (sources = true)
2026.05.10 19:43:43 INFO  Downloading from central: https://repo.maven.apache.org/maven2/org/springframework/spring-context/7.0.7/spring-context-7.0.7-sources.jar
2026.05.10 19:43:43 INFO  Progress (1): 0/1.1 MB
2026.05.10 19:43:43 INFO  Progress (1): 0/1.1 MB
2026.05.10 19:43:43 INFO  Progress (1): 0/1.1 MB
2026.05.10 19:43:43 INFO  Progress (1): 0/1.1 MB
2026.05.10 19:43:43 INFO  Progress (1): 0.1/1.1 MB
2026.05.10 19:43:43 INFO  Progress (1): 0.1/1.1 MB
2026.05.10 19:43:43 INFO  Progress (1): 0.1/1.1 MB
2026.05.10 19:43:43 INFO  Progress (1): 0.1/1.1 MB
2026.05.10 19:43:43 INFO  Progress (1): 0.1/1.1 MB
2026.05.10 19:43:43 INFO  Progress (1): 0.1/1.1 MB
2026.05.10 19:43:43 INFO  Progress (1): 0.2/1.1 MB
2026.05.10 19:43:43 INFO  Progress (1): 0.2/1.1 MB
2026.05.10 19:43:43 INFO  Progress (1): 0.2/1.1 MB
2026.05.10 19:43:43 INFO  Progress (1): 0.2/1.1 MB
2026.05.10 19:43:43 INFO  Progress (1): 0.2/1.1 MB
2026.05.10 19:43:43 INFO  Progress (1): 0.2/1.1 MB
2026.05.10 19:43:43 INFO  Progress (1): 0.3/1.1 MB
2026.05.10 19:43:43 INFO  Progress (1): 0.3/1.1 MB
2026.05.10 19:43:43 INFO  Progress (1): 0.3/1.1 MB
2026.05.10 19:43:43 INFO  Progress (1): 0.3/1.1 MB
2026.05.10 19:43:43 INFO  Progress (1): 0.3/1.1 MB
2026.05.10 19:43:43 INFO  Progress (1): 0.3/1.1 MB
2026.05.10 19:43:43 INFO  Progress (1): 0.4/1.1 MB
2026.05.10 19:43:43 INFO  Progress (1): 0.4/1.1 MB
2026.05.10 19:43:43 INFO  Progress (1): 0.4/1.1 MB
2026.05.10 19:43:43 INFO  Progress (1): 0.4/1.1 MB
2026.05.10 19:43:43 INFO  Progress (1): 0.4/1.1 MB
2026.05.10 19:43:43 INFO  Progress (1): 0.4/1.1 MB
2026.05.10 19:43:43 INFO  Progress (1): 0.5/1.1 MB
2026.05.10 19:43:43 INFO  Progress (1): 0.5/1.1 MB
2026.05.10 19:43:43 INFO  Progress (1): 0.5/1.1 MB
2026.05.10 19:43:43 INFO  Progress (1): 0.5/1.1 MB
2026.05.10 19:43:43 INFO  Progress (1): 0.5/1.1 MB
2026.05.10 19:43:43 INFO  Progress (1): 0.5/1.1 MB
2026.05.10 19:43:43 INFO  Progress (1): 0.6/1.1 MB
2026.05.10 19:43:43 INFO  Progress (1): 0.6/1.1 MB
2026.05.10 19:43:43 INFO  Progress (1): 0.6/1.1 MB
2026.05.10 19:43:43 INFO  Progress (1): 0.6/1.1 MB
2026.05.10 19:43:43 INFO  Progress (1): 0.6/1.1 MB
2026.05.10 19:43:43 INFO  Progress (1): 0.6/1.1 MB
2026.05.10 19:43:43 INFO  Progress (1): 0.7/1.1 MB
2026.05.10 19:43:43 INFO  Progress (1): 0.7/1.1 MB
2026.05.10 19:43:43 INFO  Progress (1): 0.7/1.1 MB
2026.05.10 19:43:43 INFO  Progress (1): 0.7/1.1 MB
2026.05.10 19:43:43 INFO  Progress (1): 0.7/1.1 MB
2026.05.10 19:43:43 INFO  Progress (1): 0.7/1.1 MB
2026.05.10 19:43:43 INFO  Progress (1): 0.7/1.1 MB
2026.05.10 19:43:43 INFO  Progress (1): 0.8/1.1 MB
2026.05.10 19:43:43 INFO  Progress (1): 0.8/1.1 MB
2026.05.10 19:43:43 INFO  Progress (1): 0.8/1.1 MB
2026.05.10 19:43:43 INFO  Progress (1): 0.8/1.1 MB
2026.05.10 19:43:43 INFO  Progress (1): 0.8/1.1 MB
2026.05.10 19:43:43 INFO  Progress (1): 0.8/1.1 MB
2026.05.10 19:43:44 INFO  Progress (1): 0.9/1.1 MB
2026.05.10 19:43:44 INFO  Progress (1): 0.9/1.1 MB
2026.05.10 19:43:44 INFO  Progress (1): 0.9/1.1 MB
2026.05.10 19:43:44 INFO  Progress (1): 0.9/1.1 MB
2026.05.10 19:43:44 INFO  Progress (1): 0.9/1.1 MB
2026.05.10 19:43:44 INFO  Progress (1): 0.9/1.1 MB
2026.05.10 19:43:44 INFO  Progress (1): 1.0/1.1 MB
2026.05.10 19:43:44 INFO  Progress (1): 1.0/1.1 MB
2026.05.10 19:43:44 INFO  Progress (1): 1.0/1.1 MB
2026.05.10 19:43:44 INFO  Progress (1): 1.0/1.1 MB
2026.05.10 19:43:44 INFO  Progress (1): 1.0/1.1 MB
2026.05.10 19:43:44 INFO  Progress (1): 1.0/1.1 MB
2026.05.10 19:43:44 INFO  Progress (1): 1.1/1.1 MB
2026.05.10 19:43:44 INFO  Progress (1): 1.1/1.1 MB
2026.05.10 19:43:44 INFO  Progress (1): 1.1/1.1 MB
2026.05.10 19:43:44 INFO  Progress (1): 1.1/1.1 MB
2026.05.10 19:43:44 INFO  Progress (1): 1.1/1.1 MB
2026.05.10 19:43:44 INFO  Progress (1): 1.1 MB    
2026.05.10 19:43:44 INFO                      
2026.05.10 19:43:44 INFO  Downloaded from central: https://repo.maven.apache.org/maven2/org/springframework/spring-context/7.0.7/spring-context-7.0.7-sources.jar (1.1 MB at 2.6 MB/s)
2026.05.10 19:43:44 INFO  [INFO] SUCCESS: org.springframework:spring-context:jar:7.0.7:compile (sources = true)
2026.05.10 19:43:44 INFO  [INFO] Resolving artifact: org.springframework:spring-core:jar:7.0.7:compile (sources = false)
2026.05.10 19:43:44 INFO  [INFO] SUCCESS: org.springframework:spring-core:jar:7.0.7:compile (sources = false)
2026.05.10 19:43:44 INFO  [INFO] Resolving artifact: org.springframework:spring-core:jar:7.0.7:compile (sources = true)
2026.05.10 19:43:44 INFO  Downloading from central: https://repo.maven.apache.org/maven2/org/springframework/spring-core/7.0.7/spring-core-7.0.7-sources.jar
2026.05.10 19:43:44 INFO  Progress (1): 0/1.5 MB
2026.05.10 19:43:44 INFO  Progress (1): 0/1.5 MB
2026.05.10 19:43:44 INFO  Progress (1): 0/1.5 MB
2026.05.10 19:43:44 INFO  Progress (1): 0/1.5 MB
2026.05.10 19:43:44 INFO  Progress (1): 0.1/1.5 MB
2026.05.10 19:43:44 INFO  Progress (1): 0.1/1.5 MB
2026.05.10 19:43:44 INFO  Progress (1): 0.1/1.5 MB
2026.05.10 19:43:44 INFO  Progress (1): 0.1/1.5 MB
2026.05.10 19:43:44 INFO  Progress (1): 0.1/1.5 MB
2026.05.10 19:43:44 INFO  Progress (1): 0.1/1.5 MB
2026.05.10 19:43:44 INFO  Progress (1): 0.2/1.5 MB
2026.05.10 19:43:44 INFO  Progress (1): 0.2/1.5 MB
2026.05.10 19:43:44 INFO  Progress (1): 0.2/1.5 MB
2026.05.10 19:43:44 INFO  Progress (1): 0.2/1.5 MB
2026.05.10 19:43:44 INFO  Progress (1): 0.2/1.5 MB
2026.05.10 19:43:44 INFO  Progress (1): 0.2/1.5 MB
2026.05.10 19:43:44 INFO  Progress (1): 0.3/1.5 MB
2026.05.10 19:43:44 INFO  Progress (1): 0.3/1.5 MB
2026.05.10 19:43:44 INFO  Progress (1): 0.3/1.5 MB
2026.05.10 19:43:44 INFO  Progress (1): 0.3/1.5 MB
2026.05.10 19:43:44 INFO  Progress (1): 0.3/1.5 MB
2026.05.10 19:43:44 INFO  Progress (1): 0.3/1.5 MB
2026.05.10 19:43:44 INFO  Progress (1): 0.4/1.5 MB
2026.05.10 19:43:44 INFO  Progress (1): 0.4/1.5 MB
2026.05.10 19:43:44 INFO  Progress (1): 0.4/1.5 MB
2026.05.10 19:43:44 INFO  Progress (1): 0.4/1.5 MB
2026.05.10 19:43:44 INFO  Progress (1): 0.4/1.5 MB
2026.05.10 19:43:44 INFO  Progress (1): 0.4/1.5 MB
2026.05.10 19:43:44 INFO  Progress (1): 0.5/1.5 MB
2026.05.10 19:43:44 INFO  Progress (1): 0.5/1.5 MB
2026.05.10 19:43:44 INFO  Progress (1): 0.5/1.5 MB
2026.05.10 19:43:44 INFO  Progress (1): 0.5/1.5 MB
2026.05.10 19:43:44 INFO  Progress (1): 0.5/1.5 MB
2026.05.10 19:43:44 INFO  Progress (1): 0.5/1.5 MB
2026.05.10 19:43:44 INFO  Progress (1): 0.6/1.5 MB
2026.05.10 19:43:44 INFO  Progress (1): 0.6/1.5 MB
2026.05.10 19:43:44 INFO  Progress (1): 0.6/1.5 MB
2026.05.10 19:43:44 INFO  Progress (1): 0.6/1.5 MB
2026.05.10 19:43:44 INFO  Progress (1): 0.6/1.5 MB
2026.05.10 19:43:44 INFO  Progress (1): 0.6/1.5 MB
2026.05.10 19:43:44 INFO  Progress (1): 0.7/1.5 MB
2026.05.10 19:43:44 INFO  Progress (1): 0.7/1.5 MB
2026.05.10 19:43:44 INFO  Progress (1): 0.7/1.5 MB
2026.05.10 19:43:44 INFO  Progress (1): 0.7/1.5 MB
2026.05.10 19:43:44 INFO  Progress (1): 0.7/1.5 MB
2026.05.10 19:43:44 INFO  Progress (1): 0.7/1.5 MB
2026.05.10 19:43:44 INFO  Progress (1): 0.7/1.5 MB
2026.05.10 19:43:44 INFO  Progress (1): 0.8/1.5 MB
2026.05.10 19:43:44 INFO  Progress (1): 0.8/1.5 MB
2026.05.10 19:43:44 INFO  Progress (1): 0.8/1.5 MB
2026.05.10 19:43:44 INFO  Progress (1): 0.8/1.5 MB
2026.05.10 19:43:44 INFO  Progress (1): 0.8/1.5 MB
2026.05.10 19:43:44 INFO  Progress (1): 0.8/1.5 MB
2026.05.10 19:43:44 INFO  Progress (1): 0.9/1.5 MB
2026.05.10 19:43:44 INFO  Progress (1): 0.9/1.5 MB
2026.05.10 19:43:44 INFO  Progress (1): 0.9/1.5 MB
2026.05.10 19:43:44 INFO  Progress (1): 0.9/1.5 MB
2026.05.10 19:43:44 INFO  Progress (1): 0.9/1.5 MB
2026.05.10 19:43:44 INFO  Progress (1): 0.9/1.5 MB
2026.05.10 19:43:44 INFO  Progress (1): 1.0/1.5 MB
2026.05.10 19:43:44 INFO  Progress (1): 1.0/1.5 MB
2026.05.10 19:43:44 INFO  Progress (1): 1.0/1.5 MB
2026.05.10 19:43:44 INFO  Progress (1): 1.0/1.5 MB
2026.05.10 19:43:44 INFO  Progress (1): 1.0/1.5 MB
2026.05.10 19:43:44 INFO  Progress (1): 1.0/1.5 MB
2026.05.10 19:43:44 INFO  Progress (1): 1.1/1.5 MB
2026.05.10 19:43:44 INFO  Progress (1): 1.1/1.5 MB
2026.05.10 19:43:44 INFO  Progress (1): 1.1/1.5 MB
2026.05.10 19:43:44 INFO  Progress (1): 1.1/1.5 MB
2026.05.10 19:43:44 INFO  Progress (1): 1.1/1.5 MB
2026.05.10 19:43:44 INFO  Progress (1): 1.1/1.5 MB
2026.05.10 19:43:44 INFO  Progress (1): 1.2/1.5 MB
2026.05.10 19:43:44 INFO  Progress (1): 1.2/1.5 MB
2026.05.10 19:43:44 INFO  Progress (1): 1.2/1.5 MB
2026.05.10 19:43:44 INFO  Progress (1): 1.2/1.5 MB
2026.05.10 19:43:44 INFO  Progress (1): 1.2/1.5 MB
2026.05.10 19:43:44 INFO  Progress (1): 1.2/1.5 MB
2026.05.10 19:43:44 INFO  Progress (1): 1.3/1.5 MB
2026.05.10 19:43:44 INFO  Progress (1): 1.3/1.5 MB
2026.05.10 19:43:44 INFO  Progress (1): 1.3/1.5 MB
2026.05.10 19:43:44 INFO  Progress (1): 1.3/1.5 MB
2026.05.10 19:43:44 INFO  Progress (1): 1.3/1.5 MB
2026.05.10 19:43:44 INFO  Progress (1): 1.3/1.5 MB
2026.05.10 19:43:44 INFO  Progress (1): 1.4/1.5 MB
2026.05.10 19:43:44 INFO  Progress (1): 1.4/1.5 MB
2026.05.10 19:43:44 INFO  Progress (1): 1.4/1.5 MB
2026.05.10 19:43:44 INFO  Progress (1): 1.4/1.5 MB
2026.05.10 19:43:44 INFO  Progress (1): 1.4/1.5 MB
2026.05.10 19:43:44 INFO  Progress (1): 1.4/1.5 MB
2026.05.10 19:43:44 INFO  Progress (1): 1.5/1.5 MB
2026.05.10 19:43:44 INFO  Progress (1): 1.5/1.5 MB
2026.05.10 19:43:44 INFO  Progress (1): 1.5/1.5 MB
2026.05.10 19:43:44 INFO  Progress (1): 1.5 MB    
2026.05.10 19:43:44 INFO                      
2026.05.10 19:43:44 INFO  Downloaded from central: https://repo.maven.apache.org/maven2/org/springframework/spring-core/7.0.7/spring-core-7.0.7-sources.jar (1.5 MB at 3.1 MB/s)
2026.05.10 19:43:44 INFO  [INFO] SUCCESS: org.springframework:spring-core:jar:7.0.7:compile (sources = true)
2026.05.10 19:43:44 INFO  [INFO] Resolving artifact: org.apache.tomcat.embed:tomcat-embed-websocket:jar:11.0.21:compile (sources = false)
2026.05.10 19:43:44 INFO  [INFO] SUCCESS: org.apache.tomcat.embed:tomcat-embed-websocket:jar:11.0.21:compile (sources = false)
2026.05.10 19:43:44 INFO  [INFO] Resolving artifact: org.apache.tomcat.embed:tomcat-embed-websocket:jar:11.0.21:compile (sources = true)
2026.05.10 19:43:44 INFO  Downloading from central: https://repo.maven.apache.org/maven2/org/apache/tomcat/embed/tomcat-embed-websocket/11.0.21/tomcat-embed-websocket-11.0.21-sources.jar
2026.05.10 19:43:44 INFO  Progress (1): 7.7/250 kB
2026.05.10 19:43:44 INFO  Progress (1): 16/250 kB 
2026.05.10 19:43:44 INFO  Progress (1): 32/250 kB
2026.05.10 19:43:44 INFO  Progress (1): 49/250 kB
2026.05.10 19:43:44 INFO  Progress (1): 61/250 kB
2026.05.10 19:43:44 INFO  Progress (1): 77/250 kB
2026.05.10 19:43:44 INFO  Progress (1): 93/250 kB
2026.05.10 19:43:44 INFO  Progress (1): 110/250 kB
2026.05.10 19:43:44 INFO  Progress (1): 126/250 kB
2026.05.10 19:43:44 INFO  Progress (1): 142/250 kB
2026.05.10 19:43:44 INFO  Progress (1): 159/250 kB
2026.05.10 19:43:44 INFO  Progress (1): 175/250 kB
2026.05.10 19:43:44 INFO  Progress (1): 192/250 kB
2026.05.10 19:43:44 INFO  Progress (1): 208/250 kB
2026.05.10 19:43:44 INFO  Progress (1): 224/250 kB
2026.05.10 19:43:44 INFO  Progress (1): 241/250 kB
2026.05.10 19:43:44 INFO  Progress (1): 250 kB    
2026.05.10 19:43:44 INFO                      
2026.05.10 19:43:44 INFO  Downloaded from central: https://repo.maven.apache.org/maven2/org/apache/tomcat/embed/tomcat-embed-websocket/11.0.21/tomcat-embed-websocket-11.0.21-sources.jar (250 kB at 1.4 MB/s)
2026.05.10 19:43:44 INFO  [INFO] SUCCESS: org.apache.tomcat.embed:tomcat-embed-websocket:jar:11.0.21:compile (sources = true)
2026.05.10 19:43:44 INFO  [INFO] Resolving artifact: org.mockito:mockito-core:jar:5.20.0:test (sources = false)
2026.05.10 19:43:44 INFO  [INFO] SUCCESS: org.mockito:mockito-core:jar:5.20.0:test (sources = false)
2026.05.10 19:43:44 INFO  [INFO] Resolving artifact: org.mockito:mockito-core:jar:5.20.0:test (sources = true)
2026.05.10 19:43:44 INFO  Downloading from central: https://repo.maven.apache.org/maven2/org/mockito/mockito-core/5.20.0/mockito-core-5.20.0-sources.jar
2026.05.10 19:43:44 INFO  Progress (1): 7.7/543 kB
2026.05.10 19:43:44 INFO  Progress (1): 11/543 kB 
2026.05.10 19:43:44 INFO  Progress (1): 28/543 kB
2026.05.10 19:43:44 INFO  Progress (1): 44/543 kB
2026.05.10 19:43:44 INFO  Progress (1): 61/543 kB
2026.05.10 19:43:44 INFO  Progress (1): 77/543 kB
2026.05.10 19:43:44 INFO  Progress (1): 93/543 kB
2026.05.10 19:43:44 INFO  Progress (1): 97/543 kB
2026.05.10 19:43:44 INFO  Progress (1): 113/543 kB
2026.05.10 19:43:44 INFO  Progress (1): 130/543 kB
2026.05.10 19:43:44 INFO  Progress (1): 146/543 kB
2026.05.10 19:43:44 INFO  Progress (1): 163/543 kB
2026.05.10 19:43:44 INFO  Progress (1): 179/543 kB
2026.05.10 19:43:44 INFO  Progress (1): 195/543 kB
2026.05.10 19:43:44 INFO  Progress (1): 212/543 kB
2026.05.10 19:43:44 INFO  Progress (1): 228/543 kB
2026.05.10 19:43:44 INFO  Progress (1): 245/543 kB
2026.05.10 19:43:44 INFO  Progress (1): 261/543 kB
2026.05.10 19:43:44 INFO  Progress (1): 277/543 kB
2026.05.10 19:43:44 INFO  Progress (1): 294/543 kB
2026.05.10 19:43:44 INFO  Progress (1): 310/543 kB
2026.05.10 19:43:44 INFO  Progress (1): 326/543 kB
2026.05.10 19:43:44 INFO  Progress (1): 343/543 kB
2026.05.10 19:43:44 INFO  Progress (1): 359/543 kB
2026.05.10 19:43:44 INFO  Progress (1): 376/543 kB
2026.05.10 19:43:44 INFO  Progress (1): 392/543 kB
2026.05.10 19:43:44 INFO  Progress (1): 408/543 kB
2026.05.10 19:43:44 INFO  Progress (1): 425/543 kB
2026.05.10 19:43:44 INFO  Progress (1): 441/543 kB
2026.05.10 19:43:44 INFO  Progress (1): 458/543 kB
2026.05.10 19:43:45 INFO  Progress (1): 474/543 kB
2026.05.10 19:43:45 INFO  Progress (1): 490/543 kB
2026.05.10 19:43:45 INFO  Progress (1): 507/543 kB
2026.05.10 19:43:45 INFO  Progress (1): 523/543 kB
2026.05.10 19:43:45 INFO  Progress (1): 539/543 kB
2026.05.10 19:43:45 INFO  Progress (1): 543 kB    
2026.05.10 19:43:45 INFO                      
2026.05.10 19:43:45 INFO  Downloaded from central: https://repo.maven.apache.org/maven2/org/mockito/mockito-core/5.20.0/mockito-core-5.20.0-sources.jar (543 kB at 2.2 MB/s)
2026.05.10 19:43:45 INFO  [INFO] SUCCESS: org.mockito:mockito-core:jar:5.20.0:test (sources = true)
2026.05.10 19:43:45 INFO  [INFO] Resolving artifact: tools.jackson.core:jackson-core:jar:3.1.2:compile (sources = false)
2026.05.10 19:43:45 INFO  [INFO] SUCCESS: tools.jackson.core:jackson-core:jar:3.1.2:compile (sources = false)
2026.05.10 19:43:45 INFO  [INFO] Resolving artifact: tools.jackson.core:jackson-core:jar:3.1.2:compile (sources = true)
2026.05.10 19:43:45 INFO  Downloading from central: https://repo.maven.apache.org/maven2/tools/jackson/core/jackson-core/3.1.2/jackson-core-3.1.2-sources.jar
2026.05.10 19:43:45 INFO  Progress (1): 3.2/486 kB
2026.05.10 19:43:45 INFO  Progress (1): 20/486 kB 
2026.05.10 19:43:45 INFO  Progress (1): 36/486 kB
2026.05.10 19:43:45 INFO  Progress (1): 52/486 kB
2026.05.10 19:43:45 INFO  Progress (1): 69/486 kB
2026.05.10 19:43:45 INFO  Progress (1): 85/486 kB
2026.05.10 19:43:45 INFO  Progress (1): 102/486 kB
2026.05.10 19:43:45 INFO  Progress (1): 118/486 kB
2026.05.10 19:43:45 INFO  Progress (1): 126/486 kB
2026.05.10 19:43:45 INFO  Progress (1): 142/486 kB
2026.05.10 19:43:45 INFO  Progress (1): 159/486 kB
2026.05.10 19:43:45 INFO  Progress (1): 175/486 kB
2026.05.10 19:43:45 INFO  Progress (1): 192/486 kB
2026.05.10 19:43:45 INFO  Progress (1): 208/486 kB
2026.05.10 19:43:45 INFO  Progress (1): 224/486 kB
2026.05.10 19:43:45 INFO  Progress (1): 241/486 kB
2026.05.10 19:43:45 INFO  Progress (1): 257/486 kB
2026.05.10 19:43:45 INFO  Progress (1): 274/486 kB
2026.05.10 19:43:45 INFO  Progress (1): 290/486 kB
2026.05.10 19:43:45 INFO  Progress (1): 306/486 kB
2026.05.10 19:43:45 INFO  Progress (1): 323/486 kB
2026.05.10 19:43:45 INFO  Progress (1): 339/486 kB
2026.05.10 19:43:45 INFO  Progress (1): 355/486 kB
2026.05.10 19:43:45 INFO  Progress (1): 372/486 kB
2026.05.10 19:43:45 INFO  Progress (1): 388/486 kB
2026.05.10 19:43:45 INFO  Progress (1): 405/486 kB
2026.05.10 19:43:45 INFO  Progress (1): 421/486 kB
2026.05.10 19:43:45 INFO  Progress (1): 437/486 kB
2026.05.10 19:43:45 INFO  Progress (1): 454/486 kB
2026.05.10 19:43:45 INFO  Progress (1): 470/486 kB
2026.05.10 19:43:45 INFO  Progress (1): 486 kB    
2026.05.10 19:43:45 INFO                      
2026.05.10 19:43:45 INFO  Downloaded from central: https://repo.maven.apache.org/maven2/tools/jackson/core/jackson-core/3.1.2/jackson-core-3.1.2-sources.jar (486 kB at 2.5 MB/s)
2026.05.10 19:43:45 INFO  [INFO] SUCCESS: tools.jackson.core:jackson-core:jar:3.1.2:compile (sources = true)
2026.05.10 19:43:45 INFO  [INFO] Resolving artifact: org.springframework:spring-webmvc:jar:7.0.7:compile (sources = false)
2026.05.10 19:43:45 INFO  [INFO] SUCCESS: org.springframework:spring-webmvc:jar:7.0.7:compile (sources = false)
2026.05.10 19:43:45 INFO  [INFO] Resolving artifact: org.springframework:spring-webmvc:jar:7.0.7:compile (sources = true)
2026.05.10 19:43:45 INFO  Downloading from central: https://repo.maven.apache.org/maven2/org/springframework/spring-webmvc/7.0.7/spring-webmvc-7.0.7-sources.jar
2026.05.10 19:43:45 INFO  Progress (1): 7.7/857 kB
2026.05.10 19:43:45 INFO  Progress (1): 12/857 kB 
2026.05.10 19:43:45 INFO  Progress (1): 29/857 kB
2026.05.10 19:43:45 INFO  Progress (1): 45/857 kB
2026.05.10 19:43:45 INFO  Progress (1): 61/857 kB
2026.05.10 19:43:45 INFO  Progress (1): 78/857 kB
2026.05.10 19:43:45 INFO  Progress (1): 94/857 kB
2026.05.10 19:43:45 INFO  Progress (1): 111/857 kB
2026.05.10 19:43:45 INFO  Progress (1): 127/857 kB
2026.05.10 19:43:45 INFO  Progress (1): 143/857 kB
2026.05.10 19:43:45 INFO  Progress (1): 160/857 kB
2026.05.10 19:43:45 INFO  Progress (1): 176/857 kB
2026.05.10 19:43:45 INFO  Progress (1): 193/857 kB
2026.05.10 19:43:45 INFO  Progress (1): 209/857 kB
2026.05.10 19:43:45 INFO  Progress (1): 225/857 kB
2026.05.10 19:43:45 INFO  Progress (1): 242/857 kB
2026.05.10 19:43:45 INFO  Progress (1): 258/857 kB
2026.05.10 19:43:45 INFO  Progress (1): 274/857 kB
2026.05.10 19:43:45 INFO  Progress (1): 291/857 kB
2026.05.10 19:43:45 INFO  Progress (1): 307/857 kB
2026.05.10 19:43:45 INFO  Progress (1): 324/857 kB
2026.05.10 19:43:45 INFO  Progress (1): 340/857 kB
2026.05.10 19:43:45 INFO  Progress (1): 356/857 kB
2026.05.10 19:43:45 INFO  Progress (1): 373/857 kB
2026.05.10 19:43:45 INFO  Progress (1): 389/857 kB
2026.05.10 19:43:45 INFO  Progress (1): 406/857 kB
2026.05.10 19:43:45 INFO  Progress (1): 422/857 kB
2026.05.10 19:43:45 INFO  Progress (1): 438/857 kB
2026.05.10 19:43:45 INFO  Progress (1): 455/857 kB
2026.05.10 19:43:45 INFO  Progress (1): 471/857 kB
2026.05.10 19:43:45 INFO  Progress (1): 487/857 kB
2026.05.10 19:43:45 INFO  Progress (1): 504/857 kB
2026.05.10 19:43:45 INFO  Progress (1): 520/857 kB
2026.05.10 19:43:45 INFO  Progress (1): 537/857 kB
2026.05.10 19:43:45 INFO  Progress (1): 553/857 kB
2026.05.10 19:43:45 INFO  Progress (1): 569/857 kB
2026.05.10 19:43:45 INFO  Progress (1): 586/857 kB
2026.05.10 19:43:45 INFO  Progress (1): 602/857 kB
2026.05.10 19:43:45 INFO  Progress (1): 618/857 kB
2026.05.10 19:43:45 INFO  Progress (1): 635/857 kB
2026.05.10 19:43:45 INFO  Progress (1): 651/857 kB
2026.05.10 19:43:45 INFO  Progress (1): 668/857 kB
2026.05.10 19:43:45 INFO  Progress (1): 684/857 kB
2026.05.10 19:43:45 INFO  Progress (1): 700/857 kB
2026.05.10 19:43:45 INFO  Progress (1): 717/857 kB
2026.05.10 19:43:45 INFO  Progress (1): 733/857 kB
2026.05.10 19:43:45 INFO  Progress (1): 750/857 kB
2026.05.10 19:43:45 INFO  Progress (1): 766/857 kB
2026.05.10 19:43:45 INFO  Progress (1): 782/857 kB
2026.05.10 19:43:45 INFO  Progress (1): 799/857 kB
2026.05.10 19:43:45 INFO  Progress (1): 815/857 kB
2026.05.10 19:43:45 INFO  Progress (1): 831/857 kB
2026.05.10 19:43:45 INFO  Progress (1): 848/857 kB
2026.05.10 19:43:45 INFO  Progress (1): 857 kB    
2026.05.10 19:43:45 INFO                      
2026.05.10 19:43:45 INFO  Downloaded from central: https://repo.maven.apache.org/maven2/org/springframework/spring-webmvc/7.0.7/spring-webmvc-7.0.7-sources.jar (857 kB at 3.1 MB/s)
2026.05.10 19:43:45 INFO  [INFO] SUCCESS: org.springframework:spring-webmvc:jar:7.0.7:compile (sources = true)
2026.05.10 19:43:45 INFO  [INFO] Resolving artifact: org.springframework.boot:spring-boot-devtools:jar:4.0.6:runtime (sources = false)
2026.05.10 19:43:45 INFO  [INFO] SUCCESS: org.springframework.boot:spring-boot-devtools:jar:4.0.6:runtime (sources = false)
2026.05.10 19:43:45 INFO  [INFO] Resolving artifact: org.springframework.boot:spring-boot-devtools:jar:4.0.6:runtime (sources = true)
2026.05.10 19:43:45 INFO  Downloading from central: https://repo.maven.apache.org/maven2/org/springframework/boot/spring-boot-devtools/4.0.6/spring-boot-devtools-4.0.6-sources.jar
2026.05.10 19:43:45 INFO  Progress (1): 7.7/142 kB
2026.05.10 19:43:45 INFO  Progress (1): 16/142 kB 
2026.05.10 19:43:45 INFO  Progress (1): 25/142 kB
2026.05.10 19:43:45 INFO  Progress (1): 41/142 kB
2026.05.10 19:43:45 INFO  Progress (1): 57/142 kB
2026.05.10 19:43:45 INFO  Progress (1): 74/142 kB
2026.05.10 19:43:45 INFO  Progress (1): 90/142 kB
2026.05.10 19:43:45 INFO  Progress (1): 106/142 kB
2026.05.10 19:43:45 INFO  Progress (1): 123/142 kB
2026.05.10 19:43:45 INFO  Progress (1): 139/142 kB
2026.05.10 19:43:45 INFO  Progress (1): 142 kB    
2026.05.10 19:43:45 INFO                      
2026.05.10 19:43:45 INFO  Downloaded from central: https://repo.maven.apache.org/maven2/org/springframework/boot/spring-boot-devtools/4.0.6/spring-boot-devtools-4.0.6-sources.jar (142 kB at 1.3 MB/s)
2026.05.10 19:43:45 INFO  [INFO] SUCCESS: org.springframework.boot:spring-boot-devtools:jar:4.0.6:runtime (sources = true)
2026.05.10 19:43:45 INFO  [INFO] Resolving artifact: org.objenesis:objenesis:jar:3.3:test (sources = false)
2026.05.10 19:43:45 INFO  [INFO] SUCCESS: org.objenesis:objenesis:jar:3.3:test (sources = false)
2026.05.10 19:43:45 INFO  [INFO] Resolving artifact: org.objenesis:objenesis:jar:3.3:test (sources = true)
2026.05.10 19:43:45 INFO  [INFO] SUCCESS: org.objenesis:objenesis:jar:3.3:test (sources = true)
2026.05.10 19:43:45 INFO  [INFO] Resolving artifact: org.springframework.boot:spring-boot-starter-logging:jar:4.0.6:compile (sources = false)
2026.05.10 19:43:45 INFO  [INFO] SUCCESS: org.springframework.boot:spring-boot-starter-logging:jar:4.0.6:compile (sources = false)
2026.05.10 19:43:45 INFO  [INFO] Resolving artifact: org.springframework.boot:spring-boot-starter-logging:jar:4.0.6:compile (sources = true)
2026.05.10 19:43:45 INFO  Downloading from central: https://repo.maven.apache.org/maven2/org/springframework/boot/spring-boot-starter-logging/4.0.6/spring-boot-starter-logging-4.0.6-sources.jar
2026.05.10 19:43:45 INFO  Progress (1): 3.2/4.7 kB
2026.05.10 19:43:45 INFO  Progress (1): 4.7 kB    
2026.05.10 19:43:45 INFO                      
2026.05.10 19:43:45 INFO  Downloaded from central: https://repo.maven.apache.org/maven2/org/springframework/boot/spring-boot-starter-logging/4.0.6/spring-boot-starter-logging-4.0.6-sources.jar (4.7 kB at 44 kB/s)
2026.05.10 19:43:45 INFO  [INFO] SUCCESS: org.springframework.boot:spring-boot-starter-logging:jar:4.0.6:compile (sources = true)
2026.05.10 19:43:45 INFO  [INFO] Resolving artifact: org.slf4j:slf4j-api:jar:2.0.17:compile (sources = false)
2026.05.10 19:43:45 INFO  [INFO] SUCCESS: org.slf4j:slf4j-api:jar:2.0.17:compile (sources = false)
2026.05.10 19:43:45 INFO  [INFO] Resolving artifact: org.slf4j:slf4j-api:jar:2.0.17:compile (sources = true)
2026.05.10 19:43:45 INFO  [INFO] SUCCESS: org.slf4j:slf4j-api:jar:2.0.17:compile (sources = true)
2026.05.10 19:43:45 INFO  [INFO] Resolving artifact: org.jspecify:jspecify:jar:1.0.0:compile (sources = false)
2026.05.10 19:43:45 INFO  [INFO] SUCCESS: org.jspecify:jspecify:jar:1.0.0:compile (sources = false)
2026.05.10 19:43:45 INFO  [INFO] Resolving artifact: org.jspecify:jspecify:jar:1.0.0:compile (sources = true)
2026.05.10 19:43:45 INFO  Downloading from central: https://repo.maven.apache.org/maven2/org/jspecify/jspecify/1.0.0/jspecify-1.0.0-sources.jar
2026.05.10 19:43:45 INFO  Progress (1): 7.7/12 kB
2026.05.10 19:43:45 INFO  Progress (1): 11/12 kB 
2026.05.10 19:43:45 INFO  Progress (1): 12 kB   
2026.05.10 19:43:45 INFO                     
2026.05.10 19:43:45 INFO  Downloaded from central: https://repo.maven.apache.org/maven2/org/jspecify/jspecify/1.0.0/jspecify-1.0.0-sources.jar (12 kB at 125 kB/s)
2026.05.10 19:43:45 INFO  [INFO] SUCCESS: org.jspecify:jspecify:jar:1.0.0:compile (sources = true)
2026.05.10 19:43:45 INFO  [INFO] Resolving artifact: com.fasterxml.jackson.core:jackson-annotations:jar:2.21:compile (sources = false)
2026.05.10 19:43:45 INFO  [INFO] SUCCESS: com.fasterxml.jackson.core:jackson-annotations:jar:2.21:compile (sources = false)
2026.05.10 19:43:45 INFO  [INFO] Resolving artifact: com.fasterxml.jackson.core:jackson-annotations:jar:2.21:compile (sources = true)
2026.05.10 19:43:45 INFO  [INFO] SUCCESS: com.fasterxml.jackson.core:jackson-annotations:jar:2.21:compile (sources = true)
2026.05.10 19:43:45 INFO  [INFO] Resolving artifact: org.springframework.boot:spring-boot-starter-test:jar:4.0.6:test (sources = false)
2026.05.10 19:43:45 INFO  [INFO] SUCCESS: org.springframework.boot:spring-boot-starter-test:jar:4.0.6:test (sources = false)
2026.05.10 19:43:45 INFO  [INFO] Resolving artifact: org.springframework.boot:spring-boot-starter-test:jar:4.0.6:test (sources = true)
2026.05.10 19:43:45 INFO  Downloading from central: https://repo.maven.apache.org/maven2/org/springframework/boot/spring-boot-starter-test/4.0.6/spring-boot-starter-test-4.0.6-sources.jar
2026.05.10 19:43:45 INFO  Progress (1): 4.8 kB
2026.05.10 19:43:46 INFO                      
2026.05.10 19:43:46 INFO  Downloaded from central: https://repo.maven.apache.org/maven2/org/springframework/boot/spring-boot-starter-test/4.0.6/spring-boot-starter-test-4.0.6-sources.jar (4.8 kB at 54 kB/s)
2026.05.10 19:43:46 INFO  [INFO] SUCCESS: org.springframework.boot:spring-boot-starter-test:jar:4.0.6:test (sources = true)
2026.05.10 19:43:46 INFO  [INFO] Resolving artifact: ch.qos.logback:logback-core:jar:1.5.32:compile (sources = false)
2026.05.10 19:43:46 INFO  [INFO] SUCCESS: ch.qos.logback:logback-core:jar:1.5.32:compile (sources = false)
2026.05.10 19:43:46 INFO  [INFO] Resolving artifact: ch.qos.logback:logback-core:jar:1.5.32:compile (sources = true)
2026.05.10 19:43:46 INFO  [INFO] SUCCESS: ch.qos.logback:logback-core:jar:1.5.32:compile (sources = true)
2026.05.10 19:43:46 INFO  [INFO] Resolving artifact: io.micrometer:micrometer-observation:jar:1.16.5:compile (sources = false)
2026.05.10 19:43:46 INFO  [INFO] SUCCESS: io.micrometer:micrometer-observation:jar:1.16.5:compile (sources = false)
2026.05.10 19:43:46 INFO  [INFO] Resolving artifact: io.micrometer:micrometer-observation:jar:1.16.5:compile (sources = true)
2026.05.10 19:43:46 INFO  Downloading from central: https://repo.maven.apache.org/maven2/io/micrometer/micrometer-observation/1.16.5/micrometer-observation-1.16.5-sources.jar
2026.05.10 19:43:46 INFO  Progress (1): 7.7/59 kB
2026.05.10 19:43:46 INFO  Progress (1): 16/59 kB 
2026.05.10 19:43:46 INFO  Progress (1): 25/59 kB
2026.05.10 19:43:46 INFO  Progress (1): 41/59 kB
2026.05.10 19:43:46 INFO  Progress (1): 57/59 kB
2026.05.10 19:43:46 INFO  Progress (1): 59 kB   
2026.05.10 19:43:46 INFO                     
2026.05.10 19:43:46 INFO  Downloaded from central: https://repo.maven.apache.org/maven2/io/micrometer/micrometer-observation/1.16.5/micrometer-observation-1.16.5-sources.jar (59 kB at 606 kB/s)
2026.05.10 19:43:46 INFO  [INFO] SUCCESS: io.micrometer:micrometer-observation:jar:1.16.5:compile (sources = true)
2026.05.10 19:43:46 INFO  [INFO] Resolving artifact: org.apache.logging.log4j:log4j-to-slf4j:jar:2.25.4:compile (sources = false)
2026.05.10 19:43:46 INFO  [INFO] SUCCESS: org.apache.logging.log4j:log4j-to-slf4j:jar:2.25.4:compile (sources = false)
2026.05.10 19:43:46 INFO  [INFO] Resolving artifact: org.apache.logging.log4j:log4j-to-slf4j:jar:2.25.4:compile (sources = true)
2026.05.10 19:43:46 INFO  Downloading from central: https://repo.maven.apache.org/maven2/org/apache/logging/log4j/log4j-to-slf4j/2.25.4/log4j-to-slf4j-2.25.4-sources.jar
2026.05.10 19:43:46 INFO  Progress (1): 7.7/19 kB
2026.05.10 19:43:46 INFO  Progress (1): 16/19 kB 
2026.05.10 19:43:46 INFO  Progress (1): 19 kB   
2026.05.10 19:43:46 INFO                     
2026.05.10 19:43:46 INFO  Downloaded from central: https://repo.maven.apache.org/maven2/org/apache/logging/log4j/log4j-to-slf4j/2.25.4/log4j-to-slf4j-2.25.4-sources.jar (19 kB at 213 kB/s)
2026.05.10 19:43:46 INFO  [INFO] SUCCESS: org.apache.logging.log4j:log4j-to-slf4j:jar:2.25.4:compile (sources = true)
2026.05.10 19:43:46 INFO  [INFO] Resolving artifact: org.springframework.boot:spring-boot-jackson:jar:4.0.6:compile (sources = false)
2026.05.10 19:43:46 INFO  [INFO] SUCCESS: org.springframework.boot:spring-boot-jackson:jar:4.0.6:compile (sources = false)
2026.05.10 19:43:46 INFO  [INFO] Resolving artifact: org.springframework.boot:spring-boot-jackson:jar:4.0.6:compile (sources = true)
2026.05.10 19:43:46 INFO  Downloading from central: https://repo.maven.apache.org/maven2/org/springframework/boot/spring-boot-jackson/4.0.6/spring-boot-jackson-4.0.6-sources.jar
2026.05.10 19:43:46 INFO  Progress (1): 7.7/35 kB
2026.05.10 19:43:46 INFO  Progress (1): 15/35 kB 
2026.05.10 19:43:46 INFO  Progress (1): 32/35 kB
2026.05.10 19:43:46 INFO  Progress (1): 35 kB   
2026.05.10 19:43:46 INFO                     
2026.05.10 19:43:46 INFO  Downloaded from central: https://repo.maven.apache.org/maven2/org/springframework/boot/spring-boot-jackson/4.0.6/spring-boot-jackson-4.0.6-sources.jar (35 kB at 366 kB/s)
2026.05.10 19:43:46 INFO  [INFO] SUCCESS: org.springframework.boot:spring-boot-jackson:jar:4.0.6:compile (sources = true)
2026.05.10 19:43:46 INFO  [INFO] Resolving artifact: org.mockito:mockito-junit-jupiter:jar:5.20.0:test (sources = false)
2026.05.10 19:43:46 INFO  [INFO] SUCCESS: org.mockito:mockito-junit-jupiter:jar:5.20.0:test (sources = false)
2026.05.10 19:43:46 INFO  [INFO] Resolving artifact: org.mockito:mockito-junit-jupiter:jar:5.20.0:test (sources = true)
2026.05.10 19:43:46 INFO  Downloading from central: https://repo.maven.apache.org/maven2/org/mockito/mockito-junit-jupiter/5.20.0/mockito-junit-jupiter-5.20.0-sources.jar
2026.05.10 19:43:46 INFO  Progress (1): 6.7 kB
2026.05.10 19:43:46 INFO                      
2026.05.10 19:43:46 INFO  Downloaded from central: https://repo.maven.apache.org/maven2/org/mockito/mockito-junit-jupiter/5.20.0/mockito-junit-jupiter-5.20.0-sources.jar (6.7 kB at 55 kB/s)
2026.05.10 19:43:46 INFO  [INFO] SUCCESS: org.mockito:mockito-junit-jupiter:jar:5.20.0:test (sources = true)
2026.05.10 19:43:46 INFO  [INFO] Resolving artifact: org.assertj:assertj-core:jar:3.27.7:test (sources = false)
2026.05.10 19:43:46 INFO  [INFO] SUCCESS: org.assertj:assertj-core:jar:3.27.7:test (sources = false)
2026.05.10 19:43:46 INFO  [INFO] Resolving artifact: org.assertj:assertj-core:jar:3.27.7:test (sources = true)
2026.05.10 19:43:46 INFO  [INFO] SUCCESS: org.assertj:assertj-core:jar:3.27.7:test (sources = true)
2026.05.10 19:43:46 INFO  [INFO] Resolving artifact: org.ow2.asm:asm:jar:9.7.1:test (sources = false)
2026.05.10 19:43:46 INFO  [INFO] SUCCESS: org.ow2.asm:asm:jar:9.7.1:test (sources = false)
2026.05.10 19:43:46 INFO  [INFO] Resolving artifact: org.ow2.asm:asm:jar:9.7.1:test (sources = true)
2026.05.10 19:43:46 INFO  [INFO] SUCCESS: org.ow2.asm:asm:jar:9.7.1:test (sources = true)
2026.05.10 19:43:46 INFO  [INFO] Resolving artifact: org.springframework:spring-test:jar:7.0.7:test (sources = false)
2026.05.10 19:43:46 INFO  [INFO] SUCCESS: org.springframework:spring-test:jar:7.0.7:test (sources = false)
2026.05.10 19:43:46 INFO  [INFO] Resolving artifact: org.springframework:spring-test:jar:7.0.7:test (sources = true)
2026.05.10 19:43:46 INFO  Downloading from central: https://repo.maven.apache.org/maven2/org/springframework/spring-test/7.0.7/spring-test-7.0.7-sources.jar
2026.05.10 19:43:46 INFO  Progress (1): 7.3/877 kB
2026.05.10 19:43:46 INFO  Progress (1): 24/877 kB 
2026.05.10 19:43:46 INFO  Progress (1): 32/877 kB
2026.05.10 19:43:46 INFO  Progress (1): 48/877 kB
2026.05.10 19:43:46 INFO  Progress (1): 65/877 kB
2026.05.10 19:43:46 INFO  Progress (1): 81/877 kB
2026.05.10 19:43:46 INFO  Progress (1): 97/877 kB
2026.05.10 19:43:46 INFO  Progress (1): 114/877 kB
2026.05.10 19:43:46 INFO  Progress (1): 130/877 kB
2026.05.10 19:43:46 INFO  Progress (1): 147/877 kB
2026.05.10 19:43:46 INFO  Progress (1): 163/877 kB
2026.05.10 19:43:46 INFO  Progress (1): 179/877 kB
2026.05.10 19:43:46 INFO  Progress (1): 196/877 kB
2026.05.10 19:43:46 INFO  Progress (1): 212/877 kB
2026.05.10 19:43:46 INFO  Progress (1): 228/877 kB
2026.05.10 19:43:46 INFO  Progress (1): 245/877 kB
2026.05.10 19:43:46 INFO  Progress (1): 261/877 kB
2026.05.10 19:43:46 INFO  Progress (1): 278/877 kB
2026.05.10 19:43:46 INFO  Progress (1): 294/877 kB
2026.05.10 19:43:46 INFO  Progress (1): 310/877 kB
2026.05.10 19:43:46 INFO  Progress (1): 327/877 kB
2026.05.10 19:43:46 INFO  Progress (1): 343/877 kB
2026.05.10 19:43:46 INFO  Progress (1): 360/877 kB
2026.05.10 19:43:46 INFO  Progress (1): 376/877 kB
2026.05.10 19:43:46 INFO  Progress (1): 392/877 kB
2026.05.10 19:43:46 INFO  Progress (1): 409/877 kB
2026.05.10 19:43:46 INFO  Progress (1): 425/877 kB
2026.05.10 19:43:46 INFO  Progress (1): 441/877 kB
2026.05.10 19:43:46 INFO  Progress (1): 458/877 kB
2026.05.10 19:43:46 INFO  Progress (1): 474/877 kB
2026.05.10 19:43:46 INFO  Progress (1): 491/877 kB
2026.05.10 19:43:46 INFO  Progress (1): 507/877 kB
2026.05.10 19:43:46 INFO  Progress (1): 523/877 kB
2026.05.10 19:43:46 INFO  Progress (1): 540/877 kB
2026.05.10 19:43:46 INFO  Progress (1): 556/877 kB
2026.05.10 19:43:46 INFO  Progress (1): 573/877 kB
2026.05.10 19:43:46 INFO  Progress (1): 589/877 kB
2026.05.10 19:43:46 INFO  Progress (1): 605/877 kB
2026.05.10 19:43:46 INFO  Progress (1): 622/877 kB
2026.05.10 19:43:46 INFO  Progress (1): 638/877 kB
2026.05.10 19:43:46 INFO  Progress (1): 654/877 kB
2026.05.10 19:43:46 INFO  Progress (1): 671/877 kB
2026.05.10 19:43:46 INFO  Progress (1): 687/877 kB
2026.05.10 19:43:46 INFO  Progress (1): 704/877 kB
2026.05.10 19:43:46 INFO  Progress (1): 720/877 kB
2026.05.10 19:43:46 INFO  Progress (1): 736/877 kB
2026.05.10 19:43:46 INFO  Progress (1): 753/877 kB
2026.05.10 19:43:46 INFO  Progress (1): 769/877 kB
2026.05.10 19:43:46 INFO  Progress (1): 786/877 kB
2026.05.10 19:43:46 INFO  Progress (1): 802/877 kB
2026.05.10 19:43:46 INFO  Progress (1): 818/877 kB
2026.05.10 19:43:46 INFO  Progress (1): 835/877 kB
2026.05.10 19:43:46 INFO  Progress (1): 851/877 kB
2026.05.10 19:43:46 INFO  Progress (1): 867/877 kB
2026.05.10 19:43:46 INFO  Progress (1): 877 kB    
2026.05.10 19:43:46 INFO                      
2026.05.10 19:43:46 INFO  Downloaded from central: https://repo.maven.apache.org/maven2/org/springframework/spring-test/7.0.7/spring-test-7.0.7-sources.jar (877 kB at 3.0 MB/s)
2026.05.10 19:43:46 INFO  [INFO] SUCCESS: org.springframework:spring-test:jar:7.0.7:test (sources = true)
2026.05.10 19:43:46 INFO  [INFO] Resolving artifact: org.slf4j:jul-to-slf4j:jar:2.0.17:compile (sources = false)
2026.05.10 19:43:46 INFO  [INFO] SUCCESS: org.slf4j:jul-to-slf4j:jar:2.0.17:compile (sources = false)
2026.05.10 19:43:46 INFO  [INFO] Resolving artifact: org.slf4j:jul-to-slf4j:jar:2.0.17:compile (sources = true)
2026.05.10 19:43:46 INFO  [INFO] SUCCESS: org.slf4j:jul-to-slf4j:jar:2.0.17:compile (sources = true)
2026.05.10 19:43:46 INFO  [INFO] Resolving artifact: org.projectlombok:lombok:jar:1.18.46:compile (sources = false)
2026.05.10 19:43:46 INFO  [INFO] SUCCESS: org.projectlombok:lombok:jar:1.18.46:compile (sources = false)
2026.05.10 19:43:46 INFO  [INFO] Resolving artifact: org.projectlombok:lombok:jar:1.18.46:compile (sources = true)
2026.05.10 19:43:46 INFO  [INFO] SUCCESS: org.projectlombok:lombok:jar:1.18.46:compile (sources = true)
2026.05.10 19:43:46 INFO  [INFO] Resolving artifact: commons-logging:commons-logging:jar:1.3.6:compile (sources = false)
2026.05.10 19:43:46 INFO  [INFO] SUCCESS: commons-logging:commons-logging:jar:1.3.6:compile (sources = false)
2026.05.10 19:43:46 INFO  [INFO] Resolving artifact: commons-logging:commons-logging:jar:1.3.6:compile (sources = true)
2026.05.10 19:43:46 INFO  Downloading from central: https://repo.maven.apache.org/maven2/commons-logging/commons-logging/1.3.6/commons-logging-1.3.6-sources.jar
2026.05.10 19:43:46 INFO  Progress (1): 4.1/83 kB
2026.05.10 19:43:46 INFO  Progress (1): 20/83 kB 
2026.05.10 19:43:46 INFO  Progress (1): 37/83 kB
2026.05.10 19:43:46 INFO  Progress (1): 53/83 kB
2026.05.10 19:43:46 INFO  Progress (1): 61/83 kB
2026.05.10 19:43:46 INFO  Progress (1): 78/83 kB
2026.05.10 19:43:46 INFO  Progress (1): 83 kB   
2026.05.10 19:43:46 INFO                     
2026.05.10 19:43:46 INFO  Downloaded from central: https://repo.maven.apache.org/maven2/commons-logging/commons-logging/1.3.6/commons-logging-1.3.6-sources.jar (83 kB at 649 kB/s)
2026.05.10 19:43:46 INFO  [INFO] SUCCESS: commons-logging:commons-logging:jar:1.3.6:compile (sources = true)
2026.05.10 19:43:46 INFO  [INFO] Resolving artifact: org.springframework.boot:spring-boot-servlet:jar:4.0.6:compile (sources = false)
2026.05.10 19:43:46 INFO  [INFO] SUCCESS: org.springframework.boot:spring-boot-servlet:jar:4.0.6:compile (sources = false)
2026.05.10 19:43:46 INFO  [INFO] Resolving artifact: org.springframework.boot:spring-boot-servlet:jar:4.0.6:compile (sources = true)
2026.05.10 19:43:46 INFO  Downloading from central: https://repo.maven.apache.org/maven2/org/springframework/boot/spring-boot-servlet/4.0.6/spring-boot-servlet-4.0.6-sources.jar
2026.05.10 19:43:47 INFO  Progress (1): 3.2/44 kB
2026.05.10 19:43:47 INFO  Progress (1): 20/44 kB 
2026.05.10 19:43:47 INFO  Progress (1): 36/44 kB
2026.05.10 19:43:47 INFO  Progress (1): 44 kB   
2026.05.10 19:43:47 INFO                     
2026.05.10 19:43:47 INFO  Downloaded from central: https://repo.maven.apache.org/maven2/org/springframework/boot/spring-boot-servlet/4.0.6/spring-boot-servlet-4.0.6-sources.jar (44 kB at 377 kB/s)
2026.05.10 19:43:47 INFO  [INFO] SUCCESS: org.springframework.boot:spring-boot-servlet:jar:4.0.6:compile (sources = true)
2026.05.10 19:43:47 INFO  [INFO] Resolving artifact: io.micrometer:micrometer-commons:jar:1.16.5:compile (sources = false)
2026.05.10 19:43:47 INFO  [INFO] SUCCESS: io.micrometer:micrometer-commons:jar:1.16.5:compile (sources = false)
2026.05.10 19:43:47 INFO  [INFO] Resolving artifact: io.micrometer:micrometer-commons:jar:1.16.5:compile (sources = true)
2026.05.10 19:43:47 INFO  Downloading from central: https://repo.maven.apache.org/maven2/io/micrometer/micrometer-commons/1.16.5/micrometer-commons-1.16.5-sources.jar
2026.05.10 19:43:47 INFO  Progress (1): 7.3/49 kB
2026.05.10 19:43:47 INFO  Progress (1): 24/49 kB 
2026.05.10 19:43:47 INFO  Progress (1): 40/49 kB
2026.05.10 19:43:47 INFO  Progress (1): 49 kB   
2026.05.10 19:43:47 INFO                     
2026.05.10 19:43:47 INFO  Downloaded from central: https://repo.maven.apache.org/maven2/io/micrometer/micrometer-commons/1.16.5/micrometer-commons-1.16.5-sources.jar (49 kB at 408 kB/s)
2026.05.10 19:43:47 INFO  [INFO] SUCCESS: io.micrometer:micrometer-commons:jar:1.16.5:compile (sources = true)
2026.05.10 19:43:47 INFO  [INFO] Resolving artifact: org.opentest4j:opentest4j:jar:1.3.0:test (sources = false)
2026.05.10 19:43:47 INFO  [INFO] SUCCESS: org.opentest4j:opentest4j:jar:1.3.0:test (sources = false)
2026.05.10 19:43:47 INFO  [INFO] Resolving artifact: org.opentest4j:opentest4j:jar:1.3.0:test (sources = true)
2026.05.10 19:43:47 INFO  [INFO] SUCCESS: org.opentest4j:opentest4j:jar:1.3.0:test (sources = true)
2026.05.10 19:43:47 INFO  [INFO] Resolving artifact: ch.qos.logback:logback-classic:jar:1.5.32:compile (sources = false)
2026.05.10 19:43:47 INFO  [INFO] SUCCESS: ch.qos.logback:logback-classic:jar:1.5.32:compile (sources = false)
2026.05.10 19:43:47 INFO  [INFO] Resolving artifact: ch.qos.logback:logback-classic:jar:1.5.32:compile (sources = true)
2026.05.10 19:43:47 INFO  [INFO] SUCCESS: ch.qos.logback:logback-classic:jar:1.5.32:compile (sources = true)
2026.05.10 19:43:47 INFO  [INFO] Resolving artifact: org.junit.jupiter:junit-jupiter-api:jar:6.0.3:test (sources = false)
2026.05.10 19:43:47 INFO  [INFO] SUCCESS: org.junit.jupiter:junit-jupiter-api:jar:6.0.3:test (sources = false)
2026.05.10 19:43:47 INFO  [INFO] Resolving artifact: org.junit.jupiter:junit-jupiter-api:jar:6.0.3:test (sources = true)
2026.05.10 19:43:47 INFO  Downloading from central: https://repo.maven.apache.org/maven2/org/junit/jupiter/junit-jupiter-api/6.0.3/junit-jupiter-api-6.0.3-sources.jar
2026.05.10 19:43:47 INFO  Progress (1): 7.7/251 kB
2026.05.10 19:43:47 INFO  Progress (1): 7.7/251 kB
2026.05.10 19:43:47 INFO  Progress (1): 24/251 kB 
2026.05.10 19:43:47 INFO  Progress (1): 40/251 kB
2026.05.10 19:43:47 INFO  Progress (1): 57/251 kB
2026.05.10 19:43:47 INFO  Progress (1): 73/251 kB
2026.05.10 19:43:47 INFO  Progress (1): 90/251 kB
2026.05.10 19:43:47 INFO  Progress (1): 106/251 kB
2026.05.10 19:43:47 INFO  Progress (1): 122/251 kB
2026.05.10 19:43:47 INFO  Progress (1): 139/251 kB
2026.05.10 19:43:47 INFO  Progress (1): 155/251 kB
2026.05.10 19:43:47 INFO  Progress (1): 172/251 kB
2026.05.10 19:43:47 INFO  Progress (1): 188/251 kB
2026.05.10 19:43:47 INFO  Progress (1): 204/251 kB
2026.05.10 19:43:47 INFO  Progress (1): 221/251 kB
2026.05.10 19:43:47 INFO  Progress (1): 237/251 kB
2026.05.10 19:43:47 INFO  Progress (1): 251 kB    
2026.05.10 19:43:47 INFO                      
2026.05.10 19:43:47 INFO  Downloaded from central: https://repo.maven.apache.org/maven2/org/junit/jupiter/junit-jupiter-api/6.0.3/junit-jupiter-api-6.0.3-sources.jar (251 kB at 1.6 MB/s)
2026.05.10 19:43:47 INFO  [INFO] SUCCESS: org.junit.jupiter:junit-jupiter-api:jar:6.0.3:test (sources = true)
2026.05.10 19:43:47 INFO  [INFO] Resolving artifact: org.skyscreamer:jsonassert:jar:1.5.3:test (sources = false)
2026.05.10 19:43:47 INFO  [INFO] SUCCESS: org.skyscreamer:jsonassert:jar:1.5.3:test (sources = false)
2026.05.10 19:43:47 INFO  [INFO] Resolving artifact: org.skyscreamer:jsonassert:jar:1.5.3:test (sources = true)
2026.05.10 19:43:47 INFO  [INFO] SUCCESS: org.skyscreamer:jsonassert:jar:1.5.3:test (sources = true)
2026.05.10 19:43:47 INFO  [INFO] Resolving artifact: org.junit.jupiter:junit-jupiter:jar:6.0.3:test (sources = false)
2026.05.10 19:43:47 INFO  [INFO] SUCCESS: org.junit.jupiter:junit-jupiter:jar:6.0.3:test (sources = false)
2026.05.10 19:43:47 INFO  [INFO] Resolving artifact: org.junit.jupiter:junit-jupiter:jar:6.0.3:test (sources = true)
2026.05.10 19:43:47 INFO  Downloading from central: https://repo.maven.apache.org/maven2/org/junit/jupiter/junit-jupiter/6.0.3/junit-jupiter-6.0.3-sources.jar
2026.05.10 19:43:47 INFO  Progress (1): 6.1 kB
2026.05.10 19:43:47 INFO                      
2026.05.10 19:43:47 INFO  Downloaded from central: https://repo.maven.apache.org/maven2/org/junit/jupiter/junit-jupiter/6.0.3/junit-jupiter-6.0.3-sources.jar (6.1 kB at 53 kB/s)
2026.05.10 19:43:47 INFO  [INFO] SUCCESS: org.junit.jupiter:junit-jupiter:jar:6.0.3:test (sources = true)
2026.05.10 19:43:47 INFO  [INFO] Resolving artifact: org.springframework.boot:spring-boot-starter-tomcat-runtime:jar:4.0.6:compile (sources = false)
2026.05.10 19:43:47 INFO  [INFO] SUCCESS: org.springframework.boot:spring-boot-starter-tomcat-runtime:jar:4.0.6:compile (sources = false)
2026.05.10 19:43:47 INFO  [INFO] Resolving artifact: org.springframework.boot:spring-boot-starter-tomcat-runtime:jar:4.0.6:compile (sources = true)
2026.05.10 19:43:47 INFO  Downloading from central: https://repo.maven.apache.org/maven2/org/springframework/boot/spring-boot-starter-tomcat-runtime/4.0.6/spring-boot-starter-tomcat-runtime-4.0.6-sources.jar
2026.05.10 19:43:47 INFO  Progress (1): 4.7 kB
2026.05.10 19:43:47 INFO                      
2026.05.10 19:43:47 INFO  Downloaded from central: https://repo.maven.apache.org/maven2/org/springframework/boot/spring-boot-starter-tomcat-runtime/4.0.6/spring-boot-starter-tomcat-runtime-4.0.6-sources.jar (4.7 kB at 44 kB/s)
2026.05.10 19:43:47 INFO  [INFO] SUCCESS: org.springframework.boot:spring-boot-starter-tomcat-runtime:jar:4.0.6:compile (sources = true)
2026.05.10 19:43:47 INFO  [INFO] Resolving artifact: org.springframework.boot:spring-boot:jar:4.0.6:compile (sources = false)
2026.05.10 19:43:47 INFO  [INFO] SUCCESS: org.springframework.boot:spring-boot:jar:4.0.6:compile (sources = false)
2026.05.10 19:43:47 INFO  [INFO] Resolving artifact: org.springframework.boot:spring-boot:jar:4.0.6:compile (sources = true)
2026.05.10 19:43:47 INFO  Downloading from central: https://repo.maven.apache.org/maven2/org/springframework/boot/spring-boot/4.0.6/spring-boot-4.0.6-sources.jar
2026.05.10 19:43:47 INFO  Progress (1): 7.7/852 kB
2026.05.10 19:43:47 INFO  Progress (1): 8.2/852 kB
2026.05.10 19:43:47 INFO  Progress (1): 25/852 kB 
2026.05.10 19:43:47 INFO  Progress (1): 41/852 kB
2026.05.10 19:43:47 INFO  Progress (1): 57/852 kB
2026.05.10 19:43:47 INFO  Progress (1): 74/852 kB
2026.05.10 19:43:47 INFO  Progress (1): 90/852 kB
2026.05.10 19:43:47 INFO  Progress (1): 106/852 kB
2026.05.10 19:43:47 INFO  Progress (1): 123/852 kB
2026.05.10 19:43:47 INFO  Progress (1): 139/852 kB
2026.05.10 19:43:47 INFO  Progress (1): 156/852 kB
2026.05.10 19:43:47 INFO  Progress (1): 172/852 kB
2026.05.10 19:43:47 INFO  Progress (1): 188/852 kB
2026.05.10 19:43:47 INFO  Progress (1): 205/852 kB
2026.05.10 19:43:47 INFO  Progress (1): 221/852 kB
2026.05.10 19:43:47 INFO  Progress (1): 238/852 kB
2026.05.10 19:43:47 INFO  Progress (1): 254/852 kB
2026.05.10 19:43:47 INFO  Progress (1): 270/852 kB
2026.05.10 19:43:47 INFO  Progress (1): 287/852 kB
2026.05.10 19:43:47 INFO  Progress (1): 303/852 kB
2026.05.10 19:43:47 INFO  Progress (1): 319/852 kB
2026.05.10 19:43:47 INFO  Progress (1): 336/852 kB
2026.05.10 19:43:47 INFO  Progress (1): 352/852 kB
2026.05.10 19:43:47 INFO  Progress (1): 369/852 kB
2026.05.10 19:43:47 INFO  Progress (1): 385/852 kB
2026.05.10 19:43:47 INFO  Progress (1): 401/852 kB
2026.05.10 19:43:47 INFO  Progress (1): 418/852 kB
2026.05.10 19:43:47 INFO  Progress (1): 434/852 kB
2026.05.10 19:43:47 INFO  Progress (1): 451/852 kB
2026.05.10 19:43:47 INFO  Progress (1): 467/852 kB
2026.05.10 19:43:47 INFO  Progress (1): 483/852 kB
2026.05.10 19:43:47 INFO  Progress (1): 500/852 kB
2026.05.10 19:43:47 INFO  Progress (1): 516/852 kB
2026.05.10 19:43:47 INFO  Progress (1): 532/852 kB
2026.05.10 19:43:47 INFO  Progress (1): 549/852 kB
2026.05.10 19:43:47 INFO  Progress (1): 565/852 kB
2026.05.10 19:43:47 INFO  Progress (1): 582/852 kB
2026.05.10 19:43:47 INFO  Progress (1): 598/852 kB
2026.05.10 19:43:47 INFO  Progress (1): 614/852 kB
2026.05.10 19:43:47 INFO  Progress (1): 631/852 kB
2026.05.10 19:43:47 INFO  Progress (1): 647/852 kB
2026.05.10 19:43:47 INFO  Progress (1): 664/852 kB
2026.05.10 19:43:47 INFO  Progress (1): 680/852 kB
2026.05.10 19:43:47 INFO  Progress (1): 696/852 kB
2026.05.10 19:43:47 INFO  Progress (1): 713/852 kB
2026.05.10 19:43:47 INFO  Progress (1): 729/852 kB
2026.05.10 19:43:47 INFO  Progress (1): 745/852 kB
2026.05.10 19:43:47 INFO  Progress (1): 762/852 kB
2026.05.10 19:43:47 INFO  Progress (1): 778/852 kB
2026.05.10 19:43:47 INFO  Progress (1): 795/852 kB
2026.05.10 19:43:47 INFO  Progress (1): 811/852 kB
2026.05.10 19:43:47 INFO  Progress (1): 827/852 kB
2026.05.10 19:43:47 INFO  Progress (1): 844/852 kB
2026.05.10 19:43:47 INFO  Progress (1): 852 kB    
2026.05.10 19:43:47 INFO                      
2026.05.10 19:43:47 INFO  Downloaded from central: https://repo.maven.apache.org/maven2/org/springframework/boot/spring-boot/4.0.6/spring-boot-4.0.6-sources.jar (852 kB at 2.7 MB/s)
2026.05.10 19:43:47 INFO  [INFO] SUCCESS: org.springframework.boot:spring-boot:jar:4.0.6:compile (sources = true)
2026.05.10 19:43:47 INFO  [INFO] Resolving artifact: org.springframework.boot:spring-boot-web-server:jar:4.0.6:compile (sources = false)
2026.05.10 19:43:47 INFO  [INFO] SUCCESS: org.springframework.boot:spring-boot-web-server:jar:4.0.6:compile (sources = false)
2026.05.10 19:43:47 INFO  [INFO] Resolving artifact: org.springframework.boot:spring-boot-web-server:jar:4.0.6:compile (sources = true)
2026.05.10 19:43:47 INFO  Downloading from central: https://repo.maven.apache.org/maven2/org/springframework/boot/spring-boot-web-server/4.0.6/spring-boot-web-server-4.0.6-sources.jar
2026.05.10 19:43:47 INFO  Progress (1): 4.1/129 kB
2026.05.10 19:43:48 INFO  Progress (1): 20/129 kB 
2026.05.10 19:43:48 INFO  Progress (1): 29/129 kB
2026.05.10 19:43:48 INFO  Progress (1): 45/129 kB
2026.05.10 19:43:48 INFO  Progress (1): 61/129 kB
2026.05.10 19:43:48 INFO  Progress (1): 78/129 kB
2026.05.10 19:43:48 INFO  Progress (1): 94/129 kB
2026.05.10 19:43:48 INFO  Progress (1): 111/129 kB
2026.05.10 19:43:48 INFO  Progress (1): 127/129 kB
2026.05.10 19:43:48 INFO  Progress (1): 129 kB    
2026.05.10 19:43:48 INFO                      
2026.05.10 19:43:48 INFO  Downloaded from central: https://repo.maven.apache.org/maven2/org/springframework/boot/spring-boot-web-server/4.0.6/spring-boot-web-server-4.0.6-sources.jar (129 kB at 1.1 MB/s)
2026.05.10 19:43:48 INFO  [INFO] SUCCESS: org.springframework.boot:spring-boot-web-server:jar:4.0.6:compile (sources = true)
2026.05.10 19:43:48 INFO  [INFO] Resolving artifact: org.springframework:spring-web:jar:7.0.7:compile (sources = false)
2026.05.10 19:43:48 INFO  [INFO] SUCCESS: org.springframework:spring-web:jar:7.0.7:compile (sources = false)
2026.05.10 19:43:48 INFO  [INFO] Resolving artifact: org.springframework:spring-web:jar:7.0.7:compile (sources = true)
2026.05.10 19:43:48 INFO  Downloading from central: https://repo.maven.apache.org/maven2/org/springframework/spring-web/7.0.7/spring-web-7.0.7-sources.jar
2026.05.10 19:43:48 INFO  Progress (1): 0/1.5 MB
2026.05.10 19:43:48 INFO  Progress (1): 0/1.5 MB
2026.05.10 19:43:48 INFO  Progress (1): 0/1.5 MB
2026.05.10 19:43:48 INFO  Progress (1): 0/1.5 MB
2026.05.10 19:43:48 INFO  Progress (1): 0.1/1.5 MB
2026.05.10 19:43:48 INFO  Progress (1): 0.1/1.5 MB
2026.05.10 19:43:48 INFO  Progress (1): 0.1/1.5 MB
2026.05.10 19:43:48 INFO  Progress (1): 0.1/1.5 MB
2026.05.10 19:43:48 INFO  Progress (1): 0.1/1.5 MB
2026.05.10 19:43:48 INFO  Progress (1): 0.1/1.5 MB
2026.05.10 19:43:48 INFO  Progress (1): 0.2/1.5 MB
2026.05.10 19:43:48 INFO  Progress (1): 0.2/1.5 MB
2026.05.10 19:43:48 INFO  Progress (1): 0.2/1.5 MB
2026.05.10 19:43:48 INFO  Progress (1): 0.2/1.5 MB
2026.05.10 19:43:48 INFO  Progress (1): 0.2/1.5 MB
2026.05.10 19:43:48 INFO  Progress (1): 0.2/1.5 MB
2026.05.10 19:43:48 INFO  Progress (1): 0.3/1.5 MB
2026.05.10 19:43:48 INFO  Progress (1): 0.3/1.5 MB
2026.05.10 19:43:48 INFO  Progress (1): 0.3/1.5 MB
2026.05.10 19:43:48 INFO  Progress (1): 0.3/1.5 MB
2026.05.10 19:43:48 INFO  Progress (1): 0.3/1.5 MB
2026.05.10 19:43:48 INFO  Progress (1): 0.3/1.5 MB
2026.05.10 19:43:48 INFO  Progress (1): 0.4/1.5 MB
2026.05.10 19:43:48 INFO  Progress (1): 0.4/1.5 MB
2026.05.10 19:43:48 INFO  Progress (1): 0.4/1.5 MB
2026.05.10 19:43:48 INFO  Progress (1): 0.4/1.5 MB
2026.05.10 19:43:48 INFO  Progress (1): 0.4/1.5 MB
2026.05.10 19:43:48 INFO  Progress (1): 0.4/1.5 MB
2026.05.10 19:43:48 INFO  Progress (1): 0.5/1.5 MB
2026.05.10 19:43:48 INFO  Progress (1): 0.5/1.5 MB
2026.05.10 19:43:48 INFO  Progress (1): 0.5/1.5 MB
2026.05.10 19:43:48 INFO  Progress (1): 0.5/1.5 MB
2026.05.10 19:43:48 INFO  Progress (1): 0.5/1.5 MB
2026.05.10 19:43:48 INFO  Progress (1): 0.5/1.5 MB
2026.05.10 19:43:48 INFO  Progress (1): 0.5/1.5 MB
2026.05.10 19:43:48 INFO  Progress (1): 0.6/1.5 MB
2026.05.10 19:43:48 INFO  Progress (1): 0.6/1.5 MB
2026.05.10 19:43:48 INFO  Progress (1): 0.6/1.5 MB
2026.05.10 19:43:48 INFO  Progress (1): 0.6/1.5 MB
2026.05.10 19:43:48 INFO  Progress (1): 0.6/1.5 MB
2026.05.10 19:43:48 INFO  Progress (1): 0.6/1.5 MB
2026.05.10 19:43:48 INFO  Progress (1): 0.7/1.5 MB
2026.05.10 19:43:48 INFO  Progress (1): 0.7/1.5 MB
2026.05.10 19:43:48 INFO  Progress (1): 0.7/1.5 MB
2026.05.10 19:43:48 INFO  Progress (1): 0.7/1.5 MB
2026.05.10 19:43:48 INFO  Progress (1): 0.7/1.5 MB
2026.05.10 19:43:48 INFO  Progress (1): 0.7/1.5 MB
2026.05.10 19:43:48 INFO  Progress (1): 0.8/1.5 MB
2026.05.10 19:43:48 INFO  Progress (1): 0.8/1.5 MB
2026.05.10 19:43:48 INFO  Progress (1): 0.8/1.5 MB
2026.05.10 19:43:48 INFO  Progress (1): 0.8/1.5 MB
2026.05.10 19:43:48 INFO  Progress (1): 0.8/1.5 MB
2026.05.10 19:43:48 INFO  Progress (1): 0.8/1.5 MB
2026.05.10 19:43:48 INFO  Progress (1): 0.9/1.5 MB
2026.05.10 19:43:48 INFO  Progress (1): 0.9/1.5 MB
2026.05.10 19:43:48 INFO  Progress (1): 0.9/1.5 MB
2026.05.10 19:43:48 INFO  Progress (1): 0.9/1.5 MB
2026.05.10 19:43:48 INFO  Progress (1): 0.9/1.5 MB
2026.05.10 19:43:48 INFO  Progress (1): 0.9/1.5 MB
2026.05.10 19:43:48 INFO  Progress (1): 1.0/1.5 MB
2026.05.10 19:43:48 INFO  Progress (1): 1.0/1.5 MB
2026.05.10 19:43:48 INFO  Progress (1): 1.0/1.5 MB
2026.05.10 19:43:48 INFO  Progress (1): 1.0/1.5 MB
2026.05.10 19:43:48 INFO  Progress (1): 1.0/1.5 MB
2026.05.10 19:43:48 INFO  Progress (1): 1.0/1.5 MB
2026.05.10 19:43:48 INFO  Progress (1): 1.1/1.5 MB
2026.05.10 19:43:48 INFO  Progress (1): 1.1/1.5 MB
2026.05.10 19:43:48 INFO  Progress (1): 1.1/1.5 MB
2026.05.10 19:43:48 INFO  Progress (1): 1.1/1.5 MB
2026.05.10 19:43:48 INFO  Progress (1): 1.1/1.5 MB
2026.05.10 19:43:48 INFO  Progress (1): 1.1/1.5 MB
2026.05.10 19:43:48 INFO  Progress (1): 1.2/1.5 MB
2026.05.10 19:43:48 INFO  Progress (1): 1.2/1.5 MB
2026.05.10 19:43:48 INFO  Progress (1): 1.2/1.5 MB
2026.05.10 19:43:48 INFO  Progress (1): 1.2/1.5 MB
2026.05.10 19:43:48 INFO  Progress (1): 1.2/1.5 MB
2026.05.10 19:43:48 INFO  Progress (1): 1.2/1.5 MB
2026.05.10 19:43:48 INFO  Progress (1): 1.3/1.5 MB
2026.05.10 19:43:48 INFO  Progress (1): 1.3/1.5 MB
2026.05.10 19:43:48 INFO  Progress (1): 1.3/1.5 MB
2026.05.10 19:43:48 INFO  Progress (1): 1.3/1.5 MB
2026.05.10 19:43:48 INFO  Progress (1): 1.3/1.5 MB
2026.05.10 19:43:48 INFO  Progress (1): 1.3/1.5 MB
2026.05.10 19:43:48 INFO  Progress (1): 1.4/1.5 MB
2026.05.10 19:43:48 INFO  Progress (1): 1.4/1.5 MB
2026.05.10 19:43:48 INFO  Progress (1): 1.4/1.5 MB
2026.05.10 19:43:48 INFO  Progress (1): 1.4/1.5 MB
2026.05.10 19:43:48 INFO  Progress (1): 1.4/1.5 MB
2026.05.10 19:43:48 INFO  Progress (1): 1.4/1.5 MB
2026.05.10 19:43:48 INFO  Progress (1): 1.4/1.5 MB
2026.05.10 19:43:48 INFO  Progress (1): 1.5/1.5 MB
2026.05.10 19:43:48 INFO  Progress (1): 1.5/1.5 MB
2026.05.10 19:43:48 INFO  Progress (1): 1.5 MB    
2026.05.10 19:43:48 INFO                      
2026.05.10 19:43:48 INFO  Downloaded from central: https://repo.maven.apache.org/maven2/org/springframework/spring-web/7.0.7/spring-web-7.0.7-sources.jar (1.5 MB at 3.6 MB/s)
2026.05.10 19:43:48 INFO  [INFO] SUCCESS: org.springframework:spring-web:jar:7.0.7:compile (sources = true)
2026.05.10 19:43:48 INFO  [INFO] Resolving artifact: org.springframework.boot:spring-boot-autoconfigure:jar:4.0.6:compile (sources = false)
2026.05.10 19:43:48 INFO  [INFO] SUCCESS: org.springframework.boot:spring-boot-autoconfigure:jar:4.0.6:compile (sources = false)
2026.05.10 19:43:48 INFO  [INFO] Resolving artifact: org.springframework.boot:spring-boot-autoconfigure:jar:4.0.6:compile (sources = true)
2026.05.10 19:43:48 INFO  Downloading from central: https://repo.maven.apache.org/maven2/org/springframework/boot/spring-boot-autoconfigure/4.0.6/spring-boot-autoconfigure-4.0.6-sources.jar
2026.05.10 19:43:48 INFO  Progress (1): 7.7/233 kB
2026.05.10 19:43:48 INFO  Progress (1): 8.2/233 kB
2026.05.10 19:43:48 INFO  Progress (1): 25/233 kB 
2026.05.10 19:43:48 INFO  Progress (1): 41/233 kB
2026.05.10 19:43:48 INFO  Progress (1): 57/233 kB
2026.05.10 19:43:48 INFO  Progress (1): 74/233 kB
2026.05.10 19:43:48 INFO  Progress (1): 90/233 kB
2026.05.10 19:43:48 INFO  Progress (1): 106/233 kB
2026.05.10 19:43:48 INFO  Progress (1): 123/233 kB
2026.05.10 19:43:48 INFO  Progress (1): 139/233 kB
2026.05.10 19:43:48 INFO  Progress (1): 156/233 kB
2026.05.10 19:43:48 INFO  Progress (1): 172/233 kB
2026.05.10 19:43:48 INFO  Progress (1): 188/233 kB
2026.05.10 19:43:48 INFO  Progress (1): 205/233 kB
2026.05.10 19:43:48 INFO  Progress (1): 221/233 kB
2026.05.10 19:43:48 INFO  Progress (1): 233 kB    
2026.05.10 19:43:48 INFO                      
2026.05.10 19:43:48 INFO  Downloaded from central: https://repo.maven.apache.org/maven2/org/springframework/boot/spring-boot-autoconfigure/4.0.6/spring-boot-autoconfigure-4.0.6-sources.jar (233 kB at 1.4 MB/s)
2026.05.10 19:43:48 INFO  [INFO] SUCCESS: org.springframework.boot:spring-boot-autoconfigure:jar:4.0.6:compile (sources = true)
2026.05.10 19:43:48 INFO  [INFO] Resolving artifact: org.springframework:spring-beans:jar:7.0.7:compile (sources = false)
2026.05.10 19:43:48 INFO  [INFO] SUCCESS: org.springframework:spring-beans:jar:7.0.7:compile (sources = false)
2026.05.10 19:43:48 INFO  [INFO] Resolving artifact: org.springframework:spring-beans:jar:7.0.7:compile (sources = true)
2026.05.10 19:43:48 INFO  Downloading from central: https://repo.maven.apache.org/maven2/org/springframework/spring-beans/7.0.7/spring-beans-7.0.7-sources.jar
2026.05.10 19:43:48 INFO  Progress (1): 7.7/755 kB
2026.05.10 19:43:48 INFO  Progress (1): 16/755 kB 
2026.05.10 19:43:48 INFO  Progress (1): 25/755 kB
2026.05.10 19:43:48 INFO  Progress (1): 41/755 kB
2026.05.10 19:43:48 INFO  Progress (1): 57/755 kB
2026.05.10 19:43:48 INFO  Progress (1): 74/755 kB
2026.05.10 19:43:48 INFO  Progress (1): 90/755 kB
2026.05.10 19:43:48 INFO  Progress (1): 106/755 kB
2026.05.10 19:43:48 INFO  Progress (1): 123/755 kB
2026.05.10 19:43:48 INFO  Progress (1): 139/755 kB
2026.05.10 19:43:48 INFO  Progress (1): 156/755 kB
2026.05.10 19:43:48 INFO  Progress (1): 172/755 kB
2026.05.10 19:43:48 INFO  Progress (1): 188/755 kB
2026.05.10 19:43:48 INFO  Progress (1): 205/755 kB
2026.05.10 19:43:48 INFO  Progress (1): 221/755 kB
2026.05.10 19:43:48 INFO  Progress (1): 238/755 kB
2026.05.10 19:43:48 INFO  Progress (1): 254/755 kB
2026.05.10 19:43:48 INFO  Progress (1): 270/755 kB
2026.05.10 19:43:48 INFO  Progress (1): 287/755 kB
2026.05.10 19:43:48 INFO  Progress (1): 303/755 kB
2026.05.10 19:43:48 INFO  Progress (1): 319/755 kB
2026.05.10 19:43:48 INFO  Progress (1): 336/755 kB
2026.05.10 19:43:48 INFO  Progress (1): 352/755 kB
2026.05.10 19:43:48 INFO  Progress (1): 369/755 kB
2026.05.10 19:43:48 INFO  Progress (1): 385/755 kB
2026.05.10 19:43:48 INFO  Progress (1): 401/755 kB
2026.05.10 19:43:48 INFO  Progress (1): 418/755 kB
2026.05.10 19:43:48 INFO  Progress (1): 434/755 kB
2026.05.10 19:43:48 INFO  Progress (1): 451/755 kB
2026.05.10 19:43:48 INFO  Progress (1): 467/755 kB
2026.05.10 19:43:48 INFO  Progress (1): 483/755 kB
2026.05.10 19:43:48 INFO  Progress (1): 500/755 kB
2026.05.10 19:43:48 INFO  Progress (1): 516/755 kB
2026.05.10 19:43:48 INFO  Progress (1): 532/755 kB
2026.05.10 19:43:48 INFO  Progress (1): 549/755 kB
2026.05.10 19:43:48 INFO  Progress (1): 565/755 kB
2026.05.10 19:43:48 INFO  Progress (1): 582/755 kB
2026.05.10 19:43:48 INFO  Progress (1): 598/755 kB
2026.05.10 19:43:48 INFO  Progress (1): 614/755 kB
2026.05.10 19:43:48 INFO  Progress (1): 631/755 kB
2026.05.10 19:43:48 INFO  Progress (1): 647/755 kB
2026.05.10 19:43:48 INFO  Progress (1): 664/755 kB
2026.05.10 19:43:48 INFO  Progress (1): 680/755 kB
2026.05.10 19:43:48 INFO  Progress (1): 696/755 kB
2026.05.10 19:43:48 INFO  Progress (1): 713/755 kB
2026.05.10 19:43:48 INFO  Progress (1): 729/755 kB
2026.05.10 19:43:48 INFO  Progress (1): 745/755 kB
2026.05.10 19:43:48 INFO  Progress (1): 755 kB    
2026.05.10 19:43:48 INFO                      
2026.05.10 19:43:48 INFO  Downloaded from central: https://repo.maven.apache.org/maven2/org/springframework/spring-beans/7.0.7/spring-beans-7.0.7-sources.jar (755 kB at 3.2 MB/s)
2026.05.10 19:43:48 INFO  [INFO] SUCCESS: org.springframework:spring-beans:jar:7.0.7:compile (sources = true)
2026.05.10 19:43:48 INFO  [INFO] Resolving artifact: jakarta.annotation:jakarta.annotation-api:jar:3.0.0:compile (sources = false)
2026.05.10 19:43:48 INFO  [INFO] SUCCESS: jakarta.annotation:jakarta.annotation-api:jar:3.0.0:compile (sources = false)
2026.05.10 19:43:48 INFO  [INFO] Resolving artifact: jakarta.annotation:jakarta.annotation-api:jar:3.0.0:compile (sources = true)
2026.05.10 19:43:48 INFO  Downloading from central: https://repo.maven.apache.org/maven2/jakarta/annotation/jakarta.annotation-api/3.0.0/jakarta.annotation-api-3.0.0-sources.jar
2026.05.10 19:43:48 INFO  Progress (1): 7.7/36 kB
2026.05.10 19:43:48 INFO  Progress (1): 15/36 kB 
2026.05.10 19:43:48 INFO  Progress (1): 32/36 kB
2026.05.10 19:43:48 INFO  Progress (1): 36 kB   
2026.05.10 19:43:48 INFO                     
2026.05.10 19:43:48 INFO  Downloaded from central: https://repo.maven.apache.org/maven2/jakarta/annotation/jakarta.annotation-api/3.0.0/jakarta.annotation-api-3.0.0-sources.jar (36 kB at 464 kB/s)
2026.05.10 19:43:48 INFO  [INFO] SUCCESS: jakarta.annotation:jakarta.annotation-api:jar:3.0.0:compile (sources = true)
2026.05.10 19:43:48 INFO  [INFO] Resolving artifact: org.awaitility:awaitility:jar:4.3.0:test (sources = false)
2026.05.10 19:43:48 INFO  [INFO] SUCCESS: org.awaitility:awaitility:jar:4.3.0:test (sources = false)
2026.05.10 19:43:48 INFO  [INFO] Resolving artifact: org.awaitility:awaitility:jar:4.3.0:test (sources = true)
2026.05.10 19:43:48 INFO  Downloading from central: https://repo.maven.apache.org/maven2/org/awaitility/awaitility/4.3.0/awaitility-4.3.0-sources.jar
2026.05.10 19:43:49 INFO  Progress (1): 7.7/80 kB
2026.05.10 19:43:49 INFO  Progress (1): 7.7/80 kB
2026.05.10 19:43:49 INFO  Progress (1): 24/80 kB 
2026.05.10 19:43:49 INFO  Progress (1): 40/80 kB
2026.05.10 19:43:49 INFO  Progress (1): 57/80 kB
2026.05.10 19:43:49 INFO  Progress (1): 73/80 kB
2026.05.10 19:43:49 INFO  Progress (1): 80 kB   
2026.05.10 19:43:49 INFO                     
2026.05.10 19:43:49 INFO  Downloaded from central: https://repo.maven.apache.org/maven2/org/awaitility/awaitility/4.3.0/awaitility-4.3.0-sources.jar (80 kB at 735 kB/s)
2026.05.10 19:43:49 INFO  [INFO] SUCCESS: org.awaitility:awaitility:jar:4.3.0:test (sources = true)
2026.05.10 19:43:49 INFO  [INFO] Resolving artifact: org.xmlunit:xmlunit-core:jar:2.10.4:test (sources = false)
2026.05.10 19:43:49 INFO  [INFO] SUCCESS: org.xmlunit:xmlunit-core:jar:2.10.4:test (sources = false)
2026.05.10 19:43:49 INFO  [INFO] Resolving artifact: org.xmlunit:xmlunit-core:jar:2.10.4:test (sources = true)
2026.05.10 19:43:49 INFO  [INFO] SUCCESS: org.xmlunit:xmlunit-core:jar:2.10.4:test (sources = true)
2026.05.10 19:43:49 INFO  [INFO] Resolving artifact: org.springframework.boot:spring-boot-starter-tomcat:jar:4.0.6:compile (sources = false)
2026.05.10 19:43:49 INFO  [INFO] SUCCESS: org.springframework.boot:spring-boot-starter-tomcat:jar:4.0.6:compile (sources = false)
2026.05.10 19:43:49 INFO  [INFO] Resolving artifact: org.springframework.boot:spring-boot-starter-tomcat:jar:4.0.6:compile (sources = true)
2026.05.10 19:43:49 INFO  Downloading from central: https://repo.maven.apache.org/maven2/org/springframework/boot/spring-boot-starter-tomcat/4.0.6/spring-boot-starter-tomcat-4.0.6-sources.jar
2026.05.10 19:43:49 INFO  Progress (1): 4.8 kB
2026.05.10 19:43:49 INFO                      
2026.05.10 19:43:49 INFO  Downloaded from central: https://repo.maven.apache.org/maven2/org/springframework/boot/spring-boot-starter-tomcat/4.0.6/spring-boot-starter-tomcat-4.0.6-sources.jar (4.8 kB at 65 kB/s)
2026.05.10 19:43:49 INFO  [INFO] SUCCESS: org.springframework.boot:spring-boot-starter-tomcat:jar:4.0.6:compile (sources = true)
2026.05.10 19:43:49 INFO  [INFO] Resolving artifact: org.springframework:spring-expression:jar:7.0.7:compile (sources = false)
2026.05.10 19:43:49 INFO  [INFO] SUCCESS: org.springframework:spring-expression:jar:7.0.7:compile (sources = false)
2026.05.10 19:43:49 INFO  [INFO] Resolving artifact: org.springframework:spring-expression:jar:7.0.7:compile (sources = true)
2026.05.10 19:43:49 INFO  Downloading from central: https://repo.maven.apache.org/maven2/org/springframework/spring-expression/7.0.7/spring-expression-7.0.7-sources.jar
2026.05.10 19:43:49 INFO  Progress (1): 7.7/242 kB
2026.05.10 19:43:49 INFO  Progress (1): 12/242 kB 
2026.05.10 19:43:49 INFO  Progress (1): 29/242 kB
2026.05.10 19:43:49 INFO  Progress (1): 45/242 kB
2026.05.10 19:43:49 INFO  Progress (1): 61/242 kB
2026.05.10 19:43:49 INFO  Progress (1): 78/242 kB
2026.05.10 19:43:49 INFO  Progress (1): 94/242 kB
2026.05.10 19:43:49 INFO  Progress (1): 111/242 kB
2026.05.10 19:43:49 INFO  Progress (1): 127/242 kB
2026.05.10 19:43:49 INFO  Progress (1): 143/242 kB
2026.05.10 19:43:49 INFO  Progress (1): 160/242 kB
2026.05.10 19:43:49 INFO  Progress (1): 176/242 kB
2026.05.10 19:43:49 INFO  Progress (1): 193/242 kB
2026.05.10 19:43:49 INFO  Progress (1): 209/242 kB
2026.05.10 19:43:49 INFO  Progress (1): 225/242 kB
2026.05.10 19:43:49 INFO  Progress (1): 242/242 kB
2026.05.10 19:43:49 INFO  Progress (1): 242 kB    
2026.05.10 19:43:49 INFO                      
2026.05.10 19:43:49 INFO  Downloaded from central: https://repo.maven.apache.org/maven2/org/springframework/spring-expression/7.0.7/spring-expression-7.0.7-sources.jar (242 kB at 1.7 MB/s)
2026.05.10 19:43:49 INFO  [INFO] SUCCESS: org.springframework:spring-expression:jar:7.0.7:compile (sources = true)
2026.05.10 19:43:49 INFO  [INFO] Resolving artifact: org.springframework.boot:spring-boot-starter-webmvc-test:jar:4.0.6:test (sources = false)
2026.05.10 19:43:49 INFO  [INFO] SUCCESS: org.springframework.boot:spring-boot-starter-webmvc-test:jar:4.0.6:test (sources = false)
2026.05.10 19:43:49 INFO  [INFO] Resolving artifact: org.springframework.boot:spring-boot-starter-webmvc-test:jar:4.0.6:test (sources = true)
2026.05.10 19:43:49 INFO  Downloading from central: https://repo.maven.apache.org/maven2/org/springframework/boot/spring-boot-starter-webmvc-test/4.0.6/spring-boot-starter-webmvc-test-4.0.6-sources.jar
2026.05.10 19:43:49 INFO  Progress (1): 4.8 kB
2026.05.10 19:43:49 INFO                      
2026.05.10 19:43:49 INFO  Downloaded from central: https://repo.maven.apache.org/maven2/org/springframework/boot/spring-boot-starter-webmvc-test/4.0.6/spring-boot-starter-webmvc-test-4.0.6-sources.jar (4.8 kB at 69 kB/s)
2026.05.10 19:43:49 INFO  [INFO] SUCCESS: org.springframework.boot:spring-boot-starter-webmvc-test:jar:4.0.6:test (sources = true)
2026.05.10 19:43:49 INFO  [INFO] Resolving artifact: org.junit.platform:junit-platform-commons:jar:6.0.3:test (sources = false)
2026.05.10 19:43:49 INFO  [INFO] SUCCESS: org.junit.platform:junit-platform-commons:jar:6.0.3:test (sources = false)
2026.05.10 19:43:49 INFO  [INFO] Resolving artifact: org.junit.platform:junit-platform-commons:jar:6.0.3:test (sources = true)
2026.05.10 19:43:49 INFO  Downloading from central: https://repo.maven.apache.org/maven2/org/junit/platform/junit-platform-commons/6.0.3/junit-platform-commons-6.0.3-sources.jar
2026.05.10 19:43:49 INFO  Progress (1): 7.7/115 kB
2026.05.10 19:43:49 INFO  Progress (1): 16/115 kB 
2026.05.10 19:43:49 INFO  Progress (1): 24/115 kB
2026.05.10 19:43:49 INFO  Progress (1): 40/115 kB
2026.05.10 19:43:49 INFO  Progress (1): 57/115 kB
2026.05.10 19:43:49 INFO  Progress (1): 73/115 kB
2026.05.10 19:43:49 INFO  Progress (1): 90/115 kB
2026.05.10 19:43:49 INFO  Progress (1): 106/115 kB
2026.05.10 19:43:49 INFO  Progress (1): 115 kB    
2026.05.10 19:43:49 INFO                      
2026.05.10 19:43:49 INFO  Downloaded from central: https://repo.maven.apache.org/maven2/org/junit/platform/junit-platform-commons/6.0.3/junit-platform-commons-6.0.3-sources.jar (115 kB at 811 kB/s)
2026.05.10 19:43:49 INFO  [INFO] SUCCESS: org.junit.platform:junit-platform-commons:jar:6.0.3:test (sources = true)
2026.05.10 19:43:49 INFO  [INFO] Resolving artifact: tools.jackson.core:jackson-databind:jar:3.1.2:compile (sources = false)
2026.05.10 19:43:49 INFO  [INFO] SUCCESS: tools.jackson.core:jackson-databind:jar:3.1.2:compile (sources = false)
2026.05.10 19:43:49 INFO  [INFO] Resolving artifact: tools.jackson.core:jackson-databind:jar:3.1.2:compile (sources = true)
2026.05.10 19:43:49 INFO  Downloading from central: https://repo.maven.apache.org/maven2/tools/jackson/core/jackson-databind/3.1.2/jackson-databind-3.1.2-sources.jar
2026.05.10 19:43:49 INFO  Progress (1): 0/1.3 MB
2026.05.10 19:43:49 INFO  Progress (1): 0/1.3 MB
2026.05.10 19:43:49 INFO  Progress (1): 0/1.3 MB
2026.05.10 19:43:49 INFO  Progress (1): 0/1.3 MB
2026.05.10 19:43:49 INFO  Progress (1): 0.1/1.3 MB
2026.05.10 19:43:49 INFO  Progress (1): 0.1/1.3 MB
2026.05.10 19:43:49 INFO  Progress (1): 0.1/1.3 MB
2026.05.10 19:43:49 INFO  Progress (1): 0.1/1.3 MB
2026.05.10 19:43:49 INFO  Progress (1): 0.1/1.3 MB
2026.05.10 19:43:49 INFO  Progress (1): 0.1/1.3 MB
2026.05.10 19:43:49 INFO  Progress (1): 0.2/1.3 MB
2026.05.10 19:43:49 INFO  Progress (1): 0.2/1.3 MB
2026.05.10 19:43:49 INFO  Progress (1): 0.2/1.3 MB
2026.05.10 19:43:49 INFO  Progress (1): 0.2/1.3 MB
2026.05.10 19:43:49 INFO  Progress (1): 0.2/1.3 MB
2026.05.10 19:43:49 INFO  Progress (1): 0.2/1.3 MB
2026.05.10 19:43:49 INFO  Progress (1): 0.3/1.3 MB
2026.05.10 19:43:49 INFO  Progress (1): 0.3/1.3 MB
2026.05.10 19:43:49 INFO  Progress (1): 0.3/1.3 MB
2026.05.10 19:43:49 INFO  Progress (1): 0.3/1.3 MB
2026.05.10 19:43:49 INFO  Progress (1): 0.3/1.3 MB
2026.05.10 19:43:49 INFO  Progress (1): 0.3/1.3 MB
2026.05.10 19:43:49 INFO  Progress (1): 0.4/1.3 MB
2026.05.10 19:43:49 INFO  Progress (1): 0.4/1.3 MB
2026.05.10 19:43:49 INFO  Progress (1): 0.4/1.3 MB
2026.05.10 19:43:49 INFO  Progress (1): 0.4/1.3 MB
2026.05.10 19:43:49 INFO  Progress (1): 0.4/1.3 MB
2026.05.10 19:43:49 INFO  Progress (1): 0.4/1.3 MB
2026.05.10 19:43:49 INFO  Progress (1): 0.5/1.3 MB
2026.05.10 19:43:49 INFO  Progress (1): 0.5/1.3 MB
2026.05.10 19:43:49 INFO  Progress (1): 0.5/1.3 MB
2026.05.10 19:43:49 INFO  Progress (1): 0.5/1.3 MB
2026.05.10 19:43:49 INFO  Progress (1): 0.5/1.3 MB
2026.05.10 19:43:49 INFO  Progress (1): 0.5/1.3 MB
2026.05.10 19:43:49 INFO  Progress (1): 0.6/1.3 MB
2026.05.10 19:43:49 INFO  Progress (1): 0.6/1.3 MB
2026.05.10 19:43:49 INFO  Progress (1): 0.6/1.3 MB
2026.05.10 19:43:49 INFO  Progress (1): 0.6/1.3 MB
2026.05.10 19:43:49 INFO  Progress (1): 0.6/1.3 MB
2026.05.10 19:43:49 INFO  Progress (1): 0.6/1.3 MB
2026.05.10 19:43:49 INFO  Progress (1): 0.7/1.3 MB
2026.05.10 19:43:49 INFO  Progress (1): 0.7/1.3 MB
2026.05.10 19:43:49 INFO  Progress (1): 0.7/1.3 MB
2026.05.10 19:43:49 INFO  Progress (1): 0.7/1.3 MB
2026.05.10 19:43:49 INFO  Progress (1): 0.7/1.3 MB
2026.05.10 19:43:49 INFO  Progress (1): 0.7/1.3 MB
2026.05.10 19:43:49 INFO  Progress (1): 0.7/1.3 MB
2026.05.10 19:43:49 INFO  Progress (1): 0.8/1.3 MB
2026.05.10 19:43:49 INFO  Progress (1): 0.8/1.3 MB
2026.05.10 19:43:49 INFO  Progress (1): 0.8/1.3 MB
2026.05.10 19:43:49 INFO  Progress (1): 0.8/1.3 MB
2026.05.10 19:43:49 INFO  Progress (1): 0.8/1.3 MB
2026.05.10 19:43:49 INFO  Progress (1): 0.8/1.3 MB
2026.05.10 19:43:49 INFO  Progress (1): 0.9/1.3 MB
2026.05.10 19:43:49 INFO  Progress (1): 0.9/1.3 MB
2026.05.10 19:43:49 INFO  Progress (1): 0.9/1.3 MB
2026.05.10 19:43:49 INFO  Progress (1): 0.9/1.3 MB
2026.05.10 19:43:49 INFO  Progress (1): 0.9/1.3 MB
2026.05.10 19:43:49 INFO  Progress (1): 0.9/1.3 MB
2026.05.10 19:43:49 INFO  Progress (1): 1.0/1.3 MB
2026.05.10 19:43:49 INFO  Progress (1): 1.0/1.3 MB
2026.05.10 19:43:49 INFO  Progress (1): 1.0/1.3 MB
2026.05.10 19:43:49 INFO  Progress (1): 1.0/1.3 MB
2026.05.10 19:43:49 INFO  Progress (1): 1.0/1.3 MB
2026.05.10 19:43:49 INFO  Progress (1): 1.0/1.3 MB
2026.05.10 19:43:49 INFO  Progress (1): 1.1/1.3 MB
2026.05.10 19:43:49 INFO  Progress (1): 1.1/1.3 MB
2026.05.10 19:43:49 INFO  Progress (1): 1.1/1.3 MB
2026.05.10 19:43:49 INFO  Progress (1): 1.1/1.3 MB
2026.05.10 19:43:49 INFO  Progress (1): 1.1/1.3 MB
2026.05.10 19:43:49 INFO  Progress (1): 1.1/1.3 MB
2026.05.10 19:43:49 INFO  Progress (1): 1.2/1.3 MB
2026.05.10 19:43:49 INFO  Progress (1): 1.2/1.3 MB
2026.05.10 19:43:49 INFO  Progress (1): 1.2/1.3 MB
2026.05.10 19:43:49 INFO  Progress (1): 1.2/1.3 MB
2026.05.10 19:43:49 INFO  Progress (1): 1.2/1.3 MB
2026.05.10 19:43:49 INFO  Progress (1): 1.2/1.3 MB
2026.05.10 19:43:49 INFO  Progress (1): 1.3/1.3 MB
2026.05.10 19:43:49 INFO  Progress (1): 1.3/1.3 MB
2026.05.10 19:43:49 INFO  Progress (1): 1.3/1.3 MB
2026.05.10 19:43:49 INFO  Progress (1): 1.3/1.3 MB
2026.05.10 19:43:49 INFO  Progress (1): 1.3/1.3 MB
2026.05.10 19:43:49 INFO  Progress (1): 1.3 MB    
2026.05.10 19:43:49 INFO                      
2026.05.10 19:43:49 INFO  Downloaded from central: https://repo.maven.apache.org/maven2/tools/jackson/core/jackson-databind/3.1.2/jackson-databind-3.1.2-sources.jar (1.3 MB at 4.0 MB/s)
2026.05.10 19:43:49 INFO  [INFO] SUCCESS: tools.jackson.core:jackson-databind:jar:3.1.2:compile (sources = true)
2026.05.10 19:43:49 INFO  [INFO] Resolving artifact: org.springframework:spring-aop:jar:7.0.7:compile (sources = false)
2026.05.10 19:43:49 INFO  [INFO] SUCCESS: org.springframework:spring-aop:jar:7.0.7:compile (sources = false)
2026.05.10 19:43:49 INFO  [INFO] Resolving artifact: org.springframework:spring-aop:jar:7.0.7:compile (sources = true)
2026.05.10 19:43:49 INFO  Downloading from central: https://repo.maven.apache.org/maven2/org/springframework/spring-aop/7.0.7/spring-aop-7.0.7-sources.jar
2026.05.10 19:43:49 INFO  Progress (1): 7.7/375 kB
2026.05.10 19:43:49 INFO  Progress (1): 15/375 kB 
2026.05.10 19:43:49 INFO  Progress (1): 32/375 kB
2026.05.10 19:43:49 INFO  Progress (1): 48/375 kB
2026.05.10 19:43:49 INFO  Progress (1): 65/375 kB
2026.05.10 19:43:49 INFO  Progress (1): 81/375 kB
2026.05.10 19:43:49 INFO  Progress (1): 97/375 kB
2026.05.10 19:43:49 INFO  Progress (1): 114/375 kB
2026.05.10 19:43:49 INFO  Progress (1): 130/375 kB
2026.05.10 19:43:49 INFO  Progress (1): 147/375 kB
2026.05.10 19:43:49 INFO  Progress (1): 163/375 kB
2026.05.10 19:43:49 INFO  Progress (1): 179/375 kB
2026.05.10 19:43:49 INFO  Progress (1): 196/375 kB
2026.05.10 19:43:49 INFO  Progress (1): 212/375 kB
2026.05.10 19:43:49 INFO  Progress (1): 228/375 kB
2026.05.10 19:43:49 INFO  Progress (1): 245/375 kB
2026.05.10 19:43:49 INFO  Progress (1): 261/375 kB
2026.05.10 19:43:49 INFO  Progress (1): 278/375 kB
2026.05.10 19:43:49 INFO  Progress (1): 294/375 kB
2026.05.10 19:43:49 INFO  Progress (1): 310/375 kB
2026.05.10 19:43:49 INFO  Progress (1): 327/375 kB
2026.05.10 19:43:50 INFO  Progress (1): 343/375 kB
2026.05.10 19:43:50 INFO  Progress (1): 360/375 kB
2026.05.10 19:43:50 INFO  Progress (1): 375 kB    
2026.05.10 19:43:50 INFO                      
2026.05.10 19:43:50 INFO  Downloaded from central: https://repo.maven.apache.org/maven2/org/springframework/spring-aop/7.0.7/spring-aop-7.0.7-sources.jar (375 kB at 2.4 MB/s)
2026.05.10 19:43:50 INFO  [INFO] SUCCESS: org.springframework:spring-aop:jar:7.0.7:compile (sources = true)
2026.05.10 19:43:50 INFO  [INFO] Resolving artifact: org.springframework.boot:spring-boot-starter-webmvc:jar:4.0.6:compile (sources = false)
2026.05.10 19:43:50 INFO  [INFO] SUCCESS: org.springframework.boot:spring-boot-starter-webmvc:jar:4.0.6:compile (sources = false)
2026.05.10 19:43:50 INFO  [INFO] Resolving artifact: org.springframework.boot:spring-boot-starter-webmvc:jar:4.0.6:compile (sources = true)
2026.05.10 19:43:50 INFO  Downloading from central: https://repo.maven.apache.org/maven2/org/springframework/boot/spring-boot-starter-webmvc/4.0.6/spring-boot-starter-webmvc-4.0.6-sources.jar
2026.05.10 19:43:50 INFO  Progress (1): 4.7 kB
2026.05.10 19:43:50 INFO                      
2026.05.10 19:43:50 INFO  Downloaded from central: https://repo.maven.apache.org/maven2/org/springframework/boot/spring-boot-starter-webmvc/4.0.6/spring-boot-starter-webmvc-4.0.6-sources.jar (4.7 kB at 63 kB/s)
2026.05.10 19:43:50 INFO  [INFO] SUCCESS: org.springframework.boot:spring-boot-starter-webmvc:jar:4.0.6:compile (sources = true)
2026.05.10 19:43:50 INFO  [INFO] Resolving artifact: net.bytebuddy:byte-buddy:jar:1.17.8:test (sources = false)
2026.05.10 19:43:50 INFO  [INFO] SUCCESS: net.bytebuddy:byte-buddy:jar:1.17.8:test (sources = false)
2026.05.10 19:43:50 INFO  [INFO] Resolving artifact: net.bytebuddy:byte-buddy:jar:1.17.8:test (sources = true)
2026.05.10 19:43:50 INFO  [INFO] SUCCESS: net.bytebuddy:byte-buddy:jar:1.17.8:test (sources = true)
2026.05.10 19:43:50 INFO  [INFO] Resolving artifact: net.minidev:json-smart:jar:2.6.0:test (sources = false)
2026.05.10 19:43:50 INFO  [INFO] SUCCESS: net.minidev:json-smart:jar:2.6.0:test (sources = false)
2026.05.10 19:43:50 INFO  [INFO] Resolving artifact: net.minidev:json-smart:jar:2.6.0:test (sources = true)
2026.05.10 19:43:50 INFO  Downloading from central: https://repo.maven.apache.org/maven2/net/minidev/json-smart/2.6.0/json-smart-2.6.0-sources.jar
2026.05.10 19:43:50 INFO  Progress (1): 4.1/63 kB
2026.05.10 19:43:50 INFO  Progress (1): 20/63 kB 
2026.05.10 19:43:50 INFO  Progress (1): 37/63 kB
2026.05.10 19:43:50 INFO  Progress (1): 53/63 kB
2026.05.10 19:43:50 INFO  Progress (1): 61/63 kB
2026.05.10 19:43:50 INFO  Progress (1): 63 kB   
2026.05.10 19:43:50 INFO                     
2026.05.10 19:43:50 INFO  Downloaded from central: https://repo.maven.apache.org/maven2/net/minidev/json-smart/2.6.0/json-smart-2.6.0-sources.jar (63 kB at 646 kB/s)
2026.05.10 19:43:50 INFO  [INFO] SUCCESS: net.minidev:json-smart:jar:2.6.0:test (sources = true)
2026.05.10 19:43:50 INFO  [INFO] Resolving artifact: org.springframework.boot:spring-boot-starter:jar:4.0.6:compile (sources = false)
2026.05.10 19:43:50 INFO  [INFO] SUCCESS: org.springframework.boot:spring-boot-starter:jar:4.0.6:compile (sources = false)
2026.05.10 19:43:50 INFO  [INFO] Resolving artifact: org.springframework.boot:spring-boot-starter:jar:4.0.6:compile (sources = true)
2026.05.10 19:43:50 INFO  Downloading from central: https://repo.maven.apache.org/maven2/org/springframework/boot/spring-boot-starter/4.0.6/spring-boot-starter-4.0.6-sources.jar
2026.05.10 19:43:50 INFO  Progress (1): 4.8 kB
2026.05.10 19:43:50 INFO                      
2026.05.10 19:43:50 INFO  Downloaded from central: https://repo.maven.apache.org/maven2/org/springframework/boot/spring-boot-starter/4.0.6/spring-boot-starter-4.0.6-sources.jar (4.8 kB at 58 kB/s)
2026.05.10 19:43:50 INFO  [INFO] SUCCESS: org.springframework.boot:spring-boot-starter:jar:4.0.6:compile (sources = true)
2026.05.10 19:43:50 INFO  [INFO] Resolving artifact: org.springframework.boot:spring-boot-test:jar:4.0.6:test (sources = false)
2026.05.10 19:43:50 INFO  [INFO] SUCCESS: org.springframework.boot:spring-boot-test:jar:4.0.6:test (sources = false)
2026.05.10 19:43:50 INFO  [INFO] Resolving artifact: org.springframework.boot:spring-boot-test:jar:4.0.6:test (sources = true)
2026.05.10 19:43:50 INFO  Downloading from central: https://repo.maven.apache.org/maven2/org/springframework/boot/spring-boot-test/4.0.6/spring-boot-test-4.0.6-sources.jar
2026.05.10 19:43:50 INFO  Progress (1): 7.7/135 kB
2026.05.10 19:43:50 INFO  Progress (1): 16/135 kB 
2026.05.10 19:43:50 INFO  Progress (1): 24/135 kB
2026.05.10 19:43:50 INFO  Progress (1): 40/135 kB
2026.05.10 19:43:50 INFO  Progress (1): 57/135 kB
2026.05.10 19:43:50 INFO  Progress (1): 73/135 kB
2026.05.10 19:43:50 INFO  Progress (1): 90/135 kB
2026.05.10 19:43:50 INFO  Progress (1): 106/135 kB
2026.05.10 19:43:50 INFO  Progress (1): 122/135 kB
2026.05.10 19:43:50 INFO  Progress (1): 135 kB    
2026.05.10 19:43:50 INFO                      
2026.05.10 19:43:50 INFO  Downloaded from central: https://repo.maven.apache.org/maven2/org/springframework/boot/spring-boot-test/4.0.6/spring-boot-test-4.0.6-sources.jar (135 kB at 1.3 MB/s)
2026.05.10 19:43:50 INFO  [INFO] SUCCESS: org.springframework.boot:spring-boot-test:jar:4.0.6:test (sources = true)
2026.05.10 19:43:50 INFO  [INFO] Resolving artifact: jakarta.activation:jakarta.activation-api:jar:2.1.4:test (sources = false)
2026.05.10 19:43:50 INFO  [INFO] SUCCESS: jakarta.activation:jakarta.activation-api:jar:2.1.4:test (sources = false)
2026.05.10 19:43:50 INFO  [INFO] Resolving artifact: jakarta.activation:jakarta.activation-api:jar:2.1.4:test (sources = true)
2026.05.10 19:43:50 INFO  [INFO] SUCCESS: jakarta.activation:jakarta.activation-api:jar:2.1.4:test (sources = true)
2026.05.10 19:43:50 INFO  [INFO] Resolving artifact: org.apiguardian:apiguardian-api:jar:1.1.2:test (sources = false)
2026.05.10 19:43:50 INFO  [INFO] SUCCESS: org.apiguardian:apiguardian-api:jar:1.1.2:test (sources = false)
2026.05.10 19:43:50 INFO  [INFO] Resolving artifact: org.apiguardian:apiguardian-api:jar:1.1.2:test (sources = true)
2026.05.10 19:43:50 INFO  [INFO] SUCCESS: org.apiguardian:apiguardian-api:jar:1.1.2:test (sources = true)
2026.05.10 19:43:50 INFO  [INFO] Resolving artifact: org.junit.jupiter:junit-jupiter-engine:jar:6.0.3:test (sources = false)
2026.05.10 19:43:50 INFO  [INFO] SUCCESS: org.junit.jupiter:junit-jupiter-engine:jar:6.0.3:test (sources = false)
2026.05.10 19:43:50 INFO  [INFO] Resolving artifact: org.junit.jupiter:junit-jupiter-engine:jar:6.0.3:test (sources = true)
2026.05.10 19:43:50 INFO  Downloading from central: https://repo.maven.apache.org/maven2/org/junit/jupiter/junit-jupiter-engine/6.0.3/junit-jupiter-engine-6.0.3-sources.jar
2026.05.10 19:43:50 INFO  Progress (1): 7.7/173 kB
2026.05.10 19:43:50 INFO  Progress (1): 11/173 kB 
2026.05.10 19:43:50 INFO  Progress (1): 28/173 kB
2026.05.10 19:43:50 INFO  Progress (1): 44/173 kB
2026.05.10 19:43:50 INFO  Progress (1): 61/173 kB
2026.05.10 19:43:50 INFO  Progress (1): 77/173 kB
2026.05.10 19:43:50 INFO  Progress (1): 93/173 kB
2026.05.10 19:43:50 INFO  Progress (1): 110/173 kB
2026.05.10 19:43:50 INFO  Progress (1): 126/173 kB
2026.05.10 19:43:50 INFO  Progress (1): 142/173 kB
2026.05.10 19:43:50 INFO  Progress (1): 159/173 kB
2026.05.10 19:43:50 INFO  Progress (1): 173 kB    
2026.05.10 19:43:50 INFO                      
2026.05.10 19:43:50 INFO  Downloaded from central: https://repo.maven.apache.org/maven2/org/junit/jupiter/junit-jupiter-engine/6.0.3/junit-jupiter-engine-6.0.3-sources.jar (173 kB at 1.6 MB/s)
2026.05.10 19:43:50 INFO  [INFO] SUCCESS: org.junit.jupiter:junit-jupiter-engine:jar:6.0.3:test (sources = true)
2026.05.10 19:43:50 INFO  [INFO] Resolving artifact: org.apache.logging.log4j:log4j-api:jar:2.25.4:compile (sources = false)
2026.05.10 19:43:50 INFO  [INFO] SUCCESS: org.apache.logging.log4j:log4j-api:jar:2.25.4:compile (sources = false)
2026.05.10 19:43:50 INFO  [INFO] Resolving artifact: org.apache.logging.log4j:log4j-api:jar:2.25.4:compile (sources = true)
2026.05.10 19:43:50 INFO  Downloading from central: https://repo.maven.apache.org/maven2/org/apache/logging/log4j/log4j-api/2.25.4/log4j-api-2.25.4-sources.jar
2026.05.10 19:43:50 INFO  Progress (1): 7.7/296 kB
2026.05.10 19:43:50 INFO  Progress (1): 16/296 kB 
2026.05.10 19:43:50 INFO  Progress (1): 24/296 kB
2026.05.10 19:43:50 INFO  Progress (1): 40/296 kB
2026.05.10 19:43:50 INFO  Progress (1): 57/296 kB
2026.05.10 19:43:50 INFO  Progress (1): 73/296 kB
2026.05.10 19:43:50 INFO  Progress (1): 90/296 kB
2026.05.10 19:43:50 INFO  Progress (1): 106/296 kB
2026.05.10 19:43:50 INFO  Progress (1): 122/296 kB
2026.05.10 19:43:50 INFO  Progress (1): 139/296 kB
2026.05.10 19:43:50 INFO  Progress (1): 155/296 kB
2026.05.10 19:43:50 INFO  Progress (1): 172/296 kB
2026.05.10 19:43:50 INFO  Progress (1): 188/296 kB
2026.05.10 19:43:50 INFO  Progress (1): 204/296 kB
2026.05.10 19:43:50 INFO  Progress (1): 221/296 kB
2026.05.10 19:43:50 INFO  Progress (1): 237/296 kB
2026.05.10 19:43:50 INFO  Progress (1): 253/296 kB
2026.05.10 19:43:50 INFO  Progress (1): 270/296 kB
2026.05.10 19:43:50 INFO  Progress (1): 286/296 kB
2026.05.10 19:43:50 INFO  Progress (1): 296 kB    
2026.05.10 19:43:50 INFO                      
2026.05.10 19:43:50 INFO  Downloaded from central: https://repo.maven.apache.org/maven2/org/apache/logging/log4j/log4j-api/2.25.4/log4j-api-2.25.4-sources.jar (296 kB at 1.8 MB/s)
2026.05.10 19:43:50 INFO  [INFO] SUCCESS: org.apache.logging.log4j:log4j-api:jar:2.25.4:compile (sources = true)
2026.05.10 19:43:50 INFO  [INFO] Resolving artifact: org.junit.platform:junit-platform-engine:jar:6.0.3:test (sources = false)
2026.05.10 19:43:50 INFO  [INFO] SUCCESS: org.junit.platform:junit-platform-engine:jar:6.0.3:test (sources = false)
2026.05.10 19:43:50 INFO  [INFO] Resolving artifact: org.junit.platform:junit-platform-engine:jar:6.0.3:test (sources = true)
2026.05.10 19:43:50 INFO  Downloading from central: https://repo.maven.apache.org/maven2/org/junit/platform/junit-platform-engine/6.0.3/junit-platform-engine-6.0.3-sources.jar
2026.05.10 19:43:50 INFO  Progress (1): 7.7/175 kB
2026.05.10 19:43:50 INFO  Progress (1): 16/175 kB 
2026.05.10 19:43:50 INFO  Progress (1): 24/175 kB
2026.05.10 19:43:50 INFO  Progress (1): 40/175 kB
2026.05.10 19:43:50 INFO  Progress (1): 57/175 kB
2026.05.10 19:43:50 INFO  Progress (1): 73/175 kB
2026.05.10 19:43:50 INFO  Progress (1): 90/175 kB
2026.05.10 19:43:50 INFO  Progress (1): 106/175 kB
2026.05.10 19:43:50 INFO  Progress (1): 122/175 kB
2026.05.10 19:43:50 INFO  Progress (1): 139/175 kB
2026.05.10 19:43:50 INFO  Progress (1): 155/175 kB
2026.05.10 19:43:50 INFO  Progress (1): 172/175 kB
2026.05.10 19:43:50 INFO  Progress (1): 175 kB    
2026.05.10 19:43:50 INFO                      
2026.05.10 19:43:50 INFO  Downloaded from central: https://repo.maven.apache.org/maven2/org/junit/platform/junit-platform-engine/6.0.3/junit-platform-engine-6.0.3-sources.jar (175 kB at 1.4 MB/s)
2026.05.10 19:43:50 INFO  [INFO] SUCCESS: org.junit.platform:junit-platform-engine:jar:6.0.3:test (sources = true)
2026.05.10 19:43:50 INFO  [INFO] Resolving artifact: org.springframework.boot:spring-boot-starter-jackson-test:jar:4.0.6:test (sources = false)
2026.05.10 19:43:50 INFO  [INFO] SUCCESS: org.springframework.boot:spring-boot-starter-jackson-test:jar:4.0.6:test (sources = false)
2026.05.10 19:43:50 INFO  [INFO] Resolving artifact: org.springframework.boot:spring-boot-starter-jackson-test:jar:4.0.6:test (sources = true)
2026.05.10 19:43:50 INFO  Downloading from central: https://repo.maven.apache.org/maven2/org/springframework/boot/spring-boot-starter-jackson-test/4.0.6/spring-boot-starter-jackson-test-4.0.6-sources.jar
2026.05.10 19:43:50 INFO  Progress (1): 4.7 kB
2026.05.10 19:43:50 INFO                      
2026.05.10 19:43:50 INFO  Downloaded from central: https://repo.maven.apache.org/maven2/org/springframework/boot/spring-boot-starter-jackson-test/4.0.6/spring-boot-starter-jackson-test-4.0.6-sources.jar (4.7 kB at 57 kB/s)
2026.05.10 19:43:50 INFO  [INFO] SUCCESS: org.springframework.boot:spring-boot-starter-jackson-test:jar:4.0.6:test (sources = true)
2026.05.10 19:43:50 INFO  [INFO] Resolving artifact: org.apache.tomcat.embed:tomcat-embed-el:jar:11.0.21:compile (sources = false)
2026.05.10 19:43:50 INFO  [INFO] SUCCESS: org.apache.tomcat.embed:tomcat-embed-el:jar:11.0.21:compile (sources = false)
2026.05.10 19:43:50 INFO  [INFO] Resolving artifact: org.apache.tomcat.embed:tomcat-embed-el:jar:11.0.21:compile (sources = true)
2026.05.10 19:43:50 INFO  Downloading from central: https://repo.maven.apache.org/maven2/org/apache/tomcat/embed/tomcat-embed-el/11.0.21/tomcat-embed-el-11.0.21-sources.jar
2026.05.10 19:43:51 INFO  Progress (1): 7.7/238 kB
2026.05.10 19:43:51 INFO  Progress (1): 16/238 kB 
2026.05.10 19:43:51 INFO  Progress (1): 24/238 kB
2026.05.10 19:43:51 INFO  Progress (1): 40/238 kB
2026.05.10 19:43:51 INFO  Progress (1): 57/238 kB
2026.05.10 19:43:51 INFO  Progress (1): 73/238 kB
2026.05.10 19:43:51 INFO  Progress (1): 90/238 kB
2026.05.10 19:43:51 INFO  Progress (1): 106/238 kB
2026.05.10 19:43:51 INFO  Progress (1): 122/238 kB
2026.05.10 19:43:51 INFO  Progress (1): 139/238 kB
2026.05.10 19:43:51 INFO  Progress (1): 155/238 kB
2026.05.10 19:43:51 INFO  Progress (1): 172/238 kB
2026.05.10 19:43:51 INFO  Progress (1): 188/238 kB
2026.05.10 19:43:51 INFO  Progress (1): 204/238 kB
2026.05.10 19:43:51 INFO  Progress (1): 221/238 kB
2026.05.10 19:43:51 INFO  Progress (1): 237/238 kB
2026.05.10 19:43:51 INFO  Progress (1): 238 kB    
2026.05.10 19:43:51 INFO                      
2026.05.10 19:43:51 INFO  Downloaded from central: https://repo.maven.apache.org/maven2/org/apache/tomcat/embed/tomcat-embed-el/11.0.21/tomcat-embed-el-11.0.21-sources.jar (238 kB at 1.8 MB/s)
2026.05.10 19:43:51 INFO  [INFO] SUCCESS: org.apache.tomcat.embed:tomcat-embed-el:jar:11.0.21:compile (sources = true)
2026.05.10 19:43:51 INFO  [INFO] Resolving artifact: org.yaml:snakeyaml:jar:2.5:compile (sources = false)
2026.05.10 19:43:51 INFO  [INFO] SUCCESS: org.yaml:snakeyaml:jar:2.5:compile (sources = false)
2026.05.10 19:43:51 INFO  [INFO] Resolving artifact: org.yaml:snakeyaml:jar:2.5:compile (sources = true)
2026.05.10 19:43:51 INFO  Downloading from central: https://repo.maven.apache.org/maven2/org/yaml/snakeyaml/2.5/snakeyaml-2.5-sources.jar
2026.05.10 19:43:51 INFO  Progress (1): 7.7/210 kB
2026.05.10 19:43:51 INFO  Progress (1): 7.7/210 kB
2026.05.10 19:43:51 INFO  Progress (1): 24/210 kB 
2026.05.10 19:43:51 INFO  Progress (1): 40/210 kB
2026.05.10 19:43:51 INFO  Progress (1): 57/210 kB
2026.05.10 19:43:51 INFO  Progress (1): 73/210 kB
2026.05.10 19:43:51 INFO  Progress (1): 90/210 kB
2026.05.10 19:43:51 INFO  Progress (1): 106/210 kB
2026.05.10 19:43:51 INFO  Progress (1): 122/210 kB
2026.05.10 19:43:51 INFO  Progress (1): 139/210 kB
2026.05.10 19:43:51 INFO  Progress (1): 155/210 kB
2026.05.10 19:43:51 INFO  Progress (1): 172/210 kB
2026.05.10 19:43:51 INFO  Progress (1): 188/210 kB
2026.05.10 19:43:51 INFO  Progress (1): 204/210 kB
2026.05.10 19:43:51 INFO  Progress (1): 210 kB    
2026.05.10 19:43:51 INFO                      
2026.05.10 19:43:51 INFO  Downloaded from central: https://repo.maven.apache.org/maven2/org/yaml/snakeyaml/2.5/snakeyaml-2.5-sources.jar (210 kB at 1.3 MB/s)
2026.05.10 19:43:51 INFO  [INFO] SUCCESS: org.yaml:snakeyaml:jar:2.5:compile (sources = true)
2026.05.10 19:43:51 INFO  [INFO] Resolving artifact: org.springframework.boot:spring-boot-resttestclient:jar:4.0.6:test (sources = false)
2026.05.10 19:43:51 INFO  [INFO] SUCCESS: org.springframework.boot:spring-boot-resttestclient:jar:4.0.6:test (sources = false)
2026.05.10 19:43:51 INFO  [INFO] Resolving artifact: org.springframework.boot:spring-boot-resttestclient:jar:4.0.6:test (sources = true)
2026.05.10 19:43:51 INFO  Downloading from central: https://repo.maven.apache.org/maven2/org/springframework/boot/spring-boot-resttestclient/4.0.6/spring-boot-resttestclient-4.0.6-sources.jar
2026.05.10 19:43:51 INFO  Progress (1): 7.7/22 kB
2026.05.10 19:43:51 INFO  Progress (1): 16/22 kB 
2026.05.10 19:43:51 INFO  Progress (1): 22 kB   
2026.05.10 19:43:51 INFO                     
2026.05.10 19:43:51 INFO  Downloaded from central: https://repo.maven.apache.org/maven2/org/springframework/boot/spring-boot-resttestclient/4.0.6/spring-boot-resttestclient-4.0.6-sources.jar (22 kB at 259 kB/s)
2026.05.10 19:43:51 INFO  [INFO] SUCCESS: org.springframework.boot:spring-boot-resttestclient:jar:4.0.6:test (sources = true)
2026.05.10 19:43:51 INFO  [INFO] Resolving artifact: org.apache.tomcat.embed:tomcat-embed-core:jar:11.0.21:compile (sources = false)
2026.05.10 19:43:51 INFO  [INFO] SUCCESS: org.apache.tomcat.embed:tomcat-embed-core:jar:11.0.21:compile (sources = false)
2026.05.10 19:43:51 INFO  [INFO] Resolving artifact: org.apache.tomcat.embed:tomcat-embed-core:jar:11.0.21:compile (sources = true)
2026.05.10 19:43:51 INFO  Downloading from central: https://repo.maven.apache.org/maven2/org/apache/tomcat/embed/tomcat-embed-core/11.0.21/tomcat-embed-core-11.0.21-sources.jar
2026.05.10 19:43:51 INFO  Progress (1): 0/3.7 MB
2026.05.10 19:43:51 INFO  Progress (1): 0/3.7 MB
2026.05.10 19:43:51 INFO  Progress (1): 0/3.7 MB
2026.05.10 19:43:51 INFO  Progress (1): 0.1/3.7 MB
2026.05.10 19:43:51 INFO  Progress (1): 0.1/3.7 MB
2026.05.10 19:43:51 INFO  Progress (1): 0.1/3.7 MB
2026.05.10 19:43:51 INFO  Progress (1): 0.1/3.7 MB
2026.05.10 19:43:51 INFO  Progress (1): 0.1/3.7 MB
2026.05.10 19:43:51 INFO  Progress (1): 0.1/3.7 MB
2026.05.10 19:43:51 INFO  Progress (1): 0.1/3.7 MB
2026.05.10 19:43:51 INFO  Progress (1): 0.2/3.7 MB
2026.05.10 19:43:51 INFO  Progress (1): 0.2/3.7 MB
2026.05.10 19:43:51 INFO  Progress (1): 0.2/3.7 MB
2026.05.10 19:43:51 INFO  Progress (1): 0.2/3.7 MB
2026.05.10 19:43:51 INFO  Progress (1): 0.2/3.7 MB
2026.05.10 19:43:51 INFO  Progress (1): 0.2/3.7 MB
2026.05.10 19:43:51 INFO  Progress (1): 0.3/3.7 MB
2026.05.10 19:43:51 INFO  Progress (1): 0.3/3.7 MB
2026.05.10 19:43:51 INFO  Progress (1): 0.3/3.7 MB
2026.05.10 19:43:51 INFO  Progress (1): 0.3/3.7 MB
2026.05.10 19:43:51 INFO  Progress (1): 0.3/3.7 MB
2026.05.10 19:43:51 INFO  Progress (1): 0.3/3.7 MB
2026.05.10 19:43:51 INFO  Progress (1): 0.4/3.7 MB
2026.05.10 19:43:51 INFO  Progress (1): 0.4/3.7 MB
2026.05.10 19:43:51 INFO  Progress (1): 0.4/3.7 MB
2026.05.10 19:43:51 INFO  Progress (1): 0.4/3.7 MB
2026.05.10 19:43:51 INFO  Progress (1): 0.4/3.7 MB
2026.05.10 19:43:51 INFO  Progress (1): 0.4/3.7 MB
2026.05.10 19:43:51 INFO  Progress (1): 0.5/3.7 MB
2026.05.10 19:43:51 INFO  Progress (1): 0.5/3.7 MB
2026.05.10 19:43:51 INFO  Progress (1): 0.5/3.7 MB
2026.05.10 19:43:51 INFO  Progress (1): 0.5/3.7 MB
2026.05.10 19:43:51 INFO  Progress (1): 0.5/3.7 MB
2026.05.10 19:43:51 INFO  Progress (1): 0.5/3.7 MB
2026.05.10 19:43:51 INFO  Progress (1): 0.6/3.7 MB
2026.05.10 19:43:51 INFO  Progress (1): 0.6/3.7 MB
2026.05.10 19:43:51 INFO  Progress (1): 0.6/3.7 MB
2026.05.10 19:43:51 INFO  Progress (1): 0.6/3.7 MB
2026.05.10 19:43:51 INFO  Progress (1): 0.6/3.7 MB
2026.05.10 19:43:51 INFO  Progress (1): 0.6/3.7 MB
2026.05.10 19:43:51 INFO  Progress (1): 0.7/3.7 MB
2026.05.10 19:43:51 INFO  Progress (1): 0.7/3.7 MB
2026.05.10 19:43:51 INFO  Progress (1): 0.7/3.7 MB
2026.05.10 19:43:51 INFO  Progress (1): 0.7/3.7 MB
2026.05.10 19:43:51 INFO  Progress (1): 0.7/3.7 MB
2026.05.10 19:43:51 INFO  Progress (1): 0.7/3.7 MB
2026.05.10 19:43:51 INFO  Progress (1): 0.7/3.7 MB
2026.05.10 19:43:51 INFO  Progress (1): 0.8/3.7 MB
2026.05.10 19:43:51 INFO  Progress (1): 0.8/3.7 MB
2026.05.10 19:43:51 INFO  Progress (1): 0.8/3.7 MB
2026.05.10 19:43:51 INFO  Progress (1): 0.8/3.7 MB
2026.05.10 19:43:51 INFO  Progress (1): 0.8/3.7 MB
2026.05.10 19:43:51 INFO  Progress (1): 0.8/3.7 MB
2026.05.10 19:43:51 INFO  Progress (1): 0.9/3.7 MB
2026.05.10 19:43:51 INFO  Progress (1): 0.9/3.7 MB
2026.05.10 19:43:51 INFO  Progress (1): 0.9/3.7 MB
2026.05.10 19:43:51 INFO  Progress (1): 0.9/3.7 MB
2026.05.10 19:43:51 INFO  Progress (1): 0.9/3.7 MB
2026.05.10 19:43:51 INFO  Progress (1): 0.9/3.7 MB
2026.05.10 19:43:51 INFO  Progress (1): 1.0/3.7 MB
2026.05.10 19:43:51 INFO  Progress (1): 1.0/3.7 MB
2026.05.10 19:43:51 INFO  Progress (1): 1.0/3.7 MB
2026.05.10 19:43:51 INFO  Progress (1): 1.0/3.7 MB
2026.05.10 19:43:51 INFO  Progress (1): 1.0/3.7 MB
2026.05.10 19:43:51 INFO  Progress (1): 1.0/3.7 MB
2026.05.10 19:43:51 INFO  Progress (1): 1.1/3.7 MB
2026.05.10 19:43:51 INFO  Progress (1): 1.1/3.7 MB
2026.05.10 19:43:51 INFO  Progress (1): 1.1/3.7 MB
2026.05.10 19:43:51 INFO  Progress (1): 1.1/3.7 MB
2026.05.10 19:43:51 INFO  Progress (1): 1.1/3.7 MB
2026.05.10 19:43:51 INFO  Progress (1): 1.1/3.7 MB
2026.05.10 19:43:51 INFO  Progress (1): 1.2/3.7 MB
2026.05.10 19:43:51 INFO  Progress (1): 1.2/3.7 MB
2026.05.10 19:43:51 INFO  Progress (1): 1.2/3.7 MB
2026.05.10 19:43:51 INFO  Progress (1): 1.2/3.7 MB
2026.05.10 19:43:51 INFO  Progress (1): 1.2/3.7 MB
2026.05.10 19:43:51 INFO  Progress (1): 1.2/3.7 MB
2026.05.10 19:43:51 INFO  Progress (1): 1.3/3.7 MB
2026.05.10 19:43:51 INFO  Progress (1): 1.3/3.7 MB
2026.05.10 19:43:51 INFO  Progress (1): 1.3/3.7 MB
2026.05.10 19:43:51 INFO  Progress (1): 1.3/3.7 MB
2026.05.10 19:43:51 INFO  Progress (1): 1.3/3.7 MB
2026.05.10 19:43:51 INFO  Progress (1): 1.3/3.7 MB
2026.05.10 19:43:51 INFO  Progress (1): 1.4/3.7 MB
2026.05.10 19:43:51 INFO  Progress (1): 1.4/3.7 MB
2026.05.10 19:43:51 INFO  Progress (1): 1.4/3.7 MB
2026.05.10 19:43:51 INFO  Progress (1): 1.4/3.7 MB
2026.05.10 19:43:51 INFO  Progress (1): 1.4/3.7 MB
2026.05.10 19:43:51 INFO  Progress (1): 1.4/3.7 MB
2026.05.10 19:43:51 INFO  Progress (1): 1.5/3.7 MB
2026.05.10 19:43:51 INFO  Progress (1): 1.5/3.7 MB
2026.05.10 19:43:51 INFO  Progress (1): 1.5/3.7 MB
2026.05.10 19:43:51 INFO  Progress (1): 1.5/3.7 MB
2026.05.10 19:43:51 INFO  Progress (1): 1.5/3.7 MB
2026.05.10 19:43:51 INFO  Progress (1): 1.5/3.7 MB
2026.05.10 19:43:51 INFO  Progress (1): 1.6/3.7 MB
2026.05.10 19:43:51 INFO  Progress (1): 1.6/3.7 MB
2026.05.10 19:43:51 INFO  Progress (1): 1.6/3.7 MB
2026.05.10 19:43:51 INFO  Progress (1): 1.6/3.7 MB
2026.05.10 19:43:51 INFO  Progress (1): 1.6/3.7 MB
2026.05.10 19:43:51 INFO  Progress (1): 1.6/3.7 MB
2026.05.10 19:43:51 INFO  Progress (1): 1.7/3.7 MB
2026.05.10 19:43:51 INFO  Progress (1): 1.7/3.7 MB
2026.05.10 19:43:51 INFO  Progress (1): 1.7/3.7 MB
2026.05.10 19:43:51 INFO  Progress (1): 1.7/3.7 MB
2026.05.10 19:43:51 INFO  Progress (1): 1.7/3.7 MB
2026.05.10 19:43:51 INFO  Progress (1): 1.7/3.7 MB
2026.05.10 19:43:51 INFO  Progress (1): 1.7/3.7 MB
2026.05.10 19:43:51 INFO  Progress (1): 1.8/3.7 MB
2026.05.10 19:43:51 INFO  Progress (1): 1.8/3.7 MB
2026.05.10 19:43:51 INFO  Progress (1): 1.8/3.7 MB
2026.05.10 19:43:51 INFO  Progress (1): 1.8/3.7 MB
2026.05.10 19:43:51 INFO  Progress (1): 1.8/3.7 MB
2026.05.10 19:43:51 INFO  Progress (1): 1.8/3.7 MB
2026.05.10 19:43:51 INFO  Progress (1): 1.9/3.7 MB
2026.05.10 19:43:51 INFO  Progress (1): 1.9/3.7 MB
2026.05.10 19:43:51 INFO  Progress (1): 1.9/3.7 MB
2026.05.10 19:43:51 INFO  Progress (1): 1.9/3.7 MB
2026.05.10 19:43:51 INFO  Progress (1): 1.9/3.7 MB
2026.05.10 19:43:51 INFO  Progress (1): 1.9/3.7 MB
2026.05.10 19:43:51 INFO  Progress (1): 2.0/3.7 MB
2026.05.10 19:43:52 INFO  Progress (1): 2.0/3.7 MB
2026.05.10 19:43:52 INFO  Progress (1): 2.0/3.7 MB
2026.05.10 19:43:52 INFO  Progress (1): 2.0/3.7 MB
2026.05.10 19:43:52 INFO  Progress (1): 2.0/3.7 MB
2026.05.10 19:43:52 INFO  Progress (1): 2.0/3.7 MB
2026.05.10 19:43:52 INFO  Progress (1): 2.1/3.7 MB
2026.05.10 19:43:52 INFO  Progress (1): 2.1/3.7 MB
2026.05.10 19:43:52 INFO  Progress (1): 2.1/3.7 MB
2026.05.10 19:43:52 INFO  Progress (1): 2.1/3.7 MB
2026.05.10 19:43:52 INFO  Progress (1): 2.1/3.7 MB
2026.05.10 19:43:52 INFO  Progress (1): 2.1/3.7 MB
2026.05.10 19:43:52 INFO  Progress (1): 2.2/3.7 MB
2026.05.10 19:43:52 INFO  Progress (1): 2.2/3.7 MB
2026.05.10 19:43:52 INFO  Progress (1): 2.2/3.7 MB
2026.05.10 19:43:52 INFO  Progress (1): 2.2/3.7 MB
2026.05.10 19:43:52 INFO  Progress (1): 2.2/3.7 MB
2026.05.10 19:43:52 INFO  Progress (1): 2.2/3.7 MB
2026.05.10 19:43:52 INFO  Progress (1): 2.3/3.7 MB
2026.05.10 19:43:52 INFO  Progress (1): 2.3/3.7 MB
2026.05.10 19:43:52 INFO  Progress (1): 2.3/3.7 MB
2026.05.10 19:43:52 INFO  Progress (1): 2.3/3.7 MB
2026.05.10 19:43:52 INFO  Progress (1): 2.3/3.7 MB
2026.05.10 19:43:52 INFO  Progress (1): 2.3/3.7 MB
2026.05.10 19:43:52 INFO  Progress (1): 2.4/3.7 MB
2026.05.10 19:43:52 INFO  Progress (1): 2.4/3.7 MB
2026.05.10 19:43:52 INFO  Progress (1): 2.4/3.7 MB
2026.05.10 19:43:52 INFO  Progress (1): 2.4/3.7 MB
2026.05.10 19:43:52 INFO  Progress (1): 2.4/3.7 MB
2026.05.10 19:43:52 INFO  Progress (1): 2.4/3.7 MB
2026.05.10 19:43:52 INFO  Progress (1): 2.5/3.7 MB
2026.05.10 19:43:52 INFO  Progress (1): 2.5/3.7 MB
2026.05.10 19:43:52 INFO  Progress (1): 2.5/3.7 MB
2026.05.10 19:43:52 INFO  Progress (1): 2.5/3.7 MB
2026.05.10 19:43:52 INFO  Progress (1): 2.5/3.7 MB
2026.05.10 19:43:52 INFO  Progress (1): 2.5/3.7 MB
2026.05.10 19:43:52 INFO  Progress (1): 2.6/3.7 MB
2026.05.10 19:43:52 INFO  Progress (1): 2.6/3.7 MB
2026.05.10 19:43:52 INFO  Progress (1): 2.6/3.7 MB
2026.05.10 19:43:52 INFO  Progress (1): 2.6/3.7 MB
2026.05.10 19:43:52 INFO  Progress (1): 2.6/3.7 MB
2026.05.10 19:43:54 INFO  Progress (1): 2.6/3.7 MB
2026.05.10 19:43:54 INFO  Progress (1): 2.7/3.7 MB
2026.05.10 19:43:54 INFO  Progress (1): 2.7/3.7 MB
2026.05.10 19:43:54 INFO  Progress (1): 2.7/3.7 MB
2026.05.10 19:43:54 INFO  Progress (1): 2.7/3.7 MB
2026.05.10 19:43:54 INFO  Progress (1): 2.7/3.7 MB
2026.05.10 19:43:54 INFO  Progress (1): 2.7/3.7 MB
2026.05.10 19:43:54 INFO  Progress (1): 2.7/3.7 MB
2026.05.10 19:43:54 INFO  Progress (1): 2.8/3.7 MB
2026.05.10 19:43:54 INFO  Progress (1): 2.8/3.7 MB
2026.05.10 19:43:54 INFO  Progress (1): 2.8/3.7 MB
2026.05.10 19:43:54 INFO  Progress (1): 2.8/3.7 MB
2026.05.10 19:43:54 INFO  Progress (1): 2.8/3.7 MB
2026.05.10 19:43:54 INFO  Progress (1): 2.8/3.7 MB
2026.05.10 19:43:54 INFO  Progress (1): 2.9/3.7 MB
2026.05.10 19:43:54 INFO  Progress (1): 2.9/3.7 MB
2026.05.10 19:43:54 INFO  Progress (1): 2.9/3.7 MB
2026.05.10 19:43:54 INFO  Progress (1): 2.9/3.7 MB
2026.05.10 19:43:54 INFO  Progress (1): 2.9/3.7 MB
2026.05.10 19:43:54 INFO  Progress (1): 2.9/3.7 MB
2026.05.10 19:43:54 INFO  Progress (1): 3.0/3.7 MB
2026.05.10 19:43:54 INFO  Progress (1): 3.0/3.7 MB
2026.05.10 19:43:54 INFO  Progress (1): 3.0/3.7 MB
2026.05.10 19:43:54 INFO  Progress (1): 3.0/3.7 MB
2026.05.10 19:43:54 INFO  Progress (1): 3.0/3.7 MB
2026.05.10 19:43:54 INFO  Progress (1): 3.0/3.7 MB
2026.05.10 19:43:54 INFO  Progress (1): 3.1/3.7 MB
2026.05.10 19:43:54 INFO  Progress (1): 3.1/3.7 MB
2026.05.10 19:43:54 INFO  Progress (1): 3.1/3.7 MB
2026.05.10 19:43:54 INFO  Progress (1): 3.1/3.7 MB
2026.05.10 19:43:54 INFO  Progress (1): 3.1/3.7 MB
2026.05.10 19:43:54 INFO  Progress (1): 3.1/3.7 MB
2026.05.10 19:43:54 INFO  Progress (1): 3.2/3.7 MB
2026.05.10 19:43:54 INFO  Progress (1): 3.2/3.7 MB
2026.05.10 19:43:54 INFO  Progress (1): 3.2/3.7 MB
2026.05.10 19:43:54 INFO  Progress (1): 3.2/3.7 MB
2026.05.10 19:43:54 INFO  Progress (1): 3.2/3.7 MB
2026.05.10 19:43:54 INFO  Progress (1): 3.2/3.7 MB
2026.05.10 19:43:54 INFO  Progress (1): 3.3/3.7 MB
2026.05.10 19:43:54 INFO  Progress (1): 3.3/3.7 MB
2026.05.10 19:43:54 INFO  Progress (1): 3.3/3.7 MB
2026.05.10 19:43:54 INFO  Progress (1): 3.3/3.7 MB
2026.05.10 19:43:54 INFO  Progress (1): 3.3/3.7 MB
2026.05.10 19:43:54 INFO  Progress (1): 3.3/3.7 MB
2026.05.10 19:43:54 INFO  Progress (1): 3.4/3.7 MB
2026.05.10 19:43:54 INFO  Progress (1): 3.4/3.7 MB
2026.05.10 19:43:54 INFO  Progress (1): 3.4/3.7 MB
2026.05.10 19:43:54 INFO  Progress (1): 3.4/3.7 MB
2026.05.10 19:43:54 INFO  Progress (1): 3.4/3.7 MB
2026.05.10 19:43:54 INFO  Progress (1): 3.4/3.7 MB
2026.05.10 19:43:54 INFO  Progress (1): 3.5/3.7 MB
2026.05.10 19:43:54 INFO  Progress (1): 3.5/3.7 MB
2026.05.10 19:43:54 INFO  Progress (1): 3.5/3.7 MB
2026.05.10 19:43:54 INFO  Progress (1): 3.5/3.7 MB
2026.05.10 19:43:54 INFO  Progress (1): 3.5/3.7 MB
2026.05.10 19:43:54 INFO  Progress (1): 3.5/3.7 MB
2026.05.10 19:43:54 INFO  Progress (1): 3.6/3.7 MB
2026.05.10 19:43:54 INFO  Progress (1): 3.6/3.7 MB
2026.05.10 19:43:54 INFO  Progress (1): 3.6/3.7 MB
2026.05.10 19:43:54 INFO  Progress (1): 3.6/3.7 MB
2026.05.10 19:43:54 INFO  Progress (1): 3.6/3.7 MB
2026.05.10 19:43:54 INFO  Progress (1): 3.6/3.7 MB
2026.05.10 19:43:54 INFO  Progress (1): 3.6/3.7 MB
2026.05.10 19:43:54 INFO  Progress (1): 3.7/3.7 MB
2026.05.10 19:43:54 INFO  Progress (1): 3.7/3.7 MB
2026.05.10 19:43:54 INFO  Progress (1): 3.7/3.7 MB
2026.05.10 19:43:54 INFO  Progress (1): 3.7/3.7 MB
2026.05.10 19:43:54 INFO  Progress (1): 3.7/3.7 MB
2026.05.10 19:43:54 INFO  Progress (1): 3.7 MB    
2026.05.10 19:43:54 INFO                      
2026.05.10 19:43:54 INFO  Downloaded from central: https://repo.maven.apache.org/maven2/org/apache/tomcat/embed/tomcat-embed-core/11.0.21/tomcat-embed-core-11.0.21-sources.jar (3.7 MB at 1.7 MB/s)
2026.05.10 19:43:54 INFO  [INFO] SUCCESS: org.apache.tomcat.embed:tomcat-embed-core:jar:11.0.21:compile (sources = true)
2026.05.10 19:43:54 INFO  [INFO] Resolving artifact: org.springframework.boot:spring-boot-webmvc-test:jar:4.0.6:test (sources = false)
2026.05.10 19:43:54 INFO  [INFO] SUCCESS: org.springframework.boot:spring-boot-webmvc-test:jar:4.0.6:test (sources = false)
2026.05.10 19:43:54 INFO  [INFO] Resolving artifact: org.springframework.boot:spring-boot-webmvc-test:jar:4.0.6:test (sources = true)
2026.05.10 19:43:54 INFO  Downloading from central: https://repo.maven.apache.org/maven2/org/springframework/boot/spring-boot-webmvc-test/4.0.6/spring-boot-webmvc-test-4.0.6-sources.jar
2026.05.10 19:43:54 INFO  Progress (1): 3.2/33 kB
2026.05.10 19:43:54 INFO  Progress (1): 20/33 kB 
2026.05.10 19:43:54 INFO  Progress (1): 33 kB   
2026.05.10 19:43:54 INFO                     
2026.05.10 19:43:54 INFO  Downloaded from central: https://repo.maven.apache.org/maven2/org/springframework/boot/spring-boot-webmvc-test/4.0.6/spring-boot-webmvc-test-4.0.6-sources.jar (33 kB at 176 kB/s)
2026.05.10 19:43:54 INFO  [INFO] SUCCESS: org.springframework.boot:spring-boot-webmvc-test:jar:4.0.6:test (sources = true)
2026.05.10 19:43:54 INFO  [INFO] Resolving artifact: net.minidev:accessors-smart:jar:2.6.0:test (sources = false)
2026.05.10 19:43:54 INFO  [INFO] SUCCESS: net.minidev:accessors-smart:jar:2.6.0:test (sources = false)
2026.05.10 19:43:54 INFO  [INFO] Resolving artifact: net.minidev:accessors-smart:jar:2.6.0:test (sources = true)
2026.05.10 19:43:54 INFO  Downloading from central: https://repo.maven.apache.org/maven2/net/minidev/accessors-smart/2.6.0/accessors-smart-2.6.0-sources.jar
2026.05.10 19:43:54 INFO  Progress (1): 7.7/23 kB
2026.05.10 19:43:54 INFO  Progress (1): 8.2/23 kB
2026.05.10 19:43:54 INFO  Progress (1): 23 kB    
2026.05.10 19:43:54 INFO                     
2026.05.10 19:43:54 INFO  Downloaded from central: https://repo.maven.apache.org/maven2/net/minidev/accessors-smart/2.6.0/accessors-smart-2.6.0-sources.jar (23 kB at 238 kB/s)
2026.05.10 19:43:54 INFO  [INFO] SUCCESS: net.minidev:accessors-smart:jar:2.6.0:test (sources = true)
2026.05.10 19:43:54 INFO  [INFO] Resolving artifact: com.vaadin.external.google:android-json:jar:0.0.20131108.vaadin1:test (sources = false)
2026.05.10 19:43:54 INFO  [INFO] SUCCESS: com.vaadin.external.google:android-json:jar:0.0.20131108.vaadin1:test (sources = false)
2026.05.10 19:43:54 INFO  [INFO] Resolving artifact: com.vaadin.external.google:android-json:jar:0.0.20131108.vaadin1:test (sources = true)
2026.05.10 19:43:54 INFO  [INFO] SUCCESS: com.vaadin.external.google:android-json:jar:0.0.20131108.vaadin1:test (sources = true)
2026.05.10 19:43:54 INFO  [INFO] Resolving artifact: org.springframework.boot:spring-boot-webmvc:jar:4.0.6:compile (sources = false)
2026.05.10 19:43:54 INFO  [INFO] SUCCESS: org.springframework.boot:spring-boot-webmvc:jar:4.0.6:compile (sources = false)
2026.05.10 19:43:54 INFO  [INFO] Resolving artifact: org.springframework.boot:spring-boot-webmvc:jar:4.0.6:compile (sources = true)
2026.05.10 19:43:54 INFO  Downloading from central: https://repo.maven.apache.org/maven2/org/springframework/boot/spring-boot-webmvc/4.0.6/spring-boot-webmvc-4.0.6-sources.jar
2026.05.10 19:43:54 INFO  Progress (1): 7.7/89 kB
2026.05.10 19:43:54 INFO  Progress (1): 16/89 kB 
2026.05.10 19:43:54 INFO  Progress (1): 29/89 kB
2026.05.10 19:43:54 INFO  Progress (1): 45/89 kB
2026.05.10 19:43:54 INFO  Progress (1): 61/89 kB
2026.05.10 19:43:54 INFO  Progress (1): 78/89 kB
2026.05.10 19:43:54 INFO  Progress (1): 89 kB   
2026.05.10 19:43:54 INFO                     
2026.05.10 19:43:54 INFO  Downloaded from central: https://repo.maven.apache.org/maven2/org/springframework/boot/spring-boot-webmvc/4.0.6/spring-boot-webmvc-4.0.6-sources.jar (89 kB at 710 kB/s)
2026.05.10 19:43:54 INFO  [INFO] SUCCESS: org.springframework.boot:spring-boot-webmvc:jar:4.0.6:compile (sources = true)
2026.05.10 19:43:54 INFO  [INFO] Resolving artifact: net.bytebuddy:byte-buddy-agent:jar:1.17.8:test (sources = false)
2026.05.10 19:43:54 INFO  [INFO] SUCCESS: net.bytebuddy:byte-buddy-agent:jar:1.17.8:test (sources = false)
2026.05.10 19:43:54 INFO  [INFO] Resolving artifact: net.bytebuddy:byte-buddy-agent:jar:1.17.8:test (sources = true)
2026.05.10 19:43:54 INFO  [INFO] SUCCESS: net.bytebuddy:byte-buddy-agent:jar:1.17.8:test (sources = true)
2026.05.10 19:43:54 INFO  [INFO] Resolving artifact: org.springframework.boot:spring-boot-starter-jackson:jar:4.0.6:compile (sources = false)
2026.05.10 19:43:54 INFO  [INFO] SUCCESS: org.springframework.boot:spring-boot-starter-jackson:jar:4.0.6:compile (sources = false)
2026.05.10 19:43:54 INFO  [INFO] Resolving artifact: org.springframework.boot:spring-boot-starter-jackson:jar:4.0.6:compile (sources = true)
2026.05.10 19:43:54 INFO  Downloading from central: https://repo.maven.apache.org/maven2/org/springframework/boot/spring-boot-starter-jackson/4.0.6/spring-boot-starter-jackson-4.0.6-sources.jar
2026.05.10 19:43:54 INFO  Progress (1): 4.7 kB
2026.05.10 19:43:54 INFO                      
2026.05.10 19:43:54 INFO  Downloaded from central: https://repo.maven.apache.org/maven2/org/springframework/boot/spring-boot-starter-jackson/4.0.6/spring-boot-starter-jackson-4.0.6-sources.jar (4.7 kB at 49 kB/s)
2026.05.10 19:43:55 INFO  [INFO] SUCCESS: org.springframework.boot:spring-boot-starter-jackson:jar:4.0.6:compile (sources = true)
2026.05.10 19:43:55 INFO  [INFO] Resolving artifact: org.springframework.boot:spring-boot-test-autoconfigure:jar:4.0.6:test (sources = false)
2026.05.10 19:43:55 INFO  [INFO] SUCCESS: org.springframework.boot:spring-boot-test-autoconfigure:jar:4.0.6:test (sources = false)
2026.05.10 19:43:55 INFO  [INFO] Resolving artifact: org.springframework.boot:spring-boot-test-autoconfigure:jar:4.0.6:test (sources = true)
2026.05.10 19:43:55 INFO  Downloading from central: https://repo.maven.apache.org/maven2/org/springframework/boot/spring-boot-test-autoconfigure/4.0.6/spring-boot-test-autoconfigure-4.0.6-sources.jar
2026.05.10 19:43:55 INFO  Progress (1): 7.7/25 kB
2026.05.10 19:43:55 INFO  Progress (1): 16/25 kB 
2026.05.10 19:43:55 INFO  Progress (1): 25/25 kB
2026.05.10 19:43:55 INFO  Progress (1): 25 kB   
2026.05.10 19:43:55 INFO                     
2026.05.10 19:43:55 INFO  Downloaded from central: https://repo.maven.apache.org/maven2/org/springframework/boot/spring-boot-test-autoconfigure/4.0.6/spring-boot-test-autoconfigure-4.0.6-sources.jar (25 kB at 260 kB/s)
2026.05.10 19:43:55 INFO  [INFO] SUCCESS: org.springframework.boot:spring-boot-test-autoconfigure:jar:4.0.6:test (sources = true)
2026.05.10 19:43:55 INFO  [INFO] Generated .bloop\servigo.json
2026.05.10 19:43:55 INFO  [INFO] Resolving artifact: org.junit.jupiter:junit-jupiter-params:jar:6.0.3:test (sources = false)
2026.05.10 19:43:55 INFO  [INFO] SUCCESS: org.junit.jupiter:junit-jupiter-params:jar:6.0.3:test (sources = false)
2026.05.10 19:43:55 INFO  [INFO] Resolving artifact: org.junit.jupiter:junit-jupiter-params:jar:6.0.3:test (sources = true)
2026.05.10 19:43:55 INFO  [INFO] SUCCESS: org.junit.jupiter:junit-jupiter-params:jar:6.0.3:test (sources = true)
2026.05.10 19:43:55 INFO  [INFO] Resolving artifact: com.jayway.jsonpath:json-path:jar:2.10.0:test (sources = false)
2026.05.10 19:43:55 INFO  [INFO] SUCCESS: com.jayway.jsonpath:json-path:jar:2.10.0:test (sources = false)
2026.05.10 19:43:55 INFO  [INFO] Resolving artifact: com.jayway.jsonpath:json-path:jar:2.10.0:test (sources = true)
2026.05.10 19:43:55 INFO  [INFO] SUCCESS: com.jayway.jsonpath:json-path:jar:2.10.0:test (sources = true)
2026.05.10 19:43:55 INFO  [INFO] Resolving artifact: org.springframework.boot:spring-boot-tomcat:jar:4.0.6:compile (sources = false)
2026.05.10 19:43:55 INFO  [INFO] SUCCESS: org.springframework.boot:spring-boot-tomcat:jar:4.0.6:compile (sources = false)
2026.05.10 19:43:55 INFO  [INFO] Resolving artifact: org.springframework.boot:spring-boot-tomcat:jar:4.0.6:compile (sources = true)
2026.05.10 19:43:55 INFO  [INFO] SUCCESS: org.springframework.boot:spring-boot-tomcat:jar:4.0.6:compile (sources = true)
2026.05.10 19:43:55 INFO  [INFO] Resolving artifact: jakarta.xml.bind:jakarta.xml.bind-api:jar:4.0.4:test (sources = false)
2026.05.10 19:43:55 INFO  [INFO] SUCCESS: jakarta.xml.bind:jakarta.xml.bind-api:jar:4.0.4:test (sources = false)
2026.05.10 19:43:55 INFO  [INFO] Resolving artifact: jakarta.xml.bind:jakarta.xml.bind-api:jar:4.0.4:test (sources = true)
2026.05.10 19:43:55 INFO  [INFO] SUCCESS: jakarta.xml.bind:jakarta.xml.bind-api:jar:4.0.4:test (sources = true)
2026.05.10 19:43:55 INFO  [INFO] Resolving artifact: org.springframework.boot:spring-boot-http-converter:jar:4.0.6:compile (sources = false)
2026.05.10 19:43:55 INFO  [INFO] SUCCESS: org.springframework.boot:spring-boot-http-converter:jar:4.0.6:compile (sources = false)
2026.05.10 19:43:55 INFO  [INFO] Resolving artifact: org.springframework.boot:spring-boot-http-converter:jar:4.0.6:compile (sources = true)
2026.05.10 19:43:55 INFO  [INFO] SUCCESS: org.springframework.boot:spring-boot-http-converter:jar:4.0.6:compile (sources = true)
2026.05.10 19:43:55 INFO  [INFO] Resolving artifact: org.hamcrest:hamcrest:jar:3.0:test (sources = false)
2026.05.10 19:43:55 INFO  [INFO] SUCCESS: org.hamcrest:hamcrest:jar:3.0:test (sources = false)
2026.05.10 19:43:55 INFO  [INFO] Resolving artifact: org.hamcrest:hamcrest:jar:3.0:test (sources = true)
2026.05.10 19:43:55 INFO  [INFO] SUCCESS: org.hamcrest:hamcrest:jar:3.0:test (sources = true)
2026.05.10 19:43:55 INFO  [INFO] Resolving artifact: org.springframework:spring-context:jar:7.0.7:compile (sources = false)
2026.05.10 19:43:55 INFO  [INFO] SUCCESS: org.springframework:spring-context:jar:7.0.7:compile (sources = false)
2026.05.10 19:43:55 INFO  [INFO] Resolving artifact: org.springframework:spring-context:jar:7.0.7:compile (sources = true)
2026.05.10 19:43:55 INFO  [INFO] SUCCESS: org.springframework:spring-context:jar:7.0.7:compile (sources = true)
2026.05.10 19:43:55 INFO  [INFO] Resolving artifact: org.springframework:spring-core:jar:7.0.7:compile (sources = false)
2026.05.10 19:43:55 INFO  [INFO] SUCCESS: org.springframework:spring-core:jar:7.0.7:compile (sources = false)
2026.05.10 19:43:55 INFO  [INFO] Resolving artifact: org.springframework:spring-core:jar:7.0.7:compile (sources = true)
2026.05.10 19:43:55 INFO  [INFO] SUCCESS: org.springframework:spring-core:jar:7.0.7:compile (sources = true)
2026.05.10 19:43:55 INFO  [INFO] Resolving artifact: org.apache.tomcat.embed:tomcat-embed-websocket:jar:11.0.21:compile (sources = false)
2026.05.10 19:43:55 INFO  [INFO] SUCCESS: org.apache.tomcat.embed:tomcat-embed-websocket:jar:11.0.21:compile (sources = false)
2026.05.10 19:43:55 INFO  [INFO] Resolving artifact: org.apache.tomcat.embed:tomcat-embed-websocket:jar:11.0.21:compile (sources = true)
2026.05.10 19:43:55 INFO  [INFO] SUCCESS: org.apache.tomcat.embed:tomcat-embed-websocket:jar:11.0.21:compile (sources = true)
2026.05.10 19:43:55 INFO  [INFO] Resolving artifact: org.mockito:mockito-core:jar:5.20.0:test (sources = false)
2026.05.10 19:43:55 INFO  [INFO] SUCCESS: org.mockito:mockito-core:jar:5.20.0:test (sources = false)
2026.05.10 19:43:55 INFO  [INFO] Resolving artifact: org.mockito:mockito-core:jar:5.20.0:test (sources = true)
2026.05.10 19:43:55 INFO  [INFO] SUCCESS: org.mockito:mockito-core:jar:5.20.0:test (sources = true)
2026.05.10 19:43:55 INFO  [INFO] Resolving artifact: tools.jackson.core:jackson-core:jar:3.1.2:compile (sources = false)
2026.05.10 19:43:55 INFO  [INFO] SUCCESS: tools.jackson.core:jackson-core:jar:3.1.2:compile (sources = false)
2026.05.10 19:43:55 INFO  [INFO] Resolving artifact: tools.jackson.core:jackson-core:jar:3.1.2:compile (sources = true)
2026.05.10 19:43:55 INFO  [INFO] SUCCESS: tools.jackson.core:jackson-core:jar:3.1.2:compile (sources = true)
2026.05.10 19:43:55 INFO  [INFO] Resolving artifact: org.springframework:spring-webmvc:jar:7.0.7:compile (sources = false)
2026.05.10 19:43:55 INFO  [INFO] SUCCESS: org.springframework:spring-webmvc:jar:7.0.7:compile (sources = false)
2026.05.10 19:43:55 INFO  [INFO] Resolving artifact: org.springframework:spring-webmvc:jar:7.0.7:compile (sources = true)
2026.05.10 19:43:55 INFO  [INFO] SUCCESS: org.springframework:spring-webmvc:jar:7.0.7:compile (sources = true)
2026.05.10 19:43:55 INFO  [INFO] Resolving artifact: org.springframework.boot:spring-boot-devtools:jar:4.0.6:runtime (sources = false)
2026.05.10 19:43:55 INFO  [INFO] SUCCESS: org.springframework.boot:spring-boot-devtools:jar:4.0.6:runtime (sources = false)
2026.05.10 19:43:55 INFO  [INFO] Resolving artifact: org.springframework.boot:spring-boot-devtools:jar:4.0.6:runtime (sources = true)
2026.05.10 19:43:55 INFO  [INFO] SUCCESS: org.springframework.boot:spring-boot-devtools:jar:4.0.6:runtime (sources = true)
2026.05.10 19:43:55 INFO  [INFO] Resolving artifact: org.objenesis:objenesis:jar:3.3:test (sources = false)
2026.05.10 19:43:55 INFO  [INFO] SUCCESS: org.objenesis:objenesis:jar:3.3:test (sources = false)
2026.05.10 19:43:55 INFO  [INFO] Resolving artifact: org.objenesis:objenesis:jar:3.3:test (sources = true)
2026.05.10 19:43:55 INFO  [INFO] SUCCESS: org.objenesis:objenesis:jar:3.3:test (sources = true)
2026.05.10 19:43:55 INFO  [INFO] Resolving artifact: org.springframework.boot:spring-boot-starter-logging:jar:4.0.6:compile (sources = false)
2026.05.10 19:43:55 INFO  [INFO] SUCCESS: org.springframework.boot:spring-boot-starter-logging:jar:4.0.6:compile (sources = false)
2026.05.10 19:43:55 INFO  [INFO] Resolving artifact: org.springframework.boot:spring-boot-starter-logging:jar:4.0.6:compile (sources = true)
2026.05.10 19:43:55 INFO  [INFO] SUCCESS: org.springframework.boot:spring-boot-starter-logging:jar:4.0.6:compile (sources = true)
2026.05.10 19:43:55 INFO  [INFO] Resolving artifact: org.slf4j:slf4j-api:jar:2.0.17:compile (sources = false)
2026.05.10 19:43:55 INFO  [INFO] SUCCESS: org.slf4j:slf4j-api:jar:2.0.17:compile (sources = false)
2026.05.10 19:43:55 INFO  [INFO] Resolving artifact: org.slf4j:slf4j-api:jar:2.0.17:compile (sources = true)
2026.05.10 19:43:55 INFO  [INFO] SUCCESS: org.slf4j:slf4j-api:jar:2.0.17:compile (sources = true)
2026.05.10 19:43:55 INFO  [INFO] Resolving artifact: org.jspecify:jspecify:jar:1.0.0:compile (sources = false)
2026.05.10 19:43:55 INFO  [INFO] SUCCESS: org.jspecify:jspecify:jar:1.0.0:compile (sources = false)
2026.05.10 19:43:55 INFO  [INFO] Resolving artifact: org.jspecify:jspecify:jar:1.0.0:compile (sources = true)
2026.05.10 19:43:55 INFO  [INFO] SUCCESS: org.jspecify:jspecify:jar:1.0.0:compile (sources = true)
2026.05.10 19:43:55 INFO  [INFO] Resolving artifact: com.fasterxml.jackson.core:jackson-annotations:jar:2.21:compile (sources = false)
2026.05.10 19:43:55 INFO  [INFO] SUCCESS: com.fasterxml.jackson.core:jackson-annotations:jar:2.21:compile (sources = false)
2026.05.10 19:43:55 INFO  [INFO] Resolving artifact: com.fasterxml.jackson.core:jackson-annotations:jar:2.21:compile (sources = true)
2026.05.10 19:43:55 INFO  [INFO] SUCCESS: com.fasterxml.jackson.core:jackson-annotations:jar:2.21:compile (sources = true)
2026.05.10 19:43:55 INFO  [INFO] Resolving artifact: org.springframework.boot:spring-boot-starter-test:jar:4.0.6:test (sources = false)
2026.05.10 19:43:55 INFO  [INFO] SUCCESS: org.springframework.boot:spring-boot-starter-test:jar:4.0.6:test (sources = false)
2026.05.10 19:43:55 INFO  [INFO] Resolving artifact: org.springframework.boot:spring-boot-starter-test:jar:4.0.6:test (sources = true)
2026.05.10 19:43:55 INFO  [INFO] SUCCESS: org.springframework.boot:spring-boot-starter-test:jar:4.0.6:test (sources = true)
2026.05.10 19:43:55 INFO  [INFO] Resolving artifact: ch.qos.logback:logback-core:jar:1.5.32:compile (sources = false)
2026.05.10 19:43:55 INFO  [INFO] SUCCESS: ch.qos.logback:logback-core:jar:1.5.32:compile (sources = false)
2026.05.10 19:43:55 INFO  [INFO] Resolving artifact: ch.qos.logback:logback-core:jar:1.5.32:compile (sources = true)
2026.05.10 19:43:55 INFO  [INFO] SUCCESS: ch.qos.logback:logback-core:jar:1.5.32:compile (sources = true)
2026.05.10 19:43:55 INFO  [INFO] Resolving artifact: io.micrometer:micrometer-observation:jar:1.16.5:compile (sources = false)
2026.05.10 19:43:55 INFO  [INFO] SUCCESS: io.micrometer:micrometer-observation:jar:1.16.5:compile (sources = false)
2026.05.10 19:43:55 INFO  [INFO] Resolving artifact: io.micrometer:micrometer-observation:jar:1.16.5:compile (sources = true)
2026.05.10 19:43:55 INFO  [INFO] SUCCESS: io.micrometer:micrometer-observation:jar:1.16.5:compile (sources = true)
2026.05.10 19:43:55 INFO  [INFO] Resolving artifact: org.apache.logging.log4j:log4j-to-slf4j:jar:2.25.4:compile (sources = false)
2026.05.10 19:43:55 INFO  [INFO] SUCCESS: org.apache.logging.log4j:log4j-to-slf4j:jar:2.25.4:compile (sources = false)
2026.05.10 19:43:55 INFO  [INFO] Resolving artifact: org.apache.logging.log4j:log4j-to-slf4j:jar:2.25.4:compile (sources = true)
2026.05.10 19:43:55 INFO  [INFO] SUCCESS: org.apache.logging.log4j:log4j-to-slf4j:jar:2.25.4:compile (sources = true)
2026.05.10 19:43:55 INFO  [INFO] Resolving artifact: org.springframework.boot:spring-boot-jackson:jar:4.0.6:compile (sources = false)
2026.05.10 19:43:55 INFO  [INFO] SUCCESS: org.springframework.boot:spring-boot-jackson:jar:4.0.6:compile (sources = false)
2026.05.10 19:43:55 INFO  [INFO] Resolving artifact: org.springframework.boot:spring-boot-jackson:jar:4.0.6:compile (sources = true)
2026.05.10 19:43:55 INFO  [INFO] SUCCESS: org.springframework.boot:spring-boot-jackson:jar:4.0.6:compile (sources = true)
2026.05.10 19:43:55 INFO  [INFO] Resolving artifact: org.mockito:mockito-junit-jupiter:jar:5.20.0:test (sources = false)
2026.05.10 19:43:55 INFO  [INFO] SUCCESS: org.mockito:mockito-junit-jupiter:jar:5.20.0:test (sources = false)
2026.05.10 19:43:55 INFO  [INFO] Resolving artifact: org.mockito:mockito-junit-jupiter:jar:5.20.0:test (sources = true)
2026.05.10 19:43:55 INFO  [INFO] SUCCESS: org.mockito:mockito-junit-jupiter:jar:5.20.0:test (sources = true)
2026.05.10 19:43:55 INFO  [INFO] Resolving artifact: org.assertj:assertj-core:jar:3.27.7:test (sources = false)
2026.05.10 19:43:55 INFO  [INFO] SUCCESS: org.assertj:assertj-core:jar:3.27.7:test (sources = false)
2026.05.10 19:43:55 INFO  [INFO] Resolving artifact: org.assertj:assertj-core:jar:3.27.7:test (sources = true)
2026.05.10 19:43:55 INFO  [INFO] SUCCESS: org.assertj:assertj-core:jar:3.27.7:test (sources = true)
2026.05.10 19:43:55 INFO  [INFO] Resolving artifact: org.ow2.asm:asm:jar:9.7.1:test (sources = false)
2026.05.10 19:43:55 INFO  [INFO] SUCCESS: org.ow2.asm:asm:jar:9.7.1:test (sources = false)
2026.05.10 19:43:55 INFO  [INFO] Resolving artifact: org.ow2.asm:asm:jar:9.7.1:test (sources = true)
2026.05.10 19:43:55 INFO  [INFO] SUCCESS: org.ow2.asm:asm:jar:9.7.1:test (sources = true)
2026.05.10 19:43:55 INFO  [INFO] Resolving artifact: org.springframework:spring-test:jar:7.0.7:test (sources = false)
2026.05.10 19:43:55 INFO  [INFO] SUCCESS: org.springframework:spring-test:jar:7.0.7:test (sources = false)
2026.05.10 19:43:55 INFO  [INFO] Resolving artifact: org.springframework:spring-test:jar:7.0.7:test (sources = true)
2026.05.10 19:43:55 INFO  [INFO] SUCCESS: org.springframework:spring-test:jar:7.0.7:test (sources = true)
2026.05.10 19:43:55 INFO  [INFO] Resolving artifact: org.slf4j:jul-to-slf4j:jar:2.0.17:compile (sources = false)
2026.05.10 19:43:55 INFO  [INFO] SUCCESS: org.slf4j:jul-to-slf4j:jar:2.0.17:compile (sources = false)
2026.05.10 19:43:55 INFO  [INFO] Resolving artifact: org.slf4j:jul-to-slf4j:jar:2.0.17:compile (sources = true)
2026.05.10 19:43:55 INFO  [INFO] SUCCESS: org.slf4j:jul-to-slf4j:jar:2.0.17:compile (sources = true)
2026.05.10 19:43:55 INFO  [INFO] Resolving artifact: org.projectlombok:lombok:jar:1.18.46:compile (sources = false)
2026.05.10 19:43:55 INFO  [INFO] SUCCESS: org.projectlombok:lombok:jar:1.18.46:compile (sources = false)
2026.05.10 19:43:55 INFO  [INFO] Resolving artifact: org.projectlombok:lombok:jar:1.18.46:compile (sources = true)
2026.05.10 19:43:55 INFO  [INFO] SUCCESS: org.projectlombok:lombok:jar:1.18.46:compile (sources = true)
2026.05.10 19:43:55 INFO  [INFO] Resolving artifact: commons-logging:commons-logging:jar:1.3.6:compile (sources = false)
2026.05.10 19:43:55 INFO  [INFO] SUCCESS: commons-logging:commons-logging:jar:1.3.6:compile (sources = false)
2026.05.10 19:43:55 INFO  [INFO] Resolving artifact: commons-logging:commons-logging:jar:1.3.6:compile (sources = true)
2026.05.10 19:43:55 INFO  [INFO] SUCCESS: commons-logging:commons-logging:jar:1.3.6:compile (sources = true)
2026.05.10 19:43:55 INFO  [INFO] Resolving artifact: org.springframework.boot:spring-boot-servlet:jar:4.0.6:compile (sources = false)
2026.05.10 19:43:55 INFO  [INFO] SUCCESS: org.springframework.boot:spring-boot-servlet:jar:4.0.6:compile (sources = false)
2026.05.10 19:43:55 INFO  [INFO] Resolving artifact: org.springframework.boot:spring-boot-servlet:jar:4.0.6:compile (sources = true)
2026.05.10 19:43:55 INFO  [INFO] SUCCESS: org.springframework.boot:spring-boot-servlet:jar:4.0.6:compile (sources = true)
2026.05.10 19:43:55 INFO  [INFO] Resolving artifact: io.micrometer:micrometer-commons:jar:1.16.5:compile (sources = false)
2026.05.10 19:43:55 INFO  [INFO] SUCCESS: io.micrometer:micrometer-commons:jar:1.16.5:compile (sources = false)
2026.05.10 19:43:55 INFO  [INFO] Resolving artifact: io.micrometer:micrometer-commons:jar:1.16.5:compile (sources = true)
2026.05.10 19:43:55 INFO  [INFO] SUCCESS: io.micrometer:micrometer-commons:jar:1.16.5:compile (sources = true)
2026.05.10 19:43:55 INFO  [INFO] Resolving artifact: org.opentest4j:opentest4j:jar:1.3.0:test (sources = false)
2026.05.10 19:43:55 INFO  [INFO] SUCCESS: org.opentest4j:opentest4j:jar:1.3.0:test (sources = false)
2026.05.10 19:43:55 INFO  [INFO] Resolving artifact: org.opentest4j:opentest4j:jar:1.3.0:test (sources = true)
2026.05.10 19:43:55 INFO  [INFO] SUCCESS: org.opentest4j:opentest4j:jar:1.3.0:test (sources = true)
2026.05.10 19:43:55 INFO  [INFO] Resolving artifact: ch.qos.logback:logback-classic:jar:1.5.32:compile (sources = false)
2026.05.10 19:43:55 INFO  [INFO] SUCCESS: ch.qos.logback:logback-classic:jar:1.5.32:compile (sources = false)
2026.05.10 19:43:55 INFO  [INFO] Resolving artifact: ch.qos.logback:logback-classic:jar:1.5.32:compile (sources = true)
2026.05.10 19:43:55 INFO  [INFO] SUCCESS: ch.qos.logback:logback-classic:jar:1.5.32:compile (sources = true)
2026.05.10 19:43:55 INFO  [INFO] Resolving artifact: org.junit.jupiter:junit-jupiter-api:jar:6.0.3:test (sources = false)
2026.05.10 19:43:55 INFO  [INFO] SUCCESS: org.junit.jupiter:junit-jupiter-api:jar:6.0.3:test (sources = false)
2026.05.10 19:43:55 INFO  [INFO] Resolving artifact: org.junit.jupiter:junit-jupiter-api:jar:6.0.3:test (sources = true)
2026.05.10 19:43:55 INFO  [INFO] SUCCESS: org.junit.jupiter:junit-jupiter-api:jar:6.0.3:test (sources = true)
2026.05.10 19:43:55 INFO  [INFO] Resolving artifact: org.skyscreamer:jsonassert:jar:1.5.3:test (sources = false)
2026.05.10 19:43:55 INFO  [INFO] SUCCESS: org.skyscreamer:jsonassert:jar:1.5.3:test (sources = false)
2026.05.10 19:43:55 INFO  [INFO] Resolving artifact: org.skyscreamer:jsonassert:jar:1.5.3:test (sources = true)
2026.05.10 19:43:55 INFO  [INFO] SUCCESS: org.skyscreamer:jsonassert:jar:1.5.3:test (sources = true)
2026.05.10 19:43:55 INFO  [INFO] Resolving artifact: org.junit.jupiter:junit-jupiter:jar:6.0.3:test (sources = false)
2026.05.10 19:43:55 INFO  [INFO] SUCCESS: org.junit.jupiter:junit-jupiter:jar:6.0.3:test (sources = false)
2026.05.10 19:43:55 INFO  [INFO] Resolving artifact: org.junit.jupiter:junit-jupiter:jar:6.0.3:test (sources = true)
2026.05.10 19:43:55 INFO  [INFO] SUCCESS: org.junit.jupiter:junit-jupiter:jar:6.0.3:test (sources = true)
2026.05.10 19:43:55 INFO  [INFO] Resolving artifact: org.springframework.boot:spring-boot-starter-tomcat-runtime:jar:4.0.6:compile (sources = false)
2026.05.10 19:43:55 INFO  [INFO] SUCCESS: org.springframework.boot:spring-boot-starter-tomcat-runtime:jar:4.0.6:compile (sources = false)
2026.05.10 19:43:55 INFO  [INFO] Resolving artifact: org.springframework.boot:spring-boot-starter-tomcat-runtime:jar:4.0.6:compile (sources = true)
2026.05.10 19:43:55 INFO  [INFO] SUCCESS: org.springframework.boot:spring-boot-starter-tomcat-runtime:jar:4.0.6:compile (sources = true)
2026.05.10 19:43:55 INFO  [INFO] Resolving artifact: org.springframework.boot:spring-boot:jar:4.0.6:compile (sources = false)
2026.05.10 19:43:55 INFO  [INFO] SUCCESS: org.springframework.boot:spring-boot:jar:4.0.6:compile (sources = false)
2026.05.10 19:43:55 INFO  [INFO] Resolving artifact: org.springframework.boot:spring-boot:jar:4.0.6:compile (sources = true)
2026.05.10 19:43:55 INFO  [INFO] SUCCESS: org.springframework.boot:spring-boot:jar:4.0.6:compile (sources = true)
2026.05.10 19:43:55 INFO  [INFO] Resolving artifact: org.springframework.boot:spring-boot-web-server:jar:4.0.6:compile (sources = false)
2026.05.10 19:43:55 INFO  [INFO] SUCCESS: org.springframework.boot:spring-boot-web-server:jar:4.0.6:compile (sources = false)
2026.05.10 19:43:55 INFO  [INFO] Resolving artifact: org.springframework.boot:spring-boot-web-server:jar:4.0.6:compile (sources = true)
2026.05.10 19:43:55 INFO  [INFO] SUCCESS: org.springframework.boot:spring-boot-web-server:jar:4.0.6:compile (sources = true)
2026.05.10 19:43:55 INFO  [INFO] Resolving artifact: org.springframework:spring-web:jar:7.0.7:compile (sources = false)
2026.05.10 19:43:55 INFO  [INFO] SUCCESS: org.springframework:spring-web:jar:7.0.7:compile (sources = false)
2026.05.10 19:43:55 INFO  [INFO] Resolving artifact: org.springframework:spring-web:jar:7.0.7:compile (sources = true)
2026.05.10 19:43:55 INFO  [INFO] SUCCESS: org.springframework:spring-web:jar:7.0.7:compile (sources = true)
2026.05.10 19:43:55 INFO  [INFO] Resolving artifact: org.springframework.boot:spring-boot-autoconfigure:jar:4.0.6:compile (sources = false)
2026.05.10 19:43:55 INFO  [INFO] SUCCESS: org.springframework.boot:spring-boot-autoconfigure:jar:4.0.6:compile (sources = false)
2026.05.10 19:43:55 INFO  [INFO] Resolving artifact: org.springframework.boot:spring-boot-autoconfigure:jar:4.0.6:compile (sources = true)
2026.05.10 19:43:55 INFO  [INFO] SUCCESS: org.springframework.boot:spring-boot-autoconfigure:jar:4.0.6:compile (sources = true)
2026.05.10 19:43:55 INFO  [INFO] Resolving artifact: org.springframework:spring-beans:jar:7.0.7:compile (sources = false)
2026.05.10 19:43:55 INFO  [INFO] SUCCESS: org.springframework:spring-beans:jar:7.0.7:compile (sources = false)
2026.05.10 19:43:55 INFO  [INFO] Resolving artifact: org.springframework:spring-beans:jar:7.0.7:compile (sources = true)
2026.05.10 19:43:55 INFO  [INFO] SUCCESS: org.springframework:spring-beans:jar:7.0.7:compile (sources = true)
2026.05.10 19:43:55 INFO  [INFO] Resolving artifact: jakarta.annotation:jakarta.annotation-api:jar:3.0.0:compile (sources = false)
2026.05.10 19:43:55 INFO  [INFO] SUCCESS: jakarta.annotation:jakarta.annotation-api:jar:3.0.0:compile (sources = false)
2026.05.10 19:43:55 INFO  [INFO] Resolving artifact: jakarta.annotation:jakarta.annotation-api:jar:3.0.0:compile (sources = true)
2026.05.10 19:43:55 INFO  [INFO] SUCCESS: jakarta.annotation:jakarta.annotation-api:jar:3.0.0:compile (sources = true)
2026.05.10 19:43:55 INFO  [INFO] Resolving artifact: org.awaitility:awaitility:jar:4.3.0:test (sources = false)
2026.05.10 19:43:55 INFO  [INFO] SUCCESS: org.awaitility:awaitility:jar:4.3.0:test (sources = false)
2026.05.10 19:43:55 INFO  [INFO] Resolving artifact: org.awaitility:awaitility:jar:4.3.0:test (sources = true)
2026.05.10 19:43:55 INFO  [INFO] SUCCESS: org.awaitility:awaitility:jar:4.3.0:test (sources = true)
2026.05.10 19:43:55 INFO  [INFO] Resolving artifact: org.xmlunit:xmlunit-core:jar:2.10.4:test (sources = false)
2026.05.10 19:43:55 INFO  [INFO] SUCCESS: org.xmlunit:xmlunit-core:jar:2.10.4:test (sources = false)
2026.05.10 19:43:55 INFO  [INFO] Resolving artifact: org.xmlunit:xmlunit-core:jar:2.10.4:test (sources = true)
2026.05.10 19:43:55 INFO  [INFO] SUCCESS: org.xmlunit:xmlunit-core:jar:2.10.4:test (sources = true)
2026.05.10 19:43:55 INFO  [INFO] Resolving artifact: org.springframework.boot:spring-boot-starter-tomcat:jar:4.0.6:compile (sources = false)
2026.05.10 19:43:55 INFO  [INFO] SUCCESS: org.springframework.boot:spring-boot-starter-tomcat:jar:4.0.6:compile (sources = false)
2026.05.10 19:43:55 INFO  [INFO] Resolving artifact: org.springframework.boot:spring-boot-starter-tomcat:jar:4.0.6:compile (sources = true)
2026.05.10 19:43:55 INFO  [INFO] SUCCESS: org.springframework.boot:spring-boot-starter-tomcat:jar:4.0.6:compile (sources = true)
2026.05.10 19:43:55 INFO  [INFO] Resolving artifact: org.springframework:spring-expression:jar:7.0.7:compile (sources = false)
2026.05.10 19:43:55 INFO  [INFO] SUCCESS: org.springframework:spring-expression:jar:7.0.7:compile (sources = false)
2026.05.10 19:43:55 INFO  [INFO] Resolving artifact: org.springframework:spring-expression:jar:7.0.7:compile (sources = true)
2026.05.10 19:43:55 INFO  [INFO] SUCCESS: org.springframework:spring-expression:jar:7.0.7:compile (sources = true)
2026.05.10 19:43:55 INFO  [INFO] Resolving artifact: org.springframework.boot:spring-boot-starter-webmvc-test:jar:4.0.6:test (sources = false)
2026.05.10 19:43:55 INFO  [INFO] SUCCESS: org.springframework.boot:spring-boot-starter-webmvc-test:jar:4.0.6:test (sources = false)
2026.05.10 19:43:55 INFO  [INFO] Resolving artifact: org.springframework.boot:spring-boot-starter-webmvc-test:jar:4.0.6:test (sources = true)
2026.05.10 19:43:55 INFO  [INFO] SUCCESS: org.springframework.boot:spring-boot-starter-webmvc-test:jar:4.0.6:test (sources = true)
2026.05.10 19:43:55 INFO  [INFO] Resolving artifact: org.junit.platform:junit-platform-commons:jar:6.0.3:test (sources = false)
2026.05.10 19:43:55 INFO  [INFO] SUCCESS: org.junit.platform:junit-platform-commons:jar:6.0.3:test (sources = false)
2026.05.10 19:43:55 INFO  [INFO] Resolving artifact: org.junit.platform:junit-platform-commons:jar:6.0.3:test (sources = true)
2026.05.10 19:43:55 INFO  [INFO] SUCCESS: org.junit.platform:junit-platform-commons:jar:6.0.3:test (sources = true)
2026.05.10 19:43:55 INFO  [INFO] Resolving artifact: tools.jackson.core:jackson-databind:jar:3.1.2:compile (sources = false)
2026.05.10 19:43:55 INFO  [INFO] SUCCESS: tools.jackson.core:jackson-databind:jar:3.1.2:compile (sources = false)
2026.05.10 19:43:55 INFO  [INFO] Resolving artifact: tools.jackson.core:jackson-databind:jar:3.1.2:compile (sources = true)
2026.05.10 19:43:55 INFO  [INFO] SUCCESS: tools.jackson.core:jackson-databind:jar:3.1.2:compile (sources = true)
2026.05.10 19:43:55 INFO  [INFO] Resolving artifact: org.springframework:spring-aop:jar:7.0.7:compile (sources = false)
2026.05.10 19:43:55 INFO  [INFO] SUCCESS: org.springframework:spring-aop:jar:7.0.7:compile (sources = false)
2026.05.10 19:43:55 INFO  [INFO] Resolving artifact: org.springframework:spring-aop:jar:7.0.7:compile (sources = true)
2026.05.10 19:43:55 INFO  [INFO] SUCCESS: org.springframework:spring-aop:jar:7.0.7:compile (sources = true)
2026.05.10 19:43:55 INFO  [INFO] Resolving artifact: org.springframework.boot:spring-boot-starter-webmvc:jar:4.0.6:compile (sources = false)
2026.05.10 19:43:55 INFO  [INFO] SUCCESS: org.springframework.boot:spring-boot-starter-webmvc:jar:4.0.6:compile (sources = false)
2026.05.10 19:43:55 INFO  [INFO] Resolving artifact: org.springframework.boot:spring-boot-starter-webmvc:jar:4.0.6:compile (sources = true)
2026.05.10 19:43:55 INFO  [INFO] SUCCESS: org.springframework.boot:spring-boot-starter-webmvc:jar:4.0.6:compile (sources = true)
2026.05.10 19:43:55 INFO  [INFO] Resolving artifact: net.bytebuddy:byte-buddy:jar:1.17.8:test (sources = false)
2026.05.10 19:43:55 INFO  [INFO] SUCCESS: net.bytebuddy:byte-buddy:jar:1.17.8:test (sources = false)
2026.05.10 19:43:55 INFO  [INFO] Resolving artifact: net.bytebuddy:byte-buddy:jar:1.17.8:test (sources = true)
2026.05.10 19:43:55 INFO  [INFO] SUCCESS: net.bytebuddy:byte-buddy:jar:1.17.8:test (sources = true)
2026.05.10 19:43:55 INFO  [INFO] Resolving artifact: net.minidev:json-smart:jar:2.6.0:test (sources = false)
2026.05.10 19:43:55 INFO  [INFO] SUCCESS: net.minidev:json-smart:jar:2.6.0:test (sources = false)
2026.05.10 19:43:55 INFO  [INFO] Resolving artifact: net.minidev:json-smart:jar:2.6.0:test (sources = true)
2026.05.10 19:43:55 INFO  [INFO] SUCCESS: net.minidev:json-smart:jar:2.6.0:test (sources = true)
2026.05.10 19:43:55 INFO  [INFO] Resolving artifact: org.springframework.boot:spring-boot-starter:jar:4.0.6:compile (sources = false)
2026.05.10 19:43:55 INFO  [INFO] SUCCESS: org.springframework.boot:spring-boot-starter:jar:4.0.6:compile (sources = false)
2026.05.10 19:43:55 INFO  [INFO] Resolving artifact: org.springframework.boot:spring-boot-starter:jar:4.0.6:compile (sources = true)
2026.05.10 19:43:55 INFO  [INFO] SUCCESS: org.springframework.boot:spring-boot-starter:jar:4.0.6:compile (sources = true)
2026.05.10 19:43:55 INFO  [INFO] Resolving artifact: org.springframework.boot:spring-boot-test:jar:4.0.6:test (sources = false)
2026.05.10 19:43:55 INFO  [INFO] SUCCESS: org.springframework.boot:spring-boot-test:jar:4.0.6:test (sources = false)
2026.05.10 19:43:55 INFO  [INFO] Resolving artifact: org.springframework.boot:spring-boot-test:jar:4.0.6:test (sources = true)
2026.05.10 19:43:55 INFO  [INFO] SUCCESS: org.springframework.boot:spring-boot-test:jar:4.0.6:test (sources = true)
2026.05.10 19:43:55 INFO  [INFO] Resolving artifact: jakarta.activation:jakarta.activation-api:jar:2.1.4:test (sources = false)
2026.05.10 19:43:55 INFO  [INFO] SUCCESS: jakarta.activation:jakarta.activation-api:jar:2.1.4:test (sources = false)
2026.05.10 19:43:55 INFO  [INFO] Resolving artifact: jakarta.activation:jakarta.activation-api:jar:2.1.4:test (sources = true)
2026.05.10 19:43:55 INFO  [INFO] SUCCESS: jakarta.activation:jakarta.activation-api:jar:2.1.4:test (sources = true)
2026.05.10 19:43:55 INFO  [INFO] Resolving artifact: org.apiguardian:apiguardian-api:jar:1.1.2:test (sources = false)
2026.05.10 19:43:55 INFO  [INFO] SUCCESS: org.apiguardian:apiguardian-api:jar:1.1.2:test (sources = false)
2026.05.10 19:43:55 INFO  [INFO] Resolving artifact: org.apiguardian:apiguardian-api:jar:1.1.2:test (sources = true)
2026.05.10 19:43:55 INFO  [INFO] SUCCESS: org.apiguardian:apiguardian-api:jar:1.1.2:test (sources = true)
2026.05.10 19:43:55 INFO  [INFO] Resolving artifact: org.junit.jupiter:junit-jupiter-engine:jar:6.0.3:test (sources = false)
2026.05.10 19:43:55 INFO  [INFO] SUCCESS: org.junit.jupiter:junit-jupiter-engine:jar:6.0.3:test (sources = false)
2026.05.10 19:43:55 INFO  [INFO] Resolving artifact: org.junit.jupiter:junit-jupiter-engine:jar:6.0.3:test (sources = true)
2026.05.10 19:43:55 INFO  [INFO] SUCCESS: org.junit.jupiter:junit-jupiter-engine:jar:6.0.3:test (sources = true)
2026.05.10 19:43:55 INFO  [INFO] Resolving artifact: org.apache.logging.log4j:log4j-api:jar:2.25.4:compile (sources = false)
2026.05.10 19:43:55 INFO  [INFO] SUCCESS: org.apache.logging.log4j:log4j-api:jar:2.25.4:compile (sources = false)
2026.05.10 19:43:55 INFO  [INFO] Resolving artifact: org.apache.logging.log4j:log4j-api:jar:2.25.4:compile (sources = true)
2026.05.10 19:43:55 INFO  [INFO] SUCCESS: org.apache.logging.log4j:log4j-api:jar:2.25.4:compile (sources = true)
2026.05.10 19:43:55 INFO  [INFO] Resolving artifact: org.junit.platform:junit-platform-engine:jar:6.0.3:test (sources = false)
2026.05.10 19:43:55 INFO  [INFO] SUCCESS: org.junit.platform:junit-platform-engine:jar:6.0.3:test (sources = false)
2026.05.10 19:43:55 INFO  [INFO] Resolving artifact: org.junit.platform:junit-platform-engine:jar:6.0.3:test (sources = true)
2026.05.10 19:43:55 INFO  [INFO] SUCCESS: org.junit.platform:junit-platform-engine:jar:6.0.3:test (sources = true)
2026.05.10 19:43:55 INFO  [INFO] Resolving artifact: org.springframework.boot:spring-boot-starter-jackson-test:jar:4.0.6:test (sources = false)
2026.05.10 19:43:55 INFO  [INFO] SUCCESS: org.springframework.boot:spring-boot-starter-jackson-test:jar:4.0.6:test (sources = false)
2026.05.10 19:43:55 INFO  [INFO] Resolving artifact: org.springframework.boot:spring-boot-starter-jackson-test:jar:4.0.6:test (sources = true)
2026.05.10 19:43:55 INFO  [INFO] SUCCESS: org.springframework.boot:spring-boot-starter-jackson-test:jar:4.0.6:test (sources = true)
2026.05.10 19:43:55 INFO  [INFO] Resolving artifact: org.apache.tomcat.embed:tomcat-embed-el:jar:11.0.21:compile (sources = false)
2026.05.10 19:43:55 INFO  [INFO] SUCCESS: org.apache.tomcat.embed:tomcat-embed-el:jar:11.0.21:compile (sources = false)
2026.05.10 19:43:55 INFO  [INFO] Resolving artifact: org.apache.tomcat.embed:tomcat-embed-el:jar:11.0.21:compile (sources = true)
2026.05.10 19:43:55 INFO  [INFO] SUCCESS: org.apache.tomcat.embed:tomcat-embed-el:jar:11.0.21:compile (sources = true)
2026.05.10 19:43:55 INFO  [INFO] Resolving artifact: org.yaml:snakeyaml:jar:2.5:compile (sources = false)
2026.05.10 19:43:55 INFO  [INFO] SUCCESS: org.yaml:snakeyaml:jar:2.5:compile (sources = false)
2026.05.10 19:43:55 INFO  [INFO] Resolving artifact: org.yaml:snakeyaml:jar:2.5:compile (sources = true)
2026.05.10 19:43:55 INFO  [INFO] SUCCESS: org.yaml:snakeyaml:jar:2.5:compile (sources = true)
2026.05.10 19:43:55 INFO  [INFO] Resolving artifact: org.springframework.boot:spring-boot-resttestclient:jar:4.0.6:test (sources = false)
2026.05.10 19:43:55 INFO  [INFO] SUCCESS: org.springframework.boot:spring-boot-resttestclient:jar:4.0.6:test (sources = false)
2026.05.10 19:43:55 INFO  [INFO] Resolving artifact: org.springframework.boot:spring-boot-resttestclient:jar:4.0.6:test (sources = true)
2026.05.10 19:43:55 INFO  [INFO] SUCCESS: org.springframework.boot:spring-boot-resttestclient:jar:4.0.6:test (sources = true)
2026.05.10 19:43:55 INFO  [INFO] Resolving artifact: org.apache.tomcat.embed:tomcat-embed-core:jar:11.0.21:compile (sources = false)
2026.05.10 19:43:55 INFO  [INFO] SUCCESS: org.apache.tomcat.embed:tomcat-embed-core:jar:11.0.21:compile (sources = false)
2026.05.10 19:43:55 INFO  [INFO] Resolving artifact: org.apache.tomcat.embed:tomcat-embed-core:jar:11.0.21:compile (sources = true)
2026.05.10 19:43:55 INFO  [INFO] SUCCESS: org.apache.tomcat.embed:tomcat-embed-core:jar:11.0.21:compile (sources = true)
2026.05.10 19:43:55 INFO  [INFO] Resolving artifact: org.springframework.boot:spring-boot-webmvc-test:jar:4.0.6:test (sources = false)
2026.05.10 19:43:55 INFO  [INFO] SUCCESS: org.springframework.boot:spring-boot-webmvc-test:jar:4.0.6:test (sources = false)
2026.05.10 19:43:55 INFO  [INFO] Resolving artifact: org.springframework.boot:spring-boot-webmvc-test:jar:4.0.6:test (sources = true)
2026.05.10 19:43:55 INFO  [INFO] SUCCESS: org.springframework.boot:spring-boot-webmvc-test:jar:4.0.6:test (sources = true)
2026.05.10 19:43:55 INFO  [INFO] Resolving artifact: net.minidev:accessors-smart:jar:2.6.0:test (sources = false)
2026.05.10 19:43:55 INFO  [INFO] SUCCESS: net.minidev:accessors-smart:jar:2.6.0:test (sources = false)
2026.05.10 19:43:55 INFO  [INFO] Resolving artifact: net.minidev:accessors-smart:jar:2.6.0:test (sources = true)
2026.05.10 19:43:55 INFO  [INFO] SUCCESS: net.minidev:accessors-smart:jar:2.6.0:test (sources = true)
2026.05.10 19:43:55 INFO  [INFO] Resolving artifact: com.vaadin.external.google:android-json:jar:0.0.20131108.vaadin1:test (sources = false)
2026.05.10 19:43:55 INFO  [INFO] SUCCESS: com.vaadin.external.google:android-json:jar:0.0.20131108.vaadin1:test (sources = false)
2026.05.10 19:43:55 INFO  [INFO] Resolving artifact: com.vaadin.external.google:android-json:jar:0.0.20131108.vaadin1:test (sources = true)
2026.05.10 19:43:55 INFO  [INFO] SUCCESS: com.vaadin.external.google:android-json:jar:0.0.20131108.vaadin1:test (sources = true)
2026.05.10 19:43:55 INFO  [INFO] Resolving artifact: org.springframework.boot:spring-boot-webmvc:jar:4.0.6:compile (sources = false)
2026.05.10 19:43:55 INFO  [INFO] SUCCESS: org.springframework.boot:spring-boot-webmvc:jar:4.0.6:compile (sources = false)
2026.05.10 19:43:55 INFO  [INFO] Resolving artifact: org.springframework.boot:spring-boot-webmvc:jar:4.0.6:compile (sources = true)
2026.05.10 19:43:55 INFO  [INFO] SUCCESS: org.springframework.boot:spring-boot-webmvc:jar:4.0.6:compile (sources = true)
2026.05.10 19:43:55 INFO  [INFO] Resolving artifact: net.bytebuddy:byte-buddy-agent:jar:1.17.8:test (sources = false)
2026.05.10 19:43:55 INFO  [INFO] SUCCESS: net.bytebuddy:byte-buddy-agent:jar:1.17.8:test (sources = false)
2026.05.10 19:43:55 INFO  [INFO] Resolving artifact: net.bytebuddy:byte-buddy-agent:jar:1.17.8:test (sources = true)
2026.05.10 19:43:55 INFO  [INFO] SUCCESS: net.bytebuddy:byte-buddy-agent:jar:1.17.8:test (sources = true)
2026.05.10 19:43:55 INFO  [INFO] Resolving artifact: org.springframework.boot:spring-boot-starter-jackson:jar:4.0.6:compile (sources = false)
2026.05.10 19:43:55 INFO  [INFO] SUCCESS: org.springframework.boot:spring-boot-starter-jackson:jar:4.0.6:compile (sources = false)
2026.05.10 19:43:55 INFO  [INFO] Resolving artifact: org.springframework.boot:spring-boot-starter-jackson:jar:4.0.6:compile (sources = true)
2026.05.10 19:43:55 INFO  [INFO] SUCCESS: org.springframework.boot:spring-boot-starter-jackson:jar:4.0.6:compile (sources = true)
2026.05.10 19:43:55 INFO  [INFO] Resolving artifact: org.springframework.boot:spring-boot-test-autoconfigure:jar:4.0.6:test (sources = false)
2026.05.10 19:43:55 INFO  [INFO] SUCCESS: org.springframework.boot:spring-boot-test-autoconfigure:jar:4.0.6:test (sources = false)
2026.05.10 19:43:55 INFO  [INFO] Resolving artifact: org.springframework.boot:spring-boot-test-autoconfigure:jar:4.0.6:test (sources = true)
2026.05.10 19:43:55 INFO  [INFO] SUCCESS: org.springframework.boot:spring-boot-test-autoconfigure:jar:4.0.6:test (sources = true)
2026.05.10 19:43:55 INFO  [INFO] Generated .bloop\servigo-test.json
2026.05.10 19:43:55 INFO  [INFO] ------------------------------------------------------------------------
2026.05.10 19:43:55 INFO  [INFO] BUILD SUCCESS
2026.05.10 19:43:55 INFO  [INFO] ------------------------------------------------------------------------
2026.05.10 19:43:55 INFO  [INFO] Total time:  37.249 s
2026.05.10 19:43:55 INFO  [INFO] Finished at: 2026-05-10T19:43:55-05:00
2026.05.10 19:43:55 INFO  [INFO] ------------------------------------------------------------------------
2026.05.10 19:43:55 INFO  time: ran 'mvn bloopInstall' in 42s
2026.05.10 19:43:55 INFO  Attempting to connect to the build server...
2026.05.10 19:43:55 INFO  No running Bloop server found, starting one.
2026.05.10 19:44:03 INFO  Starting compilation server
2026.05.10 19:44:05 INFO  tracing is disabled for protocol BSP, to enable tracing of incoming and outgoing JSON messages create an empty file at C:\Users\mauri\Downloads\Proyecto-Web-ServiGo-main\.metals\bsp.trace.json or C:\Users\mauri\AppData\Local\scalameta\metals\cache\bsp.trace.json
2026.05.10 19:44:08 INFO  time: Connected to build server in 12s
2026.05.10 19:44:08 INFO  Connected to Build server: Bloop v2.0.19
2026.05.10 19:44:08 INFO  time: Imported build in 0.27s
2026.05.10 19:44:12 WARN  Using H2 2.4.240 which is newer than the version Flyway has been verified with. The latest verified version of H2 is 2.3.232.
2026.05.10 19:44:19 INFO  time: indexed workspace in 10s
2026.05.10 19:44:20 INFO  compiling servigo (1 java source)
2026.05.10 19:44:22 WARN  Unexpected javac output: WARNING: A terminally deprecated method in sun.misc.Unsafe has been called
WARNING: sun.misc.Unsafe::arrayBaseOffset has been called by com.sourcegraph.shaded.com.google.protobuf.UnsafeUtil$MemoryAccessor (file:/C:/Users/mauri/AppData/Local/Coursier/cache/v1/https/repo1.maven.org/maven2/com/sourcegraph/semanticdb-javac/0.11.2/semanticdb-javac-0.11.2.jar)
WARNING: Please consider reporting this to the maintainers of class com.sourcegraph.shaded.com.google.protobuf.UnsafeUtil$MemoryAccessor
WARNING: sun.misc.Unsafe::arrayBaseOffset will be removed in a future release.
2026.05.10 19:44:22 INFO  compiling servigo-test (1 java source)
2026.05.10 19:44:23 INFO  time: compiled servigo in 3s
2026.05.10 19:44:25 WARN  Unexpected javac output: WARNING: A terminally deprecated method in sun.misc.Unsafe has been called
WARNING: sun.misc.Unsafe::arrayBaseOffset has been called by com.sourcegraph.shaded.com.google.protobuf.UnsafeUtil$MemoryAccessor (file:/C:/Users/mauri/AppData/Local/Coursier/cache/v1/https/repo1.maven.org/maven2/com/sourcegraph/semanticdb-javac/0.11.2/semanticdb-javac-0.11.2.jar)
WARNING: Please consider reporting this to the maintainers of class com.sourcegraph.shaded.com.google.protobuf.UnsafeUtil$MemoryAccessor
WARNING: sun.misc.Unsafe::arrayBaseOffset will be removed in a future release.
2026.05.10 19:44:25 INFO  time: compiled servigo-test in 2.33s
may. 10, 2026 7:54:50 P. M. org.eclipse.lsp4j.jsonrpc.RemoteEndpoint handleCancellation
WARNING: Unmatched cancel notification for request id 7
may. 10, 2026 7:54:50 P. M. org.eclipse.lsp4j.jsonrpc.RemoteEndpoint handleCancellation
WARNING: Unmatched cancel notification for request id 6
2026.05.10 20:15:23 INFO  Created report: Optional[file:///C:/Users/mauri/Downloads/Proyecto-Web-ServiGo-main/src/main/java/com/ServiGo/servigo/model/Servicio.java]
2026.05.10 20:15:23 INFO  QDox parse error in file:///C:/Users/mauri/Downloads/Proyecto-Web-ServiGo-main/src/main/java/com/ServiGo/servigo/model/Servicio.java (full report at: "C:\Users\mauri\Downloads\Proyecto-Web-ServiGo-main\.metals\.reports\metals-full\2026-05-10\r_qdox-error_(servigo)_20-15-23-910.md")
2026.05.10 20:15:23 INFO  Created report: Optional[file:///C:/Users/mauri/Downloads/Proyecto-Web-ServiGo-main/src/main/java/com/ServiGo/servigo/model/Usuario.java]
2026.05.10 20:15:23 INFO  QDox parse error in file:///C:/Users/mauri/Downloads/Proyecto-Web-ServiGo-main/src/main/java/com/ServiGo/servigo/model/Usuario.java (full report at: "C:\Users\mauri\Downloads\Proyecto-Web-ServiGo-main\.metals\.reports\metals-full\2026-05-10\r_qdox-error_(servigo)_20-15-23-989.md")
2026.05.10 20:15:24 INFO  compiling servigo (1 java source)
2026.05.10 20:15:24 INFO  Created report: Optional[file:///C:/Users/mauri/Downloads/Proyecto-Web-ServiGo-main/src/main/java/com/ServiGo/servigo/model/Notificacion.java]
2026.05.10 20:15:24 INFO  QDox parse error in file:///C:/Users/mauri/Downloads/Proyecto-Web-ServiGo-main/src/main/java/com/ServiGo/servigo/model/Notificacion.java (full report at: "C:\Users\mauri\Downloads\Proyecto-Web-ServiGo-main\.metals\.reports\metals-full\2026-05-10\r_qdox-error_(servigo)_20-15-24-482.md")
2026.05.10 20:15:29 WARN  javac exited with exit code 1
2026.05.10 20:15:29 INFO  time: compiled servigo in 5.22s
2026.05.10 20:15:29 INFO  compiling servigo (4 java sources)
2026.05.10 20:15:32 WARN  javac exited with exit code 1
2026.05.10 20:15:32 INFO  time: compiled servigo in 3.27s
2026.05.10 20:15:36 INFO  Created report: Optional[file:///C:/Users/mauri/Downloads/Proyecto-Web-ServiGo-main/src/main/java/com/ServiGo/servigo/repository/ServicioRepository.java]
2026.05.10 20:15:36 INFO  QDox parse error in file:///C:/Users/mauri/Downloads/Proyecto-Web-ServiGo-main/src/main/java/com/ServiGo/servigo/repository/ServicioRepository.java (full report at: "C:\Users\mauri\Downloads\Proyecto-Web-ServiGo-main\.metals\.reports\metals-full\2026-05-10\r_qdox-error_(servigo)_20-15-36-787.md")
2026.05.10 20:15:36 INFO  compiling servigo (5 java sources)
2026.05.10 20:15:36 INFO  Created report: Optional[file:///C:/Users/mauri/Downloads/Proyecto-Web-ServiGo-main/src/main/java/com/ServiGo/servigo/repository/UsuarioRepository.java]
2026.05.10 20:15:36 INFO  QDox parse error in file:///C:/Users/mauri/Downloads/Proyecto-Web-ServiGo-main/src/main/java/com/ServiGo/servigo/repository/UsuarioRepository.java (full report at: "C:\Users\mauri\Downloads\Proyecto-Web-ServiGo-main\.metals\.reports\metals-full\2026-05-10\r_qdox-error_(servigo)_20-15-36-985.md")
2026.05.10 20:15:37 INFO  Created report: Optional[file:///C:/Users/mauri/Downloads/Proyecto-Web-ServiGo-main/src/main/java/com/ServiGo/servigo/repository/NotificacionRepository.java]
2026.05.10 20:15:37 INFO  QDox parse error in file:///C:/Users/mauri/Downloads/Proyecto-Web-ServiGo-main/src/main/java/com/ServiGo/servigo/repository/NotificacionRepository.java (full report at: "C:\Users\mauri\Downloads\Proyecto-Web-ServiGo-main\.metals\.reports\metals-full\2026-05-10\r_qdox-error_(servigo)_20-15-37-556.md")
2026.05.10 20:15:42 WARN  javac exited with exit code 1
2026.05.10 20:15:42 INFO  time: compiled servigo in 5.56s
2026.05.10 20:15:42 INFO  compiling servigo (7 java sources)
2026.05.10 20:15:44 INFO  Created report: Optional[file:///C:/Users/mauri/Downloads/Proyecto-Web-ServiGo-main/src/main/java/com/ServiGo/servigo/controller/HomeController.java]
2026.05.10 20:15:44 INFO  QDox parse error in file:///C:/Users/mauri/Downloads/Proyecto-Web-ServiGo-main/src/main/java/com/ServiGo/servigo/controller/HomeController.java (full report at: "C:\Users\mauri\Downloads\Proyecto-Web-ServiGo-main\.metals\.reports\metals-full\2026-05-10\r_qdox-error_(servigo)_20-15-44-908.md")
2026.05.10 20:15:45 INFO  Created report: Optional[file:///C:/Users/mauri/Downloads/Proyecto-Web-ServiGo-main/src/main/java/com/ServiGo/servigo/controller/ServicioController.java]
2026.05.10 20:15:45 INFO  QDox parse error in file:///C:/Users/mauri/Downloads/Proyecto-Web-ServiGo-main/src/main/java/com/ServiGo/servigo/controller/ServicioController.java (full report at: "C:\Users\mauri\Downloads\Proyecto-Web-ServiGo-main\.metals\.reports\metals-full\2026-05-10\r_qdox-error_(servigo)_20-15-45-177.md")
2026.05.10 20:15:45 INFO  Created report: Optional[file:///C:/Users/mauri/Downloads/Proyecto-Web-ServiGo-main/src/main/java/com/ServiGo/servigo/controller/NotificacionController.java]
2026.05.10 20:15:45 INFO  QDox parse error in file:///C:/Users/mauri/Downloads/Proyecto-Web-ServiGo-main/src/main/java/com/ServiGo/servigo/controller/NotificacionController.java (full report at: "C:\Users\mauri\Downloads\Proyecto-Web-ServiGo-main\.metals\.reports\metals-full\2026-05-10\r_qdox-error_(servigo)_20-15-45-701.md")
2026.05.10 20:15:47 WARN  javac exited with exit code 1
2026.05.10 20:15:47 INFO  time: compiled servigo in 4.72s
2026.05.10 20:15:47 INFO  compiling servigo (10 java sources)
2026.05.10 20:15:52 WARN  javac exited with exit code 1
2026.05.10 20:15:52 INFO  time: compiled servigo in 5.59s
may. 10, 2026 8:25:08 P. M. org.eclipse.lsp4j.jsonrpc.services.GenericEndpoint notify
INFO: Unsupported notification method: $/setTrace
may. 10, 2026 8:26:21 P. M. org.eclipse.lsp4j.jsonrpc.RemoteEndpoint handleCancellation
WARNING: Unmatched cancel notification for request id 81
may. 10, 2026 8:26:21 P. M. org.eclipse.lsp4j.jsonrpc.RemoteEndpoint handleCancellation
WARNING: Unmatched cancel notification for request id 83
may. 10, 2026 8:26:22 P. M. org.eclipse.lsp4j.jsonrpc.RemoteEndpoint handleCancellation
WARNING: Unmatched cancel notification for request id 88
may. 10, 2026 8:26:22 P. M. org.eclipse.lsp4j.jsonrpc.RemoteEndpoint handleCancellation
WARNING: Unmatched cancel notification for request id 90
may. 10, 2026 8:26:22 P. M. org.eclipse.lsp4j.jsonrpc.RemoteEndpoint handleCancellation
WARNING: Unmatched cancel notification for request id 91
may. 10, 2026 8:26:22 P. M. org.eclipse.lsp4j.jsonrpc.RemoteEndpoint handleCancellation
WARNING: Unmatched cancel notification for request id 92
may. 10, 2026 8:26:23 P. M. org.eclipse.lsp4j.jsonrpc.RemoteEndpoint handleCancellation
WARNING: Unmatched cancel notification for request id 96
may. 10, 2026 8:26:23 P. M. org.eclipse.lsp4j.jsonrpc.RemoteEndpoint handleCancellation
WARNING: Unmatched cancel notification for request id 99
2026.05.10 20:31:17 INFO  Created report: Optional[file:///C:/Users/mauri/Downloads/Proyecto-Web-ServiGo-main/src/main/java/com/ServiGo/servigo/repository/NotificacionRepository.java]
2026.05.10 20:31:17 INFO  empty definition using pc, found symbol in pc:  (full report at: "C:\Users\mauri\Downloads\Proyecto-Web-ServiGo-main\.metals\.reports\metals-full\2026-05-10\r_empty-definition_(servigo)_20-31-17-461.md")
2026.05.10 21:08:24 INFO  Created report: Optional[file:///C:/Users/mauri/Downloads/Proyecto-Web-ServiGo-main/src/main/java/com/ServiGo/servigo/controller/AuthController.java]
2026.05.10 21:08:24 INFO  QDox parse error in file:///C:/Users/mauri/Downloads/Proyecto-Web-ServiGo-main/src/main/java/com/ServiGo/servigo/controller/AuthController.java (full report at: "C:\Users\mauri\Downloads\Proyecto-Web-ServiGo-main\.metals\.reports\metals-full\2026-05-10\r_qdox-error_(servigo)_21-08-23-855.md")
2026.05.10 21:08:26 INFO  Created report: Optional[file:///C:/Users/mauri/Downloads/Proyecto-Web-ServiGo-main/src/main/java/com/ServiGo/servigo/controller/GeneralController.java]
2026.05.10 21:08:26 INFO  QDox parse error in file:///C:/Users/mauri/Downloads/Proyecto-Web-ServiGo-main/src/main/java/com/ServiGo/servigo/controller/GeneralController.java (full report at: "C:\Users\mauri\Downloads\Proyecto-Web-ServiGo-main\.metals\.reports\metals-full\2026-05-10\r_qdox-error_(servigo)_21-08-25-875.md")
2026.05.10 21:08:27 INFO  compiling servigo (12 java sources)
2026.05.10 21:08:50 WARN  javac exited with exit code 1
2026.05.10 21:08:50 INFO  time: compiled servigo in 23s
2026.05.10 21:08:52 INFO  compiling servigo (12 java sources)
2026.05.10 21:09:07 WARN  javac exited with exit code 1
2026.05.10 21:09:07 INFO  time: compiled servigo in 15s
2026.05.10 21:28:56 INFO  compiling servigo (12 java sources)
may. 10, 2026 9:28:57 P. M. org.eclipse.lsp4j.jsonrpc.RemoteEndpoint handleCancellation
WARNING: Unmatched cancel notification for request id 178
2026.05.10 21:29:01 WARN  javac exited with exit code 1
2026.05.10 21:29:01 INFO  time: compiled servigo in 4.15s
2026.05.10 21:49:42 INFO  Shutting down server
2026.05.10 21:49:42 INFO  Memory monitor stopped
2026.05.10 21:49:42 INFO  shutting down Metals
2026.05.10 21:49:42 INFO  Shut down connection with build server.
2026.05.10 21:49:42 INFO  Exiting server
2026.05.11 09:50:08 INFO  Started: Metals version 1.6.7 in folders 'C:\Users\mauri\Downloads\Proyecto-Web-ServiGo-main' for client Visual Studio Code 1.119.0.
2026.05.11 09:50:08 INFO  Memory monitor started
2026.05.11 09:50:16 WARN  Using H2 2.4.240 which is newer than the version Flyway has been verified with. The latest verified version of H2 is 2.3.232.
2026.05.11 09:50:20 INFO  Attempting to connect to the build server...
2026.05.11 09:50:20 INFO  No running Bloop server found, starting one.
2026.05.11 09:50:30 INFO  Starting compilation server
2026.05.11 09:50:36 INFO  tracing is disabled for protocol BSP, to enable tracing of incoming and outgoing JSON messages create an empty file at C:\Users\mauri\Downloads\Proyecto-Web-ServiGo-main\.metals\bsp.trace.json or C:\Users\mauri\AppData\Local\scalameta\metals\cache\bsp.trace.json
2026.05.11 09:50:37 INFO  time: Connected to build server in 17s
2026.05.11 09:50:37 INFO  Connected to Build server: Bloop v2.0.19
2026.05.11 09:50:39 INFO  time: Imported build in 1.5s
2026.05.11 09:50:49 WARN  Using H2 2.4.240 which is newer than the version Flyway has been verified with. The latest verified version of H2 is 2.3.232.
2026.05.11 09:51:01 INFO  time: indexed workspace in 22s
2026.05.11 09:51:05 INFO  compiling servigo (12 java sources)
2026.05.11 09:51:12 WARN  javac exited with exit code 1
2026.05.11 09:51:12 INFO  time: compiled servigo in 7.17s
may. 11, 2026 3:40:07 P. M. org.eclipse.lsp4j.jsonrpc.services.GenericEndpoint notify
INFO: Unsupported notification method: $/setTrace
2026.05.12 10:50:00 INFO  compiling servigo (12 java sources)
2026.05.12 10:50:04 WARN  javac exited with exit code 1
2026.05.12 10:50:04 INFO  time: compiled servigo in 3.87s
2026.05.12 11:25:40 INFO  compiling servigo (12 java sources)
2026.05.12 11:25:55 WARN  javac exited with exit code 1
2026.05.12 11:25:55 INFO  time: compiled servigo in 14s
2026.05.12 11:25:55 INFO  compiling servigo (12 java sources)
2026.05.12 11:26:09 WARN  javac exited with exit code 1
2026.05.12 11:26:09 INFO  time: compiled servigo in 13s
2026.05.12 11:26:30 INFO  compiling servigo (12 java sources)
2026.05.12 11:26:34 WARN  javac exited with exit code 1
2026.05.12 11:26:34 INFO  time: compiled servigo in 4.69s
2026.05.12 11:36:25 INFO  compiling servigo (12 java sources)
2026.05.12 11:36:29 WARN  javac exited with exit code 1
2026.05.12 11:36:29 INFO  time: compiled servigo in 4.55s
may. 12, 2026 12:46:13 P. M. org.eclipse.lsp4j.jsonrpc.RemoteEndpoint handleCancellation
WARNING: Unmatched cancel notification for request id 68
2026.05.12 12:56:16 INFO  compiling servigo (13 java sources)
2026.05.12 12:56:30 WARN  javac exited with exit code 1
2026.05.12 12:56:30 INFO  time: compiled servigo in 14s
2026.05.12 12:58:23 INFO  Started: Metals version 1.6.6 in folders 'C:\Users\mauri\Downloads\Proyecto-Web-ServiGo-main' for client Cursor 1.105.1.
2026.05.12 12:58:23 INFO  time: initialize in 0.13s
2026.05.12 12:58:23 INFO  Memory monitor started
2026.05.12 12:58:26 WARN  Using H2 2.4.240 which is newer than the version Flyway has been verified with. The latest verified version of H2 is 2.3.232.
2026.05.12 12:58:27 INFO  Attempting to connect to the build server...
2026.05.12 12:58:27 INFO  Found a Bloop server running
2026.05.12 12:58:28 INFO  tracing is disabled for protocol BSP, to enable tracing of incoming and outgoing JSON messages create an empty file at C:\Users\mauri\Downloads\Proyecto-Web-ServiGo-main\.metals\bsp.trace.json or C:\Users\mauri\AppData\Local\scalameta\metals\cache\bsp.trace.json
2026.05.12 12:58:29 INFO  time: Connected to build server in 2.08s
2026.05.12 12:58:28 INFO  Connected to Build server: Bloop v2.0.19
2026.05.12 12:58:31 INFO  time: Imported build in 1.04s
2026.05.12 12:58:38 WARN  Using H2 2.4.240 which is newer than the version Flyway has been verified with. The latest verified version of H2 is 2.3.232.
2026.05.12 12:58:46 INFO  time: indexed workspace in 15s
2026.05.12 12:58:46 INFO  compiling servigo (13 java sources)
2026.05.12 12:59:06 WARN  javac exited with exit code 1
2026.05.12 12:59:06 INFO  time: compiled servigo in 19s
2026.05.12 13:01:02 INFO  compiling servigo (12 java sources)
2026.05.12 13:01:22 WARN  javac exited with exit code 1
2026.05.12 13:01:22 INFO  time: compiled servigo in 20s
2026.05.12 13:03:05 INFO  Deduplicating compilation of servigo from bsp client 'Metals 1.6.7' (since 27h 12m 29.043s)
2026.05.12 13:03:05 INFO  compiling servigo (13 java sources)
2026.05.12 13:03:05 INFO  compiling servigo (13 java sources)
2026.05.12 13:03:12 WARN  javac exited with exit code 1
2026.05.12 13:03:12 INFO  time: compiled servigo in 6.43s
2026.05.12 13:03:13 WARN  javac exited with exit code 1
2026.05.12 13:03:13 INFO  time: compiled servigo in 7.56s
2026.05.12 13:03:48 INFO  compiling servigo (13 java sources)
2026.05.12 13:03:54 WARN  javac exited with exit code 1
2026.05.12 13:03:54 INFO  time: compiled servigo in 5.84s
2026.05.12 13:06:24 INFO  compiling servigo (13 java sources)
2026.05.12 13:06:29 WARN  javac exited with exit code 1
2026.05.12 13:06:29 INFO  time: compiled servigo in 4.75s
2026.05.12 13:14:30 INFO  Deduplicating compilation of servigo from bsp client 'Metals 1.6.6' (since 16m 1.546s)
2026.05.12 13:14:30 INFO  compiling servigo (13 java sources)
2026.05.12 13:14:30 INFO  compiling servigo (13 java sources)
2026.05.12 13:14:44 WARN  javac exited with exit code 1
2026.05.12 13:14:44 INFO  time: compiled servigo in 13s
2026.05.12 13:14:44 INFO  compiling servigo (13 java sources)
2026.05.12 13:14:44 WARN  javac exited with exit code 1
2026.05.12 13:14:44 INFO  time: compiled servigo in 14s
2026.05.12 13:14:44 INFO  Deduplicating compilation of servigo from bsp client 'Metals 1.6.6' (since 16m 16.062s)
2026.05.12 13:14:44 INFO  compiling servigo (13 java sources)
2026.05.12 13:14:52 WARN  javac exited with exit code 1
2026.05.12 13:14:52 INFO  time: compiled servigo in 8.25s
2026.05.12 13:14:53 WARN  javac exited with exit code 1
2026.05.12 13:14:53 INFO  time: compiled servigo in 8.53s
2026.05.12 14:20:26 INFO  compiling servigo (13 java sources)
2026.05.12 14:20:40 WARN  javac exited with exit code 1
2026.05.12 14:20:40 INFO  time: compiled servigo in 13s
may. 12, 2026 3:19:19 P. M. org.eclipse.lsp4j.jsonrpc.RemoteEndpoint handleCancellation
WARNING: Unmatched cancel notification for request id 78
may. 12, 2026 3:19:23 P. M. org.eclipse.lsp4j.jsonrpc.RemoteEndpoint handleCancellation
WARNING: Unmatched cancel notification for request id 87
may. 12, 2026 3:19:26 P. M. org.eclipse.lsp4j.jsonrpc.RemoteEndpoint handleCancellation
WARNING: Unmatched cancel notification for request id 105
may. 12, 2026 3:19:26 P. M. org.eclipse.lsp4j.jsonrpc.RemoteEndpoint handleCancellation
WARNING: Unmatched cancel notification for request id 106
may. 12, 2026 3:19:27 P. M. org.eclipse.lsp4j.jsonrpc.RemoteEndpoint handleCancellation
WARNING: Unmatched cancel notification for request id 107
may. 12, 2026 3:41:27 P. M. org.eclipse.lsp4j.jsonrpc.RemoteEndpoint handleCancellation
WARNING: Unmatched cancel notification for request id 129
may. 12, 2026 3:41:28 P. M. org.eclipse.lsp4j.jsonrpc.RemoteEndpoint handleCancellation
WARNING: Unmatched cancel notification for request id 132
may. 12, 2026 3:43:18 P. M. org.eclipse.lsp4j.jsonrpc.RemoteEndpoint handleCancellation
WARNING: Unmatched cancel notification for request id 150
may. 12, 2026 3:52:08 P. M. org.eclipse.lsp4j.jsonrpc.RemoteEndpoint handleCancellation
WARNING: Unmatched cancel notification for request id 187
2026.05.12 16:00:10 INFO  Deduplicating compilation of servigo from bsp client 'Metals 1.6.6' (since 3h 1m 40.971s)
2026.05.12 16:00:10 INFO  compiling servigo (15 java sources)
2026.05.12 16:00:10 INFO  compiling servigo (15 java sources)
2026.05.12 16:00:20 WARN  javac exited with exit code 1
2026.05.12 16:00:20 INFO  time: compiled servigo in 10s
2026.05.12 16:00:21 INFO  compiling servigo (16 java sources)
2026.05.12 16:00:22 WARN  javac exited with exit code 1
2026.05.12 16:00:22 INFO  time: compiled servigo in 12s
2026.05.12 16:00:22 INFO  Deduplicating compilation of servigo from bsp client 'Metals 1.6.6' (since 3h 1m 54.549s)
2026.05.12 16:00:22 INFO  compiling servigo (16 java sources)
2026.05.12 16:00:29 WARN  javac exited with exit code 1
2026.05.12 16:00:29 INFO  time: compiled servigo in 7.93s
2026.05.12 16:00:30 WARN  javac exited with exit code 1
2026.05.12 16:00:30 INFO  time: compiled servigo in 6.8s
2026.05.12 16:00:31 INFO  compiling servigo (16 java sources)
2026.05.12 16:00:41 WARN  javac exited with exit code 1
2026.05.12 16:00:41 INFO  time: compiled servigo in 10s
2026.05.12 16:00:53 INFO  Deduplicating compilation of servigo from bsp client 'Metals 1.6.6' (since 3h 2m 24.26s)
2026.05.12 16:00:53 INFO  compiling servigo (17 java sources)
2026.05.12 16:00:53 INFO  compiling servigo (17 java sources)
2026.05.12 16:01:02 WARN  javac exited with exit code 1
2026.05.12 16:01:02 INFO  time: compiled servigo in 9.01s
2026.05.12 16:01:03 WARN  javac exited with exit code 1
2026.05.12 16:01:03 INFO  time: compiled servigo in 10s
2026.05.12 16:01:04 INFO  compiling servigo (17 java sources)
may. 12, 2026 4:01:05 P. M. org.eclipse.lsp4j.jsonrpc.RemoteEndpoint handleCancellation
WARNING: Unmatched cancel notification for request id 223
2026.05.12 16:01:11 WARN  javac exited with exit code 1
2026.05.12 16:01:11 INFO  time: compiled servigo in 6.22s
2026.05.12 16:01:16 INFO  compiling servigo (17 java sources)
2026.05.12 16:01:20 INFO  Deduplicating compilation of servigo from bsp client 'Metals 1.6.7' (since 30h 10m 44.04s)
2026.05.12 16:01:20 INFO  compiling servigo (17 java sources)
2026.05.12 16:01:25 WARN  Unexpected javac output: C:\Users\mauri\Downloads\Proyecto-Web-ServiGo-main\src\main\java\com\ServiGo\servigo\model\Usuario.java:8: error: cannot find symbol
@Entity
 ^
  symbol: class Entity
C:\Users\mauri\Downloads\Proyecto-Web-ServiGo-main\src\main\java\com\ServiGo\servigo\model\Usuario.java:9: error: cannot find symbol
@Table(name = "usuarios")
 ^
  symbol: class Table
C:\Users\mauri\Downloads\Proyecto-Web-ServiGo-main\src\main\java\com\ServiGo\servigo\model\Usuario.java:3: error: package jakarta.persistence does not exist
import jakarta.persistence.*;
              ^
C:\Users\mauri\Downloads\Proyecto-Web-ServiGo-main\src\main\java\com\ServiGo\servigo\model\Notificacion.java:9: error: cannot find symbol
@Entity
 ^
  symbol: class Entity
C:\Users\mauri\Downloads\Proyecto-Web-ServiGo-main\src\main\java\com\ServiGo\servigo\model\Notificacion.java:10: error: cannot find symbol
@Table(name = "notificaciones")
 ^
  symbol: class Table
C:\Users\mauri\Downloads\Proyecto-Web-ServiGo-main\src\main\java\com\ServiGo\servigo\model\Servicio.java:8: error: cannot find symbol
@Entity
 ^
  symbol: class Entity
C:\Users\mauri\Downloads\Proyecto-Web-ServiGo-main\src\main\java\com\ServiGo\servigo\model\Servicio.java:9: error: cannot find symbol
@Table(name = "servicios")
 ^
  symbol: class Table
C:\Users\mauri\Downloads\Proyecto-Web-ServiGo-main\src\main\java\com\ServiGo\servigo\model\Notificacion.java:3: error: package jakarta.persistence does not exist
import jakarta.persistence.*;
              ^
C:\Users\mauri\Downloads\Proyecto-Web-ServiGo-main\src\main\java\com\ServiGo\servigo\model\Servicio.java:3: error: package jakarta.persistence does not exist
import jakarta.persistence.*;
              ^
C:\Users\mauri\Downloads\Proyecto-Web-ServiGo-main\src\main\java\com\ServiGo\servigo\model\Usuario.java:14: error: cannot find symbol
    @Id
     ^
  symbol:   class Id
  location: class Usuario
C:\Users\mauri\Downloads\Proyecto-Web-ServiGo-main\src\main\java\com\ServiGo\servigo\model\Usuario.java:15: error: cannot find symbol
    @GeneratedValue(strategy = GenerationType.IDENTITY)
     ^
  symbol:   class GeneratedValue
  location: class Usuario
C:\Users\mauri\Downloads\Proyecto-Web-ServiGo-main\src\main\java\com\ServiGo\servigo\model\Usuario.java:15: error: cannot find symbol
    @GeneratedValue(strategy = GenerationType.IDENTITY)
                               ^
  symbol:   variable GenerationType
  location: class Usuario
C:\Users\mauri\Downloads\Proyecto-Web-ServiGo-main\src\main\java\com\ServiGo\servigo\model\Notificacion.java:15: error: cannot find symbol
    @Id
     ^
  symbol:   class Id
  location: class Notificacion
C:\Users\mauri\Downloads\Proyecto-Web-ServiGo-main\src\main\java\com\ServiGo\servigo\model\Notificacion.java:16: error: cannot find symbol
    @GeneratedValue(strategy = GenerationType.IDENTITY)
     ^
  symbol:   class GeneratedValue
  location: class Notificacion
C:\Users\mauri\Downloads\Proyecto-Web-ServiGo-main\src\main\java\com\ServiGo\servigo\model\Notificacion.java:16: error: cannot find symbol
    @GeneratedValue(strategy = GenerationType.IDENTITY)
                               ^
  symbol:   variable GenerationType
  location: class Notificacion
C:\Users\mauri\Downloads\Proyecto-Web-ServiGo-main\src\main\java\com\ServiGo\servigo\model\Servicio.java:14: error: cannot find symbol
    @Id
     ^
  symbol:   class Id
  location: class Servicio
C:\Users\mauri\Downloads\Proyecto-Web-ServiGo-main\src\main\java\com\ServiGo\servigo\model\Servicio.java:15: error: cannot find symbol
    @GeneratedValue(strategy = GenerationType.IDENTITY)
     ^
  symbol:   class GeneratedValue
  location: class Servicio
C:\Users\mauri\Downloads\Proyecto-Web-ServiGo-main\src\main\java\com\ServiGo\servigo\model\Servicio.java:15: error: cannot find symbol
    @GeneratedValue(strategy = GenerationType.IDENTITY)
                               ^
  symbol:   variable GenerationType
  location: class Servicio
WARNING: A terminally deprecated method in sun.misc.Unsafe has been called
WARNING: sun.misc.Unsafe::arrayBaseOffset has been called by com.sourcegraph.shaded.com.google.protobuf.UnsafeUtil$MemoryAccessor (file:/C:/Users/mauri/AppData/Local/bloop/cache/semanticdb/com.sourcegraph.semanticdb-javac.0.11.2/semanticdb-javac-0.11.2.jar)
WARNING: Please consider reporting this to the maintainers of class com.sourcegraph.shaded.com.google.protobuf.UnsafeUtil$MemoryAccessor
WARNING: sun.misc.Unsafe::arrayBaseOffset will be removed in a future release
C:\Users\mauri\Downloads\Proyecto-Web-ServiGo-main\src\main\java\com\ServiGo\servigo\controller\AuthController.java:46: error: constructor Usuario in class Usuario cannot be applied to given types;
        Usuario usuario = new Usuario(
                          ^
  required: no arguments
  found:    <null>,String,String,telefono ![...] : "",dni != nul[...] : "",fechaNacim[...] : "",direccion [...] : "",distrito ![...] : "",String,String,boolean,String
  reason: actual and formal argument lists differ in length
C:\Users\mauri\Downloads\Proyecto-Web-ServiGo-main\src\main\java\com\ServiGo\servigo\controller\AuthController.java:78: error: cannot find symbol
        if (usuarioOpt.isPresent() && usuarioOpt.get().getPassword().equals(password)) {
                                                      ^
  symbol:   method getPassword()
  location: class Usuario
C:\Users\mauri\Downloads\Proyecto-Web-ServiGo-main\src\main\java\com\ServiGo\servigo\repository\UsuarioRepository.java:17: error: constructor Usuario in class Usuario cannot be applied to given types;
        usuarios.add(new Usuario(1L, "Juan P�rez", "juan@gmail.com", "555-0001", "40123456", "1990-05-10", "Jr. Los Olivos 120", "Lima", "cliente", "juan.jpg", true, "juan123"));
                     ^
  required: no arguments
  found:    long,String,String,String,String,String,String,String,String,String,boolean,String
  reason: actual and formal argument lists differ in length
C:\Users\mauri\Downloads\Proyecto-Web-ServiGo-main\src\main\java\com\ServiGo\servigo\repository\UsuarioRepository.java:18: error: constructor Usuario in class Usuario cannot be applied to given types;
        usuarios.add(new Usuario(2L, "Mar�a Garc�a", "maria@gmail.com", "555-0002", "40234567", "1988-03-22", "Av. Arequipa 450", "Miraflores", "proveedor", "maria.jpg", true, "maria123"));
                     ^
  required: no arguments
  found:    long,String,String,String,String,String,String,String,String,String,boolean,String
  reason: actual and formal argument lists differ in length
C:\Users\mauri\Downloads\Proyecto-Web-ServiGo-main\src\main\java\com\ServiGo\servigo\repository\UsuarioRepository.java:19: error: constructor Usuario in class Usuario cannot be applied to given types;
        usuarios.add(new Usuario(3L, "Carlos L�pez", "carlos@gmail.com", "555-0003", "40345678", "1992-11-01", "Calle Las Flores 88", "Surco", "proveedor", "carlos.jpg", true, "carlos123"));
                     ^
  required: no arguments
  found:    long,String,String,String,String,String,String,String,String,String,boolean,String
  reason: actual and formal argument lists differ in length
C:\Users\mauri\Downloads\Proyecto-Web-ServiGo-main\src\main\java\com\ServiGo\servigo\repository\UsuarioRepository.java:20: error: constructor Usuario in class Usuario cannot be applied to given types;
        usuarios.add(new Usuario(4L, "Ana Mart�nez", "ana@gmail.com", "555-0004", "40456789", "1995-07-18", "Psje. Primavera 5", "San Borja", "cliente", "ana.jpg", true, "ana123"));
                     ^
  required: no arguments
  found:    long,String,String,String,String,String,String,String,String,String,boolean,String
  reason: actual and formal argument lists differ in length
C:\Users\mauri\Downloads\Proyecto-Web-ServiGo-main\src\main\java\com\ServiGo\servigo\repository\UsuarioRepository.java:29: error: cannot find symbol
        return usuarios.stream().filter(u -> u.getId().equals(id)).findFirst();
                                              ^
  symbol:   method getId()
  location: variable u of type Usuario
C:\Users\mauri\Downloads\Proyecto-Web-ServiGo-main\src\main\java\com\ServiGo\servigo\repository\UsuarioRepository.java:33: error: cannot find symbol
        return usuarios.stream().filter(u -> u.getEmail().equals(email)).findFirst();
                                              ^
  symbol:   method getEmail()
  location: variable u of type Usuario
C:\Users\mauri\Downloads\Proyecto-Web-ServiGo-main\src\main\java\com\ServiGo\servigo\repository\UsuarioRepository.java:37: error: cannot find symbol
        return usuarios.stream().filter(u -> u.getRol().equals(rol)).toList();
                                              ^
  symbol:   method getRol()
  location: variable u of type Usuario
C:\Users\mauri\Downloads\Proyecto-Web-ServiGo-main\src\main\java\com\ServiGo\servigo\repository\UsuarioRepository.java:41: error: cannot find symbol
        if (usuario.getId() == null) {
                   ^
  symbol:   method getId()
  location: variable usuario of type Usuario
C:\Users\mauri\Downloads\Proyecto-Web-ServiGo-main\src\main\java\com\ServiGo\servigo\repository\UsuarioRepository.java:42: error: cannot find symbol
            usuario.setId(idCounter++);
                   ^
  symbol:   method setId(Long)
  location: variable usuario of type Usuario
C:\Users\mauri\Downloads\Proyecto-Web-ServiGo-main\src\main\java\com\ServiGo\servigo\repository\UsuarioRepository.java:44: error: cannot find symbol
        usuarios.removeIf(u -> u.getId().equals(usuario.getId()));
                                ^
  symbol:   method getId()
  location: variable u of type Usuario
C:\Users\mauri\Downloads\Proyecto-Web-ServiGo-main\src\main\java\com\ServiGo\servigo\repository\UsuarioRepository.java:44: error: cannot find symbol
        usuarios.removeIf(u -> u.getId().equals(usuario.getId()));
                                                       ^
  symbol:   method getId()
  location: variable usuario of type Usuario
C:\Users\mauri\Downloads\Proyecto-Web-ServiGo-main\src\main\java\com\ServiGo\servigo\repository\UsuarioRepository.java:50: error: cannot find symbol
        usuarios.removeIf(u -> u.getId().equals(id));
                                ^
  symbol:   method getId()
  location: variable u of type Usuario
C:\Users\mauri\Downloads\Proyecto-Web-ServiGo-main\src\main\java\com\ServiGo\servigo\controller\GeneralController.java:1: error: semanticdb-javac: com.sourcegraph.shaded.com.sourcegraph.semanticdb_javac.CompilationUnitException: file:///C:/Users/mauri/Downloads/Proyecto-Web-ServiGo-main/src/main/java/com/ServiGo/servigo/controller/GeneralController.java

package com.ServiGo.servigo.controller;
^
  Caused by: java.lang.StringIndexOutOfBoundsException: Index 558 out of bounds for length 531

  	at java.base/jdk.internal.util.Preconditions$1.apply(Preconditions.java:55)

  	at java.base/jdk.internal.util.Preconditions$1.apply(Preconditions.java:52)

  	at java.base/jdk.internal.util.Preconditions$4.apply(Preconditions.java:213)

  	at java.base/jdk.internal.util.Preconditions$4.apply(Preconditions.java:210)

  	at java.base/jdk.internal.util.Preconditions.outOfBounds(Preconditions.java:98)

  	at java.base/jdk.internal.util.Preconditions.outOfBoundsCheckIndex(Preconditions.java:106)

  	at java.base/jdk.internal.util.Preconditions.checkIndex(Preconditions.java:302)

  	at java.base/java.lang.String.checkIndex(String.java:4917)

  	at java.base/java.lang.StringLatin1.charAt(StringLatin1.java:46)

  	at java.base/java.lang.String.charAt(String.java:1616)

  	at com.sourcegraph.shaded.com.sourcegraph.semanticdb_javac.SemanticdbVisitor.correctForTabs(SemanticdbVisitor.java:450)

  	at com.sourcegraph.shaded.com.sourcegraph.semanticdb_javac.SemanticdbVisitor.semanticdbRange(SemanticdbVisitor.java:435)

  	at com.sourcegraph.shaded.com.sourcegraph.semanticdb_javac.SemanticdbVisitor.emitSymbolOccurrence(SemanticdbVisitor.java:112)

  	at com.sourcegraph.shaded.com.sourcegraph.semanticdb_javac.SemanticdbVisitor.resolveIdentifierTree(SemanticdbVisitor.java:318)

  	at com.sourcegraph.shaded.com.sourcegraph.semanticdb_javac.SemanticdbVisitor.resolveNodes(SemanticdbVisitor.java:221)

  	at com.sourcegraph.shaded.com.sourcegraph.semanticdb_javac.SemanticdbVisitor.buildTextDocument(SemanticdbVisitor.java:96)

  	at com.sourcegraph.shaded.com.sourcegraph.semanticdb_javac.SemanticdbTaskListener.onFinishedAnalyze(SemanticdbTaskListener.java:116)

  	at com.sourcegraph.shaded.com.sourcegraph.semanticdb_javac.SemanticdbTaskListener.finished(SemanticdbTaskListener.java:79)

  	at jdk.compiler/com.sun.tools.javac.api.ClientCodeWrapper$WrappedTaskListener.finished(ClientCodeWrapper.java:876)

  	at jdk.compiler/com.sun.tools.javac.api.MultiTaskListener.finished(MultiTaskListener.java:133)

  	at jdk.compiler/com.sun.tools.javac.main.JavaCompiler.flow(JavaCompiler.java:1433)

  	at jdk.compiler/com.sun.tools.javac.main.JavaCompiler.flow(JavaCompiler.java:1390)

  	at jdk.compiler/com.sun.tools.javac.main.JavaCompiler.compile(JavaCompiler.java:978)

  	at jdk.compiler/com.sun.tools.javac.main.Main.compile(Main.java:319)

  	at jdk.compiler/com.sun.tools.javac.main.Main.compile(Main.java:178)

  	at jdk.compiler/com.sun.tools.javac.Main.compile(Main.java:66)

  	at jdk.compiler/com.sun.tools.javac.Main.main(Main.java:52)

C:\Users\mauri\Downloads\Proyecto-Web-ServiGo-main\src\main\java\com\ServiGo\servigo\repository\ServicioRepository.java:17: error: constructor Servicio in class Servicio cannot be applied to given types;
        servicios.add(new Servicio(1L, "Reparaci�n de Plomer�a", "Reparaci�n y mantenimiento de tuber�as", "Plomer�a", 50.0, "plomeria.jpg", true, 4));
                      ^
  required: no arguments
  found:    long,String,String,String,double,String,boolean,int
  reason: actual and formal argument lists differ in length
C:\Users\mauri\Downloads\Proyecto-Web-ServiGo-main\src\main\java\com\ServiGo\servigo\repository\ServicioRepository.java:18: error: constructor Servicio in class Servicio cannot be applied to given types;
        servicios.add(new Servicio(2L, "Limpieza del Hogar", "Servicio de limpieza profunda", "Limpieza", 35.0, "limpiezadelHogar.JPG", true, 5));
                      ^
  required: no arguments
  found:    long,String,String,String,double,String,boolean,int
  reason: actual and formal argument lists differ in length
C:\Users\mauri\Downloads\Proyecto-Web-ServiGo-main\src\main\java\com\ServiGo\servigo\repository\ServicioRepository.java:19: error: constructor Servicio in class Servicio cannot be applied to given types;
        servicios.add(new Servicio(3L, "Electricista", "Reparaci�n de instalaciones el�ctricas", "Electricidad", 60.0, "Electricista.JPG", true, 4));
                      ^
  required: no arguments
  found:    long,String,String,String,double,String,boolean,int
  reason: actual and formal argument lists differ in length
C:\Users\mauri\Downloads\Proyecto-Web-ServiGo-main\src\main\java\com\ServiGo\servigo\repository\ServicioRepository.java:20: error: constructor Servicio in class Servicio cannot be applied to given types;
        servicios.add(new Servicio(4L, "Jardiner�a", "Mantenimiento de jardines y plantas", "Jardiner�a", 40.0, "Jardineria.jpg", true, 3));
                      ^
  required: no arguments
  found:    long,String,String,String,double,String,boolean,int
  reason: actual and formal argument lists differ in length
C:\Users\mauri\Downloads\Proyecto-Web-ServiGo-main\src\main\java\com\ServiGo\servigo\repository\ServicioRepository.java:21: error: constructor Servicio in class Servicio cannot be applied to given types;
        servicios.add(new Servicio(5L, "Reparaci�n de Electrodom�sticos", "Arreglo de neveras, lavadoras, etc", "Electrodom�sticos", 70.0, "ReparaciondeElectrodomesticos.jpg", true, 4));
                      ^
  required: no arguments
  found:    long,String,String,String,double,String,boolean,int
  reason: actual and formal argument lists differ in length
C:\Users\mauri\Downloads\Proyecto-Web-ServiGo-main\src\main\java\com\ServiGo\servigo\repository\ServicioRepository.java:22: error: constructor Servicio in class Servicio cannot be applied to given types;
        servicios.add(new Servicio(6L, "Pintura", "Pintura de interiores y exteriores", "Pintura", 45.0, "Pintor.jpg", true, 5));
                      ^
  required: no arguments
  found:    long,String,String,String,double,String,boolean,int
  reason: actual and formal argument lists differ in length
C:\Users\mauri\Downloads\Proyecto-Web-ServiGo-main\src\main\java\com\ServiGo\servigo\repository\ServicioRepository.java:31: error: cannot find symbol
        return servicios.stream().filter(s -> s.getId().equals(id)).findFirst();
                                               ^
  symbol:   method getId()
  location: variable s of type Servicio
C:\Users\mauri\Downloads\Proyecto-Web-ServiGo-main\src\main\java\com\ServiGo\servigo\repository\ServicioRepository.java:35: error: cannot find symbol
        if (servicio.getId() == null) {
                    ^
  symbol:   method getId()
  location: variable servicio of type Servicio
C:\Users\mauri\Downloads\Proyecto-Web-ServiGo-main\src\main\java\com\ServiGo\servigo\repository\ServicioRepository.java:36: error: cannot find symbol
            servicio.setId(idCounter++);
                    ^
  symbol:   method setId(Long)
  location: variable servicio of type Servicio
C:\Users\mauri\Downloads\Proyecto-Web-ServiGo-main\src\main\java\com\ServiGo\servigo\repository\ServicioRepository.java:38: error: cannot find symbol
        servicios.removeIf(s -> s.getId().equals(servicio.getId()));
                                 ^
  symbol:   method getId()
  location: variable s of type Servicio
C:\Users\mauri\Downloads\Proyecto-Web-ServiGo-main\src\main\java\com\ServiGo\servigo\repository\ServicioRepository.java:38: error: cannot find symbol
        servicios.removeIf(s -> s.getId().equals(servicio.getId()));
                                                         ^
  symbol:   method getId()
  location: variable servicio of type Servicio
C:\Users\mauri\Downloads\Proyecto-Web-ServiGo-main\src\main\java\com\ServiGo\servigo\repository\ServicioRepository.java:44: error: cannot find symbol
        servicios.removeIf(s -> s.getId().equals(id));
                                 ^
  symbol:   method getId()
  location: variable s of type Servicio
C:\Users\mauri\Downloads\Proyecto-Web-ServiGo-main\src\main\java\com\ServiGo\servigo\repository\NotificacionRepository.java:18: error: constructor Notificacion in class Notificacion cannot be applied to given types;
        notificaciones.add(new Notificacion(1L, "Nueva Oferta", "Descuento 20% en servicios de limpieza", "oferta", LocalDateTime.now().minusHours(2), false, 1L));
                           ^
  required: no arguments
  found:    long,String,String,String,LocalDateTime,boolean,long
  reason: actual and formal argument lists differ in length
C:\Users\mauri\Downloads\Proyecto-Web-ServiGo-main\src\main\java\com\ServiGo\servigo\repository\NotificacionRepository.java:19: error: constructor Notificacion in class Notificacion cannot be applied to given types;
        notificaciones.add(new Notificacion(2L, "Servicio Completado", "Tu servicio de plomer�a ha sido completado", "alerta", LocalDateTime.now().minusHours(5), true, 1L));
                           ^
  required: no arguments
  found:    long,String,String,String,LocalDateTime,boolean,long
  reason: actual and formal argument lists differ in length
C:\Users\mauri\Downloads\Proyecto-Web-ServiGo-main\src\main\java\com\ServiGo\servigo\repository\NotificacionRepository.java:20: error: constructor Notificacion in class Notificacion cannot be applied to given types;
        notificaciones.add(new Notificacion(3L, "Nuevo Mensaje", "Mar�a Garc�a te envi� un mensaje", "mensaje", LocalDateTime.now().minusMinutes(30), false, 1L));
                           ^
  required: no arguments
  found:    long,String,String,String,LocalDateTime,boolean,long
  reason: actual and formal argument lists differ in length
C:\Users\mauri\Downloads\Proyecto-Web-ServiGo-main\src\main\java\com\ServiGo\servigo\repository\NotificacionRepository.java:21: error: constructor Notificacion in class Notificacion cannot be applied to given types;
        notificaciones.add(new Notificacion(4L, "Recordatorio", "No olvides calificar el servicio", "alerta", LocalDateTime.now().minusHours(1), false, 1L));
                           ^
  required: no arguments
  found:    long,String,String,String,LocalDateTime,boolean,long
  reason: actual and formal argument lists differ in length
C:\Users\mauri\Downloads\Proyecto-Web-ServiGo-main\src\main\java\com\ServiGo\servigo\repository\NotificacionRepository.java:30: error: cannot find symbol
        return notificaciones.stream().filter(n -> n.getId().equals(id)).findFirst();
                                                    ^
  symbol:   method getId()
  location: variable n of type Notificacion
C:\Users\mauri\Downloads\Proyecto-Web-ServiGo-main\src\main\java\com\ServiGo\servigo\repository\NotificacionRepository.java:34: error: cannot find symbol
        return notificaciones.stream().filter(n -> n.getUsuarioId().equals(usuarioId)).toList();
                                                    ^
  symbol:   method getUsuarioId()
  location: variable n of type Notificacion
C:\Users\mauri\Downloads\Proyecto-Web-ServiGo-main\src\main\java\com\ServiGo\servigo\repository\NotificacionRepository.java:39: error: cannot find symbol
            .filter(n -> n.getUsuarioId().equals(usuarioId) && !n.getLeida())
                          ^
  symbol:   method getUsuarioId()
  location: variable n of type Notificacion
C:\Users\mauri\Downloads\Proyecto-Web-ServiGo-main\src\main\java\com\ServiGo\servigo\repository\NotificacionRepository.java:39: error: cannot find symbol
            .filter(n -> n.getUsuarioId().equals(usuarioId) && !n.getLeida())
                                                                 ^
  symbol:   method getLeida()
  location: variable n of type Notificacion
C:\Users\mauri\Downloads\Proyecto-Web-ServiGo-main\src\main\java\com\ServiGo\servigo\repository\NotificacionRepository.java:44: error: cannot find symbol
        if (notificacion.getId() == null) {
                        ^
  symbol:   method getId()
  location: variable notificacion of type Notificacion
C:\Users\mauri\Downloads\Proyecto-Web-ServiGo-main\src\main\java\com\ServiGo\servigo\repository\NotificacionRepository.java:45: error: cannot find symbol
            notificacion.setId(idCounter++);
                        ^
  symbol:   method setId(Long)
  location: variable notificacion of type Notificacion
C:\Users\mauri\Downloads\Proyecto-Web-ServiGo-main\src\main\java\com\ServiGo\servigo\repository\NotificacionRepository.java:47: error: cannot find symbol
        notificaciones.removeIf(n -> n.getId().equals(notificacion.getId()));
                                      ^
  symbol:   method getId()
  location: variable n of type Notificacion
C:\Users\mauri\Downloads\Proyecto-Web-ServiGo-main\src\main\java\com\ServiGo\servigo\repository\NotificacionRepository.java:47: error: cannot find symbol
        notificaciones.removeIf(n -> n.getId().equals(notificacion.getId()));
                                                                  ^
  symbol:   method getId()
  location: variable notificacion of type Notificacion
C:\Users\mauri\Downloads\Proyecto-Web-ServiGo-main\src\main\java\com\ServiGo\servigo\repository\NotificacionRepository.java:53: error: cannot find symbol
        notificaciones.removeIf(n -> n.getId().equals(id));
                                      ^
  symbol:   method getId()
  location: variable n of type Notificacion
C:\Users\mauri\Downloads\Proyecto-Web-ServiGo-main\src\main\java\com\ServiGo\servigo\controller\MensajeController.java:38: error: cannot find symbol
		long cid = contactos.stream().anyMatch(x -> x.getId().equals(conversacionId))
		                                             ^
  symbol:   method getId()
  location: variable x of type ContactoConversacion
C:\Users\mauri\Downloads\Proyecto-Web-ServiGo-main\src\main\java\com\ServiGo\servigo\controller\MensajeController.java:43: error: cannot find symbol
				.filter(x -> x.getId().equals(cid))
				              ^
  symbol:   method getId()
  location: variable x of type ContactoConversacion
C:\Users\mauri\Downloads\Proyecto-Web-ServiGo-main\src\main\java\com\ServiGo\servigo\controller\MensajeController.java:69: error: constructor MensajeChat in class MensajeChat cannot be applied to given types;
		MensajeChat m = new MensajeChat(null, conversacionId, false, limpio, LocalDateTime.now());
		                ^
  required: no arguments
  found:    <null>,Long,boolean,String,LocalDateTime
  reason: actual and formal argument lists differ in length
C:\Users\mauri\Downloads\Proyecto-Web-ServiGo-main\src\main\java\com\ServiGo\servigo\controller\MensajeController.java:76: error: constructor ContactoConversacion in class ContactoConversacion cannot be applied to given types;
		lista.add(new ContactoConversacion(1L, "Carlos Ruiz", "Electricista",
		          ^
  required: no arguments
  found:    long,String,String,String,String,String
  reason: actual and formal argument lists differ in length
C:\Users\mauri\Downloads\Proyecto-Web-ServiGo-main\src\main\java\com\ServiGo\servigo\controller\MensajeController.java:78: error: constructor ContactoConversacion in class ContactoConversacion cannot be applied to given types;
		lista.add(new ContactoConversacion(2L, "Mar�a Garc�a", "Plomera",
		          ^
  required: no arguments
  found:    long,String,String,String,String,String
  reason: actual and formal argument lists differ in length
C:\Users\mauri\Downloads\Proyecto-Web-ServiGo-main\src\main\java\com\ServiGo\servigo\controller\MensajeController.java:80: error: constructor ContactoConversacion in class ContactoConversacion cannot be applied to given types;
		lista.add(new ContactoConversacion(3L, "Juan Rodr�guez", "Pintor",
		          ^
  required: no arguments
  found:    long,String,String,String,String,String
  reason: actual and formal argument lists differ in length
C:\Users\mauri\Downloads\Proyecto-Web-ServiGo-main\src\main\java\com\ServiGo\servigo\controller\MensajeController.java:83: error: cannot find symbol
			mensajeChatRepository.findTopByConversacionIdOrderByCreadoEnDesc(c.getId()).ifPresent(m -> {
			                                                                  ^
  symbol:   method getId()
  location: variable c of type ContactoConversacion
C:\Users\mauri\Downloads\Proyecto-Web-ServiGo-main\src\main\java\com\ServiGo\servigo\controller\MensajeController.java:128: error: cannot find symbol

  symbol:   variable HORA
  location: class MensajeController
C:\Users\mauri\Downloads\Proyecto-Web-ServiGo-main\src\main\java\com\ServiGo\servigo\controller\MensajeController.java:1: error: semanticdb-javac: com.sourcegraph.shaded.com.sourcegraph.semanticdb_javac.CompilationUnitException: file:///C:/Users/mauri/Downloads/Proyecto-Web-ServiGo-main/src/main/java/com/ServiGo/servigo/controller/MensajeController.java

package com.ServiGo.servigo.controller;
^
  Caused by: java.lang.StringIndexOutOfBoundsException: Index 4285 out of bounds for length 4224

  	at java.base/jdk.internal.util.Preconditions$1.apply(Preconditions.java:55)

  	at java.base/jdk.internal.util.Preconditions$1.apply(Preconditions.java:52)

  	at java.base/jdk.internal.util.Preconditions$4.apply(Preconditions.java:213)

  	at java.base/jdk.internal.util.Preconditions$4.apply(Preconditions.java:210)

  	at java.base/jdk.internal.util.Preconditions.outOfBounds(Preconditions.java:98)

  	at java.base/jdk.internal.util.Preconditions.outOfBoundsCheckIndex(Preconditions.java:106)

  	at java.base/jdk.internal.util.Preconditions.checkIndex(Preconditions.java:302)

  	at java.base/java.lang.String.checkIndex(String.java:4917)

  	at java.base/java.lang.StringUTF16.checkIndex(StringUTF16.java:1777)

  	at java.base/java.lang.StringUTF16.charAt(StringUTF16.java:1575)

  	at java.base/java.lang.String.charAt(String.java:1618)

  	at com.sourcegraph.shaded.com.sourcegraph.semanticdb_javac.SemanticdbVisitor.correctForTabs(SemanticdbVisitor.java:450)

  	at com.sourcegraph.shaded.com.sourcegraph.semanticdb_javac.SemanticdbVisitor.semanticdbRange(SemanticdbVisitor.java:435)

  	at com.sourcegraph.shaded.com.sourcegraph.semanticdb_javac.SemanticdbVisitor.emitSymbolOccurrence(SemanticdbVisitor.java:112)

  	at com.sourcegraph.shaded.com.sourcegraph.semanticdb_javac.SemanticdbVisitor.resolveMethodTree(SemanticdbVisitor.java:282)

  	at com.sourcegraph.shaded.com.sourcegraph.semanticdb_javac.SemanticdbVisitor.resolveNodes(SemanticdbVisitor.java:217)

  	at com.sourcegraph.shaded.com.sourcegraph.semanticdb_javac.SemanticdbVisitor.buildTextDocument(SemanticdbVisitor.java:96)

  	at com.sourcegraph.shaded.com.sourcegraph.semanticdb_javac.SemanticdbTaskListener.onFinishedAnalyze(SemanticdbTaskListener.java:116)

  	at com.sourcegraph.shaded.com.sourcegraph.semanticdb_javac.SemanticdbTaskListener.finished(SemanticdbTaskListener.java:79)

  	at jdk.compiler/com.sun.tools.javac.api.ClientCodeWrapper$WrappedTaskListener.finished(ClientCodeWrapper.java:876)

  	at jdk.compiler/com.sun.tools.javac.api.MultiTaskListener.finished(MultiTaskListener.java:133)

  	at jdk.compiler/com.sun.tools.javac.main.JavaCompiler.flow(JavaCompiler.java:1433)

  	at jdk.compiler/com.sun.tools.javac.main.JavaCompiler.flow(JavaCompiler.java:1390)

  	at jdk.compiler/com.sun.tools.javac.main.JavaCompiler.compile(JavaCompiler.java:978)

  	at jdk.compiler/com.sun.tools.javac.main.Main.compile(Main.java:319)

  	at jdk.compiler/com.sun.tools.javac.main.Main.compile(Main.java:178)

  	at jdk.compiler/com.sun.tools.javac.Main.compile(Main.java:66)

  	at jdk.compiler/com.sun.tools.javac.Main.main(Main.java:52)

C:\Users\mauri\Downloads\Proyecto-Web-ServiGo-main\src\main\java\com\ServiGo\servigo\repository\MensajeChatRepository.java:27: error: constructor MensajeChat in class MensajeChat cannot be applied to given types;
		mensajes.add(new MensajeChat(nextId(), 1L, true,
		             ^
  required: no arguments
  found:    Long,long,boolean,String,LocalDateTime
  reason: actual and formal argument lists differ in length
C:\Users\mauri\Downloads\Proyecto-Web-ServiGo-main\src\main\java\com\ServiGo\servigo\repository\MensajeChatRepository.java:29: error: constructor MensajeChat in class MensajeChat cannot be applied to given types;
		mensajes.add(new MensajeChat(nextId(), 1L, false,
		             ^
  required: no arguments
  found:    Long,long,boolean,String,LocalDateTime
  reason: actual and formal argument lists differ in length
C:\Users\mauri\Downloads\Proyecto-Web-ServiGo-main\src\main\java\com\ServiGo\servigo\repository\MensajeChatRepository.java:31: error: constructor MensajeChat in class MensajeChat cannot be applied to given types;
		mensajes.add(new MensajeChat(nextId(), 1L, true,
		             ^
  required: no arguments
  found:    Long,long,boolean,String,LocalDateTime
  reason: actual and formal argument lists differ in length
C:\Users\mauri\Downloads\Proyecto-Web-ServiGo-main\src\main\java\com\ServiGo\servigo\repository\MensajeChatRepository.java:33: error: constructor MensajeChat in class MensajeChat cannot be applied to given types;
		mensajes.add(new MensajeChat(nextId(), 1L, false,
		             ^
  required: no arguments
  found:    Long,long,boolean,String,LocalDateTime
  reason: actual and formal argument lists differ in length
C:\Users\mauri\Downloads\Proyecto-Web-ServiGo-main\src\main\java\com\ServiGo\servigo\repository\MensajeChatRepository.java:35: error: constructor MensajeChat in class MensajeChat cannot be applied to given types;
		mensajes.add(new MensajeChat(nextId(), 1L, true,
		             ^
  required: no arguments
  found:    Long,long,boolean,String,LocalDateTime
  reason: actual and formal argument lists differ in length
C:\Users\mauri\Downloads\Proyecto-Web-ServiGo-main\src\main\java\com\ServiGo\servigo\repository\MensajeChatRepository.java:39: error: constructor MensajeChat in class MensajeChat cannot be applied to given types;
		mensajes.add(new MensajeChat(nextId(), 2L, true,
		             ^
  required: no arguments
  found:    Long,long,boolean,String,LocalDateTime
  reason: actual and formal argument lists differ in length
C:\Users\mauri\Downloads\Proyecto-Web-ServiGo-main\src\main\java\com\ServiGo\servigo\repository\MensajeChatRepository.java:43: error: constructor MensajeChat in class MensajeChat cannot be applied to given types;
		mensajes.add(new MensajeChat(nextId(), 3L, true,
		             ^
  required: no arguments
  found:    Long,long,boolean,String,LocalDateTime
  reason: actual and formal argument lists differ in length
C:\Users\mauri\Downloads\Proyecto-Web-ServiGo-main\src\main\java\com\ServiGo\servigo\repository\MensajeChatRepository.java:53: error: cannot find symbol
				.filter(m -> m.getConversacionId().equals(conversacionId))
				              ^
  symbol:   method getConversacionId()
  location: variable m of type MensajeChat
C:\Users\mauri\Downloads\Proyecto-Web-ServiGo-main\src\main\java\com\ServiGo\servigo\repository\MensajeChatRepository.java:54: error: invalid method reference
				.sorted(Comparator.comparing(MensajeChat::getCreadoEn))
				                             ^
  cannot find symbol
    symbol:   method getCreadoEn()
    location: class MensajeChat
C:\Users\mauri\Downloads\Proyecto-Web-ServiGo-main\src\main\java\com\ServiGo\servigo\repository\MensajeChatRepository.java:60: error: cannot find symbol
				.filter(m -> m.getConversacionId().equals(conversacionId))
				              ^
  symbol:   method getConversacionId()
  location: variable m of type MensajeChat
C:\Users\mauri\Downloads\Proyecto-Web-ServiGo-main\src\main\java\com\ServiGo\servigo\repository\MensajeChatRepository.java:61: error: invalid method reference
				.max(Comparator.comparing(MensajeChat::getCreadoEn));
				                          ^
  cannot find symbol
    symbol:   method getCreadoEn()
    location: class MensajeChat
C:\Users\mauri\Downloads\Proyecto-Web-ServiGo-main\src\main\java\com\ServiGo\servigo\repository\MensajeChatRepository.java:65: error: cannot find symbol
		if (m.getId() == null) {
		     ^
  symbol:   method getId()
  location: variable m of type MensajeChat
C:\Users\mauri\Downloads\Proyecto-Web-ServiGo-main\src\main\java\com\ServiGo\servigo\repository\MensajeChatRepository.java:66: error: cannot find symbol
			m.setId(idCounter++);
			 ^
  symbol:   method setId(Long)
  location: variable m of type MensajeChat
80 errors.
2026.05.12 16:01:25 WARN  Unexpected javac output: C:\Users\mauri\Downloads\Proyecto-Web-ServiGo-main\src\main\java\com\ServiGo\servigo\model\Usuario.java:8: error: cannot find symbol
@Entity
 ^
  symbol: class Entity
C:\Users\mauri\Downloads\Proyecto-Web-ServiGo-main\src\main\java\com\ServiGo\servigo\model\Usuario.java:9: error: cannot find symbol
@Table(name = "usuarios")
 ^
  symbol: class Table
C:\Users\mauri\Downloads\Proyecto-Web-ServiGo-main\src\main\java\com\ServiGo\servigo\model\Usuario.java:3: error: package jakarta.persistence does not exist
import jakarta.persistence.*;
              ^
C:\Users\mauri\Downloads\Proyecto-Web-ServiGo-main\src\main\java\com\ServiGo\servigo\model\Notificacion.java:9: error: cannot find symbol
@Entity
 ^
  symbol: class Entity
C:\Users\mauri\Downloads\Proyecto-Web-ServiGo-main\src\main\java\com\ServiGo\servigo\model\Notificacion.java:10: error: cannot find symbol
@Table(name = "notificaciones")
 ^
  symbol: class Table
C:\Users\mauri\Downloads\Proyecto-Web-ServiGo-main\src\main\java\com\ServiGo\servigo\model\Servicio.java:8: error: cannot find symbol
@Entity
 ^
  symbol: class Entity
C:\Users\mauri\Downloads\Proyecto-Web-ServiGo-main\src\main\java\com\ServiGo\servigo\model\Servicio.java:9: error: cannot find symbol
@Table(name = "servicios")
 ^
  symbol: class Table
C:\Users\mauri\Downloads\Proyecto-Web-ServiGo-main\src\main\java\com\ServiGo\servigo\model\Notificacion.java:3: error: package jakarta.persistence does not exist
import jakarta.persistence.*;
              ^
C:\Users\mauri\Downloads\Proyecto-Web-ServiGo-main\src\main\java\com\ServiGo\servigo\model\Servicio.java:3: error: package jakarta.persistence does not exist
import jakarta.persistence.*;
              ^
C:\Users\mauri\Downloads\Proyecto-Web-ServiGo-main\src\main\java\com\ServiGo\servigo\model\Usuario.java:14: error: cannot find symbol
    @Id
     ^
  symbol:   class Id
  location: class Usuario
C:\Users\mauri\Downloads\Proyecto-Web-ServiGo-main\src\main\java\com\ServiGo\servigo\model\Usuario.java:15: error: cannot find symbol
    @GeneratedValue(strategy = GenerationType.IDENTITY)
     ^
  symbol:   class GeneratedValue
  location: class Usuario
C:\Users\mauri\Downloads\Proyecto-Web-ServiGo-main\src\main\java\com\ServiGo\servigo\model\Usuario.java:15: error: cannot find symbol
    @GeneratedValue(strategy = GenerationType.IDENTITY)
                               ^
  symbol:   variable GenerationType
  location: class Usuario
C:\Users\mauri\Downloads\Proyecto-Web-ServiGo-main\src\main\java\com\ServiGo\servigo\model\Notificacion.java:15: error: cannot find symbol
    @Id
     ^
  symbol:   class Id
  location: class Notificacion
C:\Users\mauri\Downloads\Proyecto-Web-ServiGo-main\src\main\java\com\ServiGo\servigo\model\Notificacion.java:16: error: cannot find symbol
    @GeneratedValue(strategy = GenerationType.IDENTITY)
     ^
  symbol:   class GeneratedValue
  location: class Notificacion
C:\Users\mauri\Downloads\Proyecto-Web-ServiGo-main\src\main\java\com\ServiGo\servigo\model\Notificacion.java:16: error: cannot find symbol
    @GeneratedValue(strategy = GenerationType.IDENTITY)
                               ^
  symbol:   variable GenerationType
  location: class Notificacion
C:\Users\mauri\Downloads\Proyecto-Web-ServiGo-main\src\main\java\com\ServiGo\servigo\model\Servicio.java:14: error: cannot find symbol
    @Id
     ^
  symbol:   class Id
  location: class Servicio
C:\Users\mauri\Downloads\Proyecto-Web-ServiGo-main\src\main\java\com\ServiGo\servigo\model\Servicio.java:15: error: cannot find symbol
    @GeneratedValue(strategy = GenerationType.IDENTITY)
     ^
  symbol:   class GeneratedValue
  location: class Servicio
C:\Users\mauri\Downloads\Proyecto-Web-ServiGo-main\src\main\java\com\ServiGo\servigo\model\Servicio.java:15: error: cannot find symbol
    @GeneratedValue(strategy = GenerationType.IDENTITY)
                               ^
  symbol:   variable GenerationType
  location: class Servicio
WARNING: A terminally deprecated method in sun.misc.Unsafe has been called
WARNING: sun.misc.Unsafe::arrayBaseOffset has been called by com.sourcegraph.shaded.com.google.protobuf.UnsafeUtil$MemoryAccessor (file:/C:/Users/mauri/AppData/Local/bloop/cache/semanticdb/com.sourcegraph.semanticdb-javac.0.11.2/semanticdb-javac-0.11.2.jar)
WARNING: Please consider reporting this to the maintainers of class com.sourcegraph.shaded.com.google.protobuf.UnsafeUtil$MemoryAccessor
WARNING: sun.misc.Unsafe::arrayBaseOffset will be removed in a future release
C:\Users\mauri\Downloads\Proyecto-Web-ServiGo-main\src\main\java\com\ServiGo\servigo\controller\AuthController.java:46: error: constructor Usuario in class Usuario cannot be applied to given types;
        Usuario usuario = new Usuario(
                          ^
  required: no arguments
  found:    <null>,String,String,telefono ![...] : "",dni != nul[...] : "",fechaNacim[...] : "",direccion [...] : "",distrito ![...] : "",String,String,boolean,String
  reason: actual and formal argument lists differ in length
C:\Users\mauri\Downloads\Proyecto-Web-ServiGo-main\src\main\java\com\ServiGo\servigo\controller\AuthController.java:78: error: cannot find symbol
        if (usuarioOpt.isPresent() && usuarioOpt.get().getPassword().equals(password)) {
                                                      ^
  symbol:   method getPassword()
  location: class Usuario
C:\Users\mauri\Downloads\Proyecto-Web-ServiGo-main\src\main\java\com\ServiGo\servigo\repository\UsuarioRepository.java:17: error: constructor Usuario in class Usuario cannot be applied to given types;
        usuarios.add(new Usuario(1L, "Juan P�rez", "juan@gmail.com", "555-0001", "40123456", "1990-05-10", "Jr. Los Olivos 120", "Lima", "cliente", "juan.jpg", true, "juan123"));
                     ^
  required: no arguments
  found:    long,String,String,String,String,String,String,String,String,String,boolean,String
  reason: actual and formal argument lists differ in length
C:\Users\mauri\Downloads\Proyecto-Web-ServiGo-main\src\main\java\com\ServiGo\servigo\repository\UsuarioRepository.java:18: error: constructor Usuario in class Usuario cannot be applied to given types;
        usuarios.add(new Usuario(2L, "Mar�a Garc�a", "maria@gmail.com", "555-0002", "40234567", "1988-03-22", "Av. Arequipa 450", "Miraflores", "proveedor", "maria.jpg", true, "maria123"));
                     ^
  required: no arguments
  found:    long,String,String,String,String,String,String,String,String,String,boolean,String
  reason: actual and formal argument lists differ in length
C:\Users\mauri\Downloads\Proyecto-Web-ServiGo-main\src\main\java\com\ServiGo\servigo\repository\UsuarioRepository.java:19: error: constructor Usuario in class Usuario cannot be applied to given types;
        usuarios.add(new Usuario(3L, "Carlos L�pez", "carlos@gmail.com", "555-0003", "40345678", "1992-11-01", "Calle Las Flores 88", "Surco", "proveedor", "carlos.jpg", true, "carlos123"));
                     ^
  required: no arguments
  found:    long,String,String,String,String,String,String,String,String,String,boolean,String
  reason: actual and formal argument lists differ in length
C:\Users\mauri\Downloads\Proyecto-Web-ServiGo-main\src\main\java\com\ServiGo\servigo\repository\UsuarioRepository.java:20: error: constructor Usuario in class Usuario cannot be applied to given types;
        usuarios.add(new Usuario(4L, "Ana Mart�nez", "ana@gmail.com", "555-0004", "40456789", "1995-07-18", "Psje. Primavera 5", "San Borja", "cliente", "ana.jpg", true, "ana123"));
                     ^
  required: no arguments
  found:    long,String,String,String,String,String,String,String,String,String,boolean,String
  reason: actual and formal argument lists differ in length
C:\Users\mauri\Downloads\Proyecto-Web-ServiGo-main\src\main\java\com\ServiGo\servigo\repository\UsuarioRepository.java:29: error: cannot find symbol
        return usuarios.stream().filter(u -> u.getId().equals(id)).findFirst();
                                              ^
  symbol:   method getId()
  location: variable u of type Usuario
C:\Users\mauri\Downloads\Proyecto-Web-ServiGo-main\src\main\java\com\ServiGo\servigo\repository\UsuarioRepository.java:33: error: cannot find symbol
        return usuarios.stream().filter(u -> u.getEmail().equals(email)).findFirst();
                                              ^
  symbol:   method getEmail()
  location: variable u of type Usuario
C:\Users\mauri\Downloads\Proyecto-Web-ServiGo-main\src\main\java\com\ServiGo\servigo\repository\UsuarioRepository.java:37: error: cannot find symbol
        return usuarios.stream().filter(u -> u.getRol().equals(rol)).toList();
                                              ^
  symbol:   method getRol()
  location: variable u of type Usuario
C:\Users\mauri\Downloads\Proyecto-Web-ServiGo-main\src\main\java\com\ServiGo\servigo\repository\UsuarioRepository.java:41: error: cannot find symbol
        if (usuario.getId() == null) {
                   ^
  symbol:   method getId()
  location: variable usuario of type Usuario
C:\Users\mauri\Downloads\Proyecto-Web-ServiGo-main\src\main\java\com\ServiGo\servigo\repository\UsuarioRepository.java:42: error: cannot find symbol
            usuario.setId(idCounter++);
                   ^
  symbol:   method setId(Long)
  location: variable usuario of type Usuario
C:\Users\mauri\Downloads\Proyecto-Web-ServiGo-main\src\main\java\com\ServiGo\servigo\repository\UsuarioRepository.java:44: error: cannot find symbol
        usuarios.removeIf(u -> u.getId().equals(usuario.getId()));
                                ^
  symbol:   method getId()
  location: variable u of type Usuario
C:\Users\mauri\Downloads\Proyecto-Web-ServiGo-main\src\main\java\com\ServiGo\servigo\repository\UsuarioRepository.java:44: error: cannot find symbol
        usuarios.removeIf(u -> u.getId().equals(usuario.getId()));
                                                       ^
  symbol:   method getId()
  location: variable usuario of type Usuario
C:\Users\mauri\Downloads\Proyecto-Web-ServiGo-main\src\main\java\com\ServiGo\servigo\repository\UsuarioRepository.java:50: error: cannot find symbol
        usuarios.removeIf(u -> u.getId().equals(id));
                                ^
  symbol:   method getId()
  location: variable u of type Usuario
C:\Users\mauri\Downloads\Proyecto-Web-ServiGo-main\src\main\java\com\ServiGo\servigo\controller\GeneralController.java:1: error: semanticdb-javac: com.sourcegraph.shaded.com.sourcegraph.semanticdb_javac.CompilationUnitException: file:///C:/Users/mauri/Downloads/Proyecto-Web-ServiGo-main/src/main/java/com/ServiGo/servigo/controller/GeneralController.java

package com.ServiGo.servigo.controller;
^
  Caused by: java.lang.StringIndexOutOfBoundsException: Index 558 out of bounds for length 531

  	at java.base/jdk.internal.util.Preconditions$1.apply(Preconditions.java:55)

  	at java.base/jdk.internal.util.Preconditions$1.apply(Preconditions.java:52)

  	at java.base/jdk.internal.util.Preconditions$4.apply(Preconditions.java:213)

  	at java.base/jdk.internal.util.Preconditions$4.apply(Preconditions.java:210)

  	at java.base/jdk.internal.util.Preconditions.outOfBounds(Preconditions.java:98)

  	at java.base/jdk.internal.util.Preconditions.outOfBoundsCheckIndex(Preconditions.java:106)

  	at java.base/jdk.internal.util.Preconditions.checkIndex(Preconditions.java:302)

  	at java.base/java.lang.String.checkIndex(String.java:4917)

  	at java.base/java.lang.StringLatin1.charAt(StringLatin1.java:46)

  	at java.base/java.lang.String.charAt(String.java:1616)

  	at com.sourcegraph.shaded.com.sourcegraph.semanticdb_javac.SemanticdbVisitor.correctForTabs(SemanticdbVisitor.java:450)

  	at com.sourcegraph.shaded.com.sourcegraph.semanticdb_javac.SemanticdbVisitor.semanticdbRange(SemanticdbVisitor.java:435)

  	at com.sourcegraph.shaded.com.sourcegraph.semanticdb_javac.SemanticdbVisitor.emitSymbolOccurrence(SemanticdbVisitor.java:112)

  	at com.sourcegraph.shaded.com.sourcegraph.semanticdb_javac.SemanticdbVisitor.resolveIdentifierTree(SemanticdbVisitor.java:318)

  	at com.sourcegraph.shaded.com.sourcegraph.semanticdb_javac.SemanticdbVisitor.resolveNodes(SemanticdbVisitor.java:221)

  	at com.sourcegraph.shaded.com.sourcegraph.semanticdb_javac.SemanticdbVisitor.buildTextDocument(SemanticdbVisitor.java:96)

  	at com.sourcegraph.shaded.com.sourcegraph.semanticdb_javac.SemanticdbTaskListener.onFinishedAnalyze(SemanticdbTaskListener.java:116)

  	at com.sourcegraph.shaded.com.sourcegraph.semanticdb_javac.SemanticdbTaskListener.finished(SemanticdbTaskListener.java:79)

  	at jdk.compiler/com.sun.tools.javac.api.ClientCodeWrapper$WrappedTaskListener.finished(ClientCodeWrapper.java:876)

  	at jdk.compiler/com.sun.tools.javac.api.MultiTaskListener.finished(MultiTaskListener.java:133)

  	at jdk.compiler/com.sun.tools.javac.main.JavaCompiler.flow(JavaCompiler.java:1433)

  	at jdk.compiler/com.sun.tools.javac.main.JavaCompiler.flow(JavaCompiler.java:1390)

  	at jdk.compiler/com.sun.tools.javac.main.JavaCompiler.compile(JavaCompiler.java:978)

  	at jdk.compiler/com.sun.tools.javac.main.Main.compile(Main.java:319)

  	at jdk.compiler/com.sun.tools.javac.main.Main.compile(Main.java:178)

  	at jdk.compiler/com.sun.tools.javac.Main.compile(Main.java:66)

  	at jdk.compiler/com.sun.tools.javac.Main.main(Main.java:52)

C:\Users\mauri\Downloads\Proyecto-Web-ServiGo-main\src\main\java\com\ServiGo\servigo\repository\ServicioRepository.java:17: error: constructor Servicio in class Servicio cannot be applied to given types;
        servicios.add(new Servicio(1L, "Reparaci�n de Plomer�a", "Reparaci�n y mantenimiento de tuber�as", "Plomer�a", 50.0, "plomeria.jpg", true, 4));
                      ^
  required: no arguments
  found:    long,String,String,String,double,String,boolean,int
  reason: actual and formal argument lists differ in length
C:\Users\mauri\Downloads\Proyecto-Web-ServiGo-main\src\main\java\com\ServiGo\servigo\repository\ServicioRepository.java:18: error: constructor Servicio in class Servicio cannot be applied to given types;
        servicios.add(new Servicio(2L, "Limpieza del Hogar", "Servicio de limpieza profunda", "Limpieza", 35.0, "limpiezadelHogar.JPG", true, 5));
                      ^
  required: no arguments
  found:    long,String,String,String,double,String,boolean,int
  reason: actual and formal argument lists differ in length
C:\Users\mauri\Downloads\Proyecto-Web-ServiGo-main\src\main\java\com\ServiGo\servigo\repository\ServicioRepository.java:19: error: constructor Servicio in class Servicio cannot be applied to given types;
        servicios.add(new Servicio(3L, "Electricista", "Reparaci�n de instalaciones el�ctricas", "Electricidad", 60.0, "Electricista.JPG", true, 4));
                      ^
  required: no arguments
  found:    long,String,String,String,double,String,boolean,int
  reason: actual and formal argument lists differ in length
C:\Users\mauri\Downloads\Proyecto-Web-ServiGo-main\src\main\java\com\ServiGo\servigo\repository\ServicioRepository.java:20: error: constructor Servicio in class Servicio cannot be applied to given types;
        servicios.add(new Servicio(4L, "Jardiner�a", "Mantenimiento de jardines y plantas", "Jardiner�a", 40.0, "Jardineria.jpg", true, 3));
                      ^
  required: no arguments
  found:    long,String,String,String,double,String,boolean,int
  reason: actual and formal argument lists differ in length
C:\Users\mauri\Downloads\Proyecto-Web-ServiGo-main\src\main\java\com\ServiGo\servigo\repository\ServicioRepository.java:21: error: constructor Servicio in class Servicio cannot be applied to given types;
        servicios.add(new Servicio(5L, "Reparaci�n de Electrodom�sticos", "Arreglo de neveras, lavadoras, etc", "Electrodom�sticos", 70.0, "ReparaciondeElectrodomesticos.jpg", true, 4));
                      ^
  required: no arguments
  found:    long,String,String,String,double,String,boolean,int
  reason: actual and formal argument lists differ in length
C:\Users\mauri\Downloads\Proyecto-Web-ServiGo-main\src\main\java\com\ServiGo\servigo\repository\ServicioRepository.java:22: error: constructor Servicio in class Servicio cannot be applied to given types;
        servicios.add(new Servicio(6L, "Pintura", "Pintura de interiores y exteriores", "Pintura", 45.0, "Pintor.jpg", true, 5));
                      ^
  required: no arguments
  found:    long,String,String,String,double,String,boolean,int
  reason: actual and formal argument lists differ in length
C:\Users\mauri\Downloads\Proyecto-Web-ServiGo-main\src\main\java\com\ServiGo\servigo\repository\ServicioRepository.java:31: error: cannot find symbol
        return servicios.stream().filter(s -> s.getId().equals(id)).findFirst();
                                               ^
  symbol:   method getId()
  location: variable s of type Servicio
C:\Users\mauri\Downloads\Proyecto-Web-ServiGo-main\src\main\java\com\ServiGo\servigo\repository\ServicioRepository.java:35: error: cannot find symbol
        if (servicio.getId() == null) {
                    ^
  symbol:   method getId()
  location: variable servicio of type Servicio
C:\Users\mauri\Downloads\Proyecto-Web-ServiGo-main\src\main\java\com\ServiGo\servigo\repository\ServicioRepository.java:36: error: cannot find symbol
            servicio.setId(idCounter++);
                    ^
  symbol:   method setId(Long)
  location: variable servicio of type Servicio
C:\Users\mauri\Downloads\Proyecto-Web-ServiGo-main\src\main\java\com\ServiGo\servigo\repository\ServicioRepository.java:38: error: cannot find symbol
        servicios.removeIf(s -> s.getId().equals(servicio.getId()));
                                 ^
  symbol:   method getId()
  location: variable s of type Servicio
C:\Users\mauri\Downloads\Proyecto-Web-ServiGo-main\src\main\java\com\ServiGo\servigo\repository\ServicioRepository.java:38: error: cannot find symbol
        servicios.removeIf(s -> s.getId().equals(servicio.getId()));
                                                         ^
  symbol:   method getId()
  location: variable servicio of type Servicio
C:\Users\mauri\Downloads\Proyecto-Web-ServiGo-main\src\main\java\com\ServiGo\servigo\repository\ServicioRepository.java:44: error: cannot find symbol
        servicios.removeIf(s -> s.getId().equals(id));
                                 ^
  symbol:   method getId()
  location: variable s of type Servicio
C:\Users\mauri\Downloads\Proyecto-Web-ServiGo-main\src\main\java\com\ServiGo\servigo\repository\NotificacionRepository.java:18: error: constructor Notificacion in class Notificacion cannot be applied to given types;
        notificaciones.add(new Notificacion(1L, "Nueva Oferta", "Descuento 20% en servicios de limpieza", "oferta", LocalDateTime.now().minusHours(2), false, 1L));
                           ^
  required: no arguments
  found:    long,String,String,String,LocalDateTime,boolean,long
  reason: actual and formal argument lists differ in length
C:\Users\mauri\Downloads\Proyecto-Web-ServiGo-main\src\main\java\com\ServiGo\servigo\repository\NotificacionRepository.java:19: error: constructor Notificacion in class Notificacion cannot be applied to given types;
        notificaciones.add(new Notificacion(2L, "Servicio Completado", "Tu servicio de plomer�a ha sido completado", "alerta", LocalDateTime.now().minusHours(5), true, 1L));
                           ^
  required: no arguments
  found:    long,String,String,String,LocalDateTime,boolean,long
  reason: actual and formal argument lists differ in length
C:\Users\mauri\Downloads\Proyecto-Web-ServiGo-main\src\main\java\com\ServiGo\servigo\repository\NotificacionRepository.java:20: error: constructor Notificacion in class Notificacion cannot be applied to given types;
        notificaciones.add(new Notificacion(3L, "Nuevo Mensaje", "Mar�a Garc�a te envi� un mensaje", "mensaje", LocalDateTime.now().minusMinutes(30), false, 1L));
                           ^
  required: no arguments
  found:    long,String,String,String,LocalDateTime,boolean,long
  reason: actual and formal argument lists differ in length
C:\Users\mauri\Downloads\Proyecto-Web-ServiGo-main\src\main\java\com\ServiGo\servigo\repository\NotificacionRepository.java:21: error: constructor Notificacion in class Notificacion cannot be applied to given types;
        notificaciones.add(new Notificacion(4L, "Recordatorio", "No olvides calificar el servicio", "alerta", LocalDateTime.now().minusHours(1), false, 1L));
                           ^
  required: no arguments
  found:    long,String,String,String,LocalDateTime,boolean,long
  reason: actual and formal argument lists differ in length
C:\Users\mauri\Downloads\Proyecto-Web-ServiGo-main\src\main\java\com\ServiGo\servigo\repository\NotificacionRepository.java:30: error: cannot find symbol
        return notificaciones.stream().filter(n -> n.getId().equals(id)).findFirst();
                                                    ^
  symbol:   method getId()
  location: variable n of type Notificacion
C:\Users\mauri\Downloads\Proyecto-Web-ServiGo-main\src\main\java\com\ServiGo\servigo\repository\NotificacionRepository.java:34: error: cannot find symbol
        return notificaciones.stream().filter(n -> n.getUsuarioId().equals(usuarioId)).toList();
                                                    ^
  symbol:   method getUsuarioId()
  location: variable n of type Notificacion
C:\Users\mauri\Downloads\Proyecto-Web-ServiGo-main\src\main\java\com\ServiGo\servigo\repository\NotificacionRepository.java:39: error: cannot find symbol
            .filter(n -> n.getUsuarioId().equals(usuarioId) && !n.getLeida())
                          ^
  symbol:   method getUsuarioId()
  location: variable n of type Notificacion
C:\Users\mauri\Downloads\Proyecto-Web-ServiGo-main\src\main\java\com\ServiGo\servigo\repository\NotificacionRepository.java:39: error: cannot find symbol
            .filter(n -> n.getUsuarioId().equals(usuarioId) && !n.getLeida())
                                                                 ^
  symbol:   method getLeida()
  location: variable n of type Notificacion
C:\Users\mauri\Downloads\Proyecto-Web-ServiGo-main\src\main\java\com\ServiGo\servigo\repository\NotificacionRepository.java:44: error: cannot find symbol
        if (notificacion.getId() == null) {
                        ^
  symbol:   method getId()
  location: variable notificacion of type Notificacion
C:\Users\mauri\Downloads\Proyecto-Web-ServiGo-main\src\main\java\com\ServiGo\servigo\repository\NotificacionRepository.java:45: error: cannot find symbol
            notificacion.setId(idCounter++);
                        ^
  symbol:   method setId(Long)
  location: variable notificacion of type Notificacion
C:\Users\mauri\Downloads\Proyecto-Web-ServiGo-main\src\main\java\com\ServiGo\servigo\repository\NotificacionRepository.java:47: error: cannot find symbol
        notificaciones.removeIf(n -> n.getId().equals(notificacion.getId()));
                                      ^
  symbol:   method getId()
  location: variable n of type Notificacion
C:\Users\mauri\Downloads\Proyecto-Web-ServiGo-main\src\main\java\com\ServiGo\servigo\repository\NotificacionRepository.java:47: error: cannot find symbol
        notificaciones.removeIf(n -> n.getId().equals(notificacion.getId()));
                                                                  ^
  symbol:   method getId()
  location: variable notificacion of type Notificacion
C:\Users\mauri\Downloads\Proyecto-Web-ServiGo-main\src\main\java\com\ServiGo\servigo\repository\NotificacionRepository.java:53: error: cannot find symbol
        notificaciones.removeIf(n -> n.getId().equals(id));
                                      ^
  symbol:   method getId()
  location: variable n of type Notificacion
C:\Users\mauri\Downloads\Proyecto-Web-ServiGo-main\src\main\java\com\ServiGo\servigo\controller\MensajeController.java:38: error: cannot find symbol
		long cid = contactos.stream().anyMatch(x -> x.getId().equals(conversacionId))
		                                             ^
  symbol:   method getId()
  location: variable x of type ContactoConversacion
C:\Users\mauri\Downloads\Proyecto-Web-ServiGo-main\src\main\java\com\ServiGo\servigo\controller\MensajeController.java:43: error: cannot find symbol
				.filter(x -> x.getId().equals(cid))
				              ^
  symbol:   method getId()
  location: variable x of type ContactoConversacion
C:\Users\mauri\Downloads\Proyecto-Web-ServiGo-main\src\main\java\com\ServiGo\servigo\controller\MensajeController.java:69: error: constructor MensajeChat in class MensajeChat cannot be applied to given types;
		MensajeChat m = new MensajeChat(null, conversacionId, false, limpio, LocalDateTime.now());
		                ^
  required: no arguments
  found:    <null>,Long,boolean,String,LocalDateTime
  reason: actual and formal argument lists differ in length
C:\Users\mauri\Downloads\Proyecto-Web-ServiGo-main\src\main\java\com\ServiGo\servigo\controller\MensajeController.java:76: error: constructor ContactoConversacion in class ContactoConversacion cannot be applied to given types;
		lista.add(new ContactoConversacion(1L, "Carlos Ruiz", "Electricista",
		          ^
  required: no arguments
  found:    long,String,String,String,String,String
  reason: actual and formal argument lists differ in length
C:\Users\mauri\Downloads\Proyecto-Web-ServiGo-main\src\main\java\com\ServiGo\servigo\controller\MensajeController.java:78: error: constructor ContactoConversacion in class ContactoConversacion cannot be applied to given types;
		lista.add(new ContactoConversacion(2L, "Mar�a Garc�a", "Plomera",
		          ^
  required: no arguments
  found:    long,String,String,String,String,String
  reason: actual and formal argument lists differ in length
C:\Users\mauri\Downloads\Proyecto-Web-ServiGo-main\src\main\java\com\ServiGo\servigo\controller\MensajeController.java:80: error: constructor ContactoConversacion in class ContactoConversacion cannot be applied to given types;
		lista.add(new ContactoConversacion(3L, "Juan Rodr�guez", "Pintor",
		          ^
  required: no arguments
  found:    long,String,String,String,String,String
  reason: actual and formal argument lists differ in length
C:\Users\mauri\Downloads\Proyecto-Web-ServiGo-main\src\main\java\com\ServiGo\servigo\controller\MensajeController.java:83: error: cannot find symbol
			mensajeChatRepository.findTopByConversacionIdOrderByCreadoEnDesc(c.getId()).ifPresent(m -> {
			                                                                  ^
  symbol:   method getId()
  location: variable c of type ContactoConversacion
C:\Users\mauri\Downloads\Proyecto-Web-ServiGo-main\src\main\java\com\ServiGo\servigo\controller\MensajeController.java:128: error: cannot find symbol

  symbol:   variable HORA
  location: class MensajeController
C:\Users\mauri\Downloads\Proyecto-Web-ServiGo-main\src\main\java\com\ServiGo\servigo\controller\MensajeController.java:1: error: semanticdb-javac: com.sourcegraph.shaded.com.sourcegraph.semanticdb_javac.CompilationUnitException: file:///C:/Users/mauri/Downloads/Proyecto-Web-ServiGo-main/src/main/java/com/ServiGo/servigo/controller/MensajeController.java

package com.ServiGo.servigo.controller;
^
  Caused by: java.lang.StringIndexOutOfBoundsException: Index 4285 out of bounds for length 4224

  	at java.base/jdk.internal.util.Preconditions$1.apply(Preconditions.java:55)

  	at java.base/jdk.internal.util.Preconditions$1.apply(Preconditions.java:52)

  	at java.base/jdk.internal.util.Preconditions$4.apply(Preconditions.java:213)

  	at java.base/jdk.internal.util.Preconditions$4.apply(Preconditions.java:210)

  	at java.base/jdk.internal.util.Preconditions.outOfBounds(Preconditions.java:98)

  	at java.base/jdk.internal.util.Preconditions.outOfBoundsCheckIndex(Preconditions.java:106)

  	at java.base/jdk.internal.util.Preconditions.checkIndex(Preconditions.java:302)

  	at java.base/java.lang.String.checkIndex(String.java:4917)

  	at java.base/java.lang.StringUTF16.checkIndex(StringUTF16.java:1777)

  	at java.base/java.lang.StringUTF16.charAt(StringUTF16.java:1575)

  	at java.base/java.lang.String.charAt(String.java:1618)

  	at com.sourcegraph.shaded.com.sourcegraph.semanticdb_javac.SemanticdbVisitor.correctForTabs(SemanticdbVisitor.java:450)

  	at com.sourcegraph.shaded.com.sourcegraph.semanticdb_javac.SemanticdbVisitor.semanticdbRange(SemanticdbVisitor.java:435)

  	at com.sourcegraph.shaded.com.sourcegraph.semanticdb_javac.SemanticdbVisitor.emitSymbolOccurrence(SemanticdbVisitor.java:112)

  	at com.sourcegraph.shaded.com.sourcegraph.semanticdb_javac.SemanticdbVisitor.resolveMethodTree(SemanticdbVisitor.java:282)

  	at com.sourcegraph.shaded.com.sourcegraph.semanticdb_javac.SemanticdbVisitor.resolveNodes(SemanticdbVisitor.java:217)

  	at com.sourcegraph.shaded.com.sourcegraph.semanticdb_javac.SemanticdbVisitor.buildTextDocument(SemanticdbVisitor.java:96)

  	at com.sourcegraph.shaded.com.sourcegraph.semanticdb_javac.SemanticdbTaskListener.onFinishedAnalyze(SemanticdbTaskListener.java:116)

  	at com.sourcegraph.shaded.com.sourcegraph.semanticdb_javac.SemanticdbTaskListener.finished(SemanticdbTaskListener.java:79)

  	at jdk.compiler/com.sun.tools.javac.api.ClientCodeWrapper$WrappedTaskListener.finished(ClientCodeWrapper.java:876)

  	at jdk.compiler/com.sun.tools.javac.api.MultiTaskListener.finished(MultiTaskListener.java:133)

  	at jdk.compiler/com.sun.tools.javac.main.JavaCompiler.flow(JavaCompiler.java:1433)

  	at jdk.compiler/com.sun.tools.javac.main.JavaCompiler.flow(JavaCompiler.java:1390)

  	at jdk.compiler/com.sun.tools.javac.main.JavaCompiler.compile(JavaCompiler.java:978)

  	at jdk.compiler/com.sun.tools.javac.main.Main.compile(Main.java:319)

  	at jdk.compiler/com.sun.tools.javac.main.Main.compile(Main.java:178)

  	at jdk.compiler/com.sun.tools.javac.Main.compile(Main.java:66)

  	at jdk.compiler/com.sun.tools.javac.Main.main(Main.java:52)

C:\Users\mauri\Downloads\Proyecto-Web-ServiGo-main\src\main\java\com\ServiGo\servigo\repository\MensajeChatRepository.java:27: error: constructor MensajeChat in class MensajeChat cannot be applied to given types;
		mensajes.add(new MensajeChat(nextId(), 1L, true,
		             ^
  required: no arguments
  found:    Long,long,boolean,String,LocalDateTime
  reason: actual and formal argument lists differ in length
C:\Users\mauri\Downloads\Proyecto-Web-ServiGo-main\src\main\java\com\ServiGo\servigo\repository\MensajeChatRepository.java:29: error: constructor MensajeChat in class MensajeChat cannot be applied to given types;
		mensajes.add(new MensajeChat(nextId(), 1L, false,
		             ^
  required: no arguments
  found:    Long,long,boolean,String,LocalDateTime
  reason: actual and formal argument lists differ in length
C:\Users\mauri\Downloads\Proyecto-Web-ServiGo-main\src\main\java\com\ServiGo\servigo\repository\MensajeChatRepository.java:31: error: constructor MensajeChat in class MensajeChat cannot be applied to given types;
		mensajes.add(new MensajeChat(nextId(), 1L, true,
		             ^
  required: no arguments
  found:    Long,long,boolean,String,LocalDateTime
  reason: actual and formal argument lists differ in length
C:\Users\mauri\Downloads\Proyecto-Web-ServiGo-main\src\main\java\com\ServiGo\servigo\repository\MensajeChatRepository.java:33: error: constructor MensajeChat in class MensajeChat cannot be applied to given types;
		mensajes.add(new MensajeChat(nextId(), 1L, false,
		             ^
  required: no arguments
  found:    Long,long,boolean,String,LocalDateTime
  reason: actual and formal argument lists differ in length
C:\Users\mauri\Downloads\Proyecto-Web-ServiGo-main\src\main\java\com\ServiGo\servigo\repository\MensajeChatRepository.java:35: error: constructor MensajeChat in class MensajeChat cannot be applied to given types;
		mensajes.add(new MensajeChat(nextId(), 1L, true,
		             ^
  required: no arguments
  found:    Long,long,boolean,String,LocalDateTime
  reason: actual and formal argument lists differ in length
C:\Users\mauri\Downloads\Proyecto-Web-ServiGo-main\src\main\java\com\ServiGo\servigo\repository\MensajeChatRepository.java:39: error: constructor MensajeChat in class MensajeChat cannot be applied to given types;
		mensajes.add(new MensajeChat(nextId(), 2L, true,
		             ^
  required: no arguments
  found:    Long,long,boolean,String,LocalDateTime
  reason: actual and formal argument lists differ in length
C:\Users\mauri\Downloads\Proyecto-Web-ServiGo-main\src\main\java\com\ServiGo\servigo\repository\MensajeChatRepository.java:43: error: constructor MensajeChat in class MensajeChat cannot be applied to given types;
		mensajes.add(new MensajeChat(nextId(), 3L, true,
		             ^
  required: no arguments
  found:    Long,long,boolean,String,LocalDateTime
  reason: actual and formal argument lists differ in length
C:\Users\mauri\Downloads\Proyecto-Web-ServiGo-main\src\main\java\com\ServiGo\servigo\repository\MensajeChatRepository.java:53: error: cannot find symbol
				.filter(m -> m.getConversacionId().equals(conversacionId))
				              ^
  symbol:   method getConversacionId()
  location: variable m of type MensajeChat
C:\Users\mauri\Downloads\Proyecto-Web-ServiGo-main\src\main\java\com\ServiGo\servigo\repository\MensajeChatRepository.java:54: error: invalid method reference
				.sorted(Comparator.comparing(MensajeChat::getCreadoEn))
				                             ^
  cannot find symbol
    symbol:   method getCreadoEn()
    location: class MensajeChat
C:\Users\mauri\Downloads\Proyecto-Web-ServiGo-main\src\main\java\com\ServiGo\servigo\repository\MensajeChatRepository.java:60: error: cannot find symbol
				.filter(m -> m.getConversacionId().equals(conversacionId))
				              ^
  symbol:   method getConversacionId()
  location: variable m of type MensajeChat
C:\Users\mauri\Downloads\Proyecto-Web-ServiGo-main\src\main\java\com\ServiGo\servigo\repository\MensajeChatRepository.java:61: error: invalid method reference
				.max(Comparator.comparing(MensajeChat::getCreadoEn));
				                          ^
  cannot find symbol
    symbol:   method getCreadoEn()
    location: class MensajeChat
C:\Users\mauri\Downloads\Proyecto-Web-ServiGo-main\src\main\java\com\ServiGo\servigo\repository\MensajeChatRepository.java:65: error: cannot find symbol
		if (m.getId() == null) {
		     ^
  symbol:   method getId()
  location: variable m of type MensajeChat
C:\Users\mauri\Downloads\Proyecto-Web-ServiGo-main\src\main\java\com\ServiGo\servigo\repository\MensajeChatRepository.java:66: error: cannot find symbol
			m.setId(idCounter++);
			 ^
  symbol:   method setId(Long)
  location: variable m of type MensajeChat
80 errors.
2026.05.12 16:01:25 WARN  javac exited with exit code 1
2026.05.12 16:01:25 INFO  time: compiled servigo in 4.59s
2026.05.12 16:01:26 WARN  javac exited with exit code 1
2026.05.12 16:01:26 INFO  time: compiled servigo in 9.97s
2026.05.12 16:01:26 INFO  compiling servigo (17 java sources)
2026.05.12 16:01:32 WARN  javac exited with exit code 1
2026.05.12 16:01:32 INFO  time: compiled servigo in 5.78s
may. 12, 2026 11:34:17 P. M. org.eclipse.lsp4j.jsonrpc.services.GenericEndpoint notify
INFO: Unsupported notification method: $/setTrace
may. 12, 2026 11:37:29 P. M. org.eclipse.lsp4j.jsonrpc.services.GenericEndpoint notify
INFO: Unsupported notification method: $/setTrace
2026.05.12 23:43:17 INFO  Shutting down server
2026.05.12 23:43:17 INFO  Memory monitor stopped
2026.05.12 23:43:17 INFO  shutting down Metals
2026.05.12 23:43:21 INFO  Shut down connection with build server.
2026.05.12 23:43:24 ERROR Bloop 'bsp' command exited with code 1. Something may be wrong with the current configuration.
Running the [1mclean[0m sub-command to clear the working directory and remove caches might help.
If the error persists, please report the issue as a bug and attach a log with increased verbosity by passing [1m-v -v -v[0m.
2026.05.12 23:43:29 INFO  Shutting down server
2026.05.12 23:43:29 INFO  Memory monitor stopped
2026.05.12 23:43:29 INFO  shutting down Metals
2026.05.12 23:43:30 INFO  Shut down connection with build server.
2026.06.08 10:07:30 INFO  Started: Metals version 1.6.7 in folders 'C:\Users\mauri\Downloads\Proyecto-Web-ServiGo-main' for client Visual Studio Code 1.122.1.
2026.06.08 10:07:30 INFO  time: initialize in 0.12s
2026.06.08 10:07:30 INFO  Memory monitor started
2026.06.08 10:07:40 WARN  Using H2 2.4.240 which is newer than the version Flyway has been verified with. The latest verified version of H2 is 2.3.232.
2026.06.08 10:07:53 INFO  Attempting to connect to the build server...
2026.06.08 10:07:53 INFO  No running Bloop server found, starting one.
2026.06.08 10:08:07 INFO  Starting compilation server
2026.06.08 10:08:15 INFO  tracing is disabled for protocol BSP, to enable tracing of incoming and outgoing JSON messages create an empty file at C:\Users\mauri\Downloads\Proyecto-Web-ServiGo-main\.metals\bsp.trace.json or C:\Users\mauri\AppData\Local\scalameta\metals\cache\bsp.trace.json
2026.06.08 10:08:17 INFO  time: Connected to build server in 24s
2026.06.08 10:08:17 INFO  Connected to Build server: Bloop v2.0.19
2026.06.08 10:08:19 INFO  time: Imported build in 1.4s
2026.06.08 10:08:37 WARN  Using H2 2.4.240 which is newer than the version Flyway has been verified with. The latest verified version of H2 is 2.3.232.
2026.06.08 10:08:50 INFO  compiling servigo (17 java sources)
2026.06.08 10:09:16 WARN  javac exited with exit code 1
2026.06.08 10:09:16 INFO  time: compiled servigo in 26s
2026.06.08 10:09:16 INFO  compiling servigo (17 java sources)
2026.06.08 10:09:17 INFO  time: indexed workspace in 57s
2026.06.08 10:09:16 INFO  Deduplicating compilation of servigo from bsp client 'Metals 1.6.7' (since 1m 1.066s)
2026.06.08 10:09:16 INFO  compiling servigo (17 java sources)
2026.06.08 10:09:23 WARN  javac exited with exit code 1
2026.06.08 10:09:23 WARN  javac exited with exit code 1
2026.06.08 10:09:23 INFO  time: compiled servigo in 5.64s
jun. 08, 2026 10:10:03 A. M. org.eclipse.lsp4j.jsonrpc.services.GenericEndpoint notify
INFO: Unsupported notification method: $/setTrace
